Protocolo;data;hora;natureza;situacao;bairro;endereco;numero;detalhe_endereco_acidente;bairro_cruzamento;num_semaforo;sentido_via;tipo;auto;moto;ciclom;ciclista;pedestre;onibus;caminhao;viatura;outros;vitimas;vitimasfatais;acidente_verificado;tempo_clima;situacao_semaforo;sinalizacao;condicao_via;conservacao_via;ponto_controle;situacao_placa;velocidade_max_via;mao_direcao;divisao_via1;divisao_via2;divisao_via3
202201621;25/01/2022;;COM VÍTIMA;CANCELADA;CORDEIRO;RUA GOMES TABORDA;;AV GENERAL SAN MARTIN;CORDEIRO;;;COLISÃO FRONTAL;1;1;0;0;0;0;0;0;0;1;0;;;;;;;;;;;;;
202201622;25/01/2022;;SEM VÍTIMA;FINALIZADA;VÁRZEA;RUA GASTAO VIDIGAL;26;;VÁRZEA;281;CIDADE;COLISÃO TRANSVERSAL;1;0;0;0;0;0;0;1;0;0;0;Longo da via;Bom;Sem defeito;Perfeito estado;Seca;Perfeito estado;;Não há placas;;Dupla;Faixa seccionada;;
202201624;25/01/2022;;COM VÍTIMA;FINALIZADA;CASA AMARELA;AV NORTE MIGUEL ARRAES DE ALENCAR;5121;RUA BELA VISTA;CASA AMARELA;677;CIDADE;COLISÃO TRASEIRA;1;0;0;0;0;1;0;0;0;1;0;Cruzamento;Bom;Sem defeito;Perfeito estado;Seca;Perfeito estado;Faixa de pedestre;R-6a;;Dupla;Faixa seccionada;Canteiro central;
202201627;25/01/2022;;COM VÍTIMA;FINALIZADA;PRADO;RUA CARLOS GOMES;153;RUA RICARDO SALAZAR;PRADO;623;CIDADE;QUEDA;0;1;0;0;0;0;0;0;0;1;0;Longo da via;Bom;Sem defeito;Perfeito estado;Oleosa;Perfeito estado;Faixa de pedestre;"Placas ""Pare""";;Dupla;Faixa contínua;;
202201635;25/01/2022;;COM VÍTIMA;CANCELADA;BOA VIAGEM;RUA DR GASPAR REGUEIRA COSTA;57;RUA DOM JOSE LOPES;BOA VIAGEM;;;COLISÃO LATERAL;1;1;0;0;0;0;0;0;0;1;0;;;;;;;;;;;;;
202201638;25/01/2022;;COM VÍTIMA;FINALIZADA;CASA AMARELA;AV NORTE MIGUEL ARRAES DE ALENCAR;4413;;CASA AMARELA;364;CIDADE;COLISÃO LATERAL;1;0;0;0;0;1;0;0;0;1;0;Longo da via;Bom;Sem defeito;Perfeito estado;Seca;Perfeito estado;;Outras;60 km/h;Dupla;Faixa seccionada;;
202201655;25/01/2022;;SEM VÍTIMA;FINALIZADA;TAMARINEIRA;RUA JUNDIA;275;;TAMARINEIRA;;;CHOQUE;0;0;0;0;0;0;0;0;0;0;0;;;;;;;;;;;;;
202201659;25/01/2022;;COM VÍTIMA;FINALIZADA;ENCRUZILHADA;AV BEBERIBE;600;RUA DR EDUARDO WANDERLEY;ENCRUZILHADA;480;;COLISÃO LATERAL;1;1;0;0;0;0;0;0;0;1;0;Esquina;Bom;Sem defeito;Perfeito estado;Seca;Perfeito estado;Faixa de pedestre;Outras;;Dupla;Faixa seccionada;;
202201662;26/01/2022;;SEM VÍTIMA;FINALIZADA;PINA;AVENIDA CELSO FURTADO (VIA MANGUE);;;PINA;;;CAPOTAMENTO;1;0;0;0;0;0;0;0;0;0;0;;;;;;;;;;;;;
202201690;26/01/2022;;COM VÍTIMA;FINALIZADA;DERBY;AV GOVERNADOR AGAMENON MAGALHAES;;RUA JOAQUIM NABUCO;DERBY;147;BOA VIAGEM;ENGAVETAMENTO;2;0;0;0;0;1;0;0;0;1;0;Longo da via;Bom;Sem defeito;Perfeito estado;Seca;Perfeito estado;Faixa de pedestre;;60 km/h;Dupla;Canteiro central;;
202201708;26/01/2022;;COM VÍTIMA;FINALIZADA;IMBIRIBEIRA;AV PRESIDENTE DUTRA;;;IMBIRIBEIRA;;;COLISÃO COM CICLISTA;0;1;0;1;0;0;0;0;0;1;0;Longo da via;Bom;Não existe;Perfeito estado;Seca;Perfeito estado;Não existe;Não há placas;;Única;Faixa seccionada;;
202201712;26/01/2022;;COM VÍTIMA;FINALIZADA;BOA VISTA;RUA JOAQUIM FELIPE;60;;BOA VISTA;;CIDADE;COLISÃO LATERAL;1;1;0;0;0;0;0;0;0;1;0;Longo da via;Bom;Não existe;Perfeito estado;Seca;Perfeito estado;Não existe;Outras;;Única;Faixa seccionada;;
202201717;26/01/2022;;COM VÍTIMA;FINALIZADA;BREJO DA GUABIRABA;AV VEREADOR OTACILIO AZEVEDO;1120;RUA SENHOR DO BONFIM;BREJO DA GUABIRABA;;CIDADE;COLISÃO TRANSVERSAL;0;1;0;0;0;0;0;1;0;1;0;Cruzamento;Bom;Não existe;Não existente;Seca;Perfeito estado;Não existe;Não há placas;30 km/h;Dupla;Não existe;;
202201718;26/01/2022;;SEM VÍTIMA;FINALIZADA;IPSEP;AV SALDANHA MARINHO;345;;IPSEP;;;COLISÃO LATERAL;0;0;0;0;0;0;0;0;0;0;0;;;;;;;;;;;;;
202201723;26/01/2022;;COM VÍTIMA;FINALIZADA;CAJUEIRO;AV CIDADE DE MONTEIRO;;;CAJUEIRO;;;COLISÃO LATERAL;1;1;0;0;0;0;0;0;0;1;0;Longo da via;Bom;Não existe;Perfeito estado;Seca;Perfeito estado;Não existe;Não há placas;;Única;Faixa contínua;;
202201743;27/01/2022;;SEM VÍTIMA;FINALIZADA;CASA AMARELA;AV NORTE MIGUEL ARRAES DE ALENCAR;;;CASA AMARELA;;CIDADE;COLISÃO LATERAL;0;0;0;0;0;1;1;0;0;0;0;;;;;;;;;;;;;
202201744;27/01/2022;;COM VÍTIMA;FINALIZADA;BOA VIAGEM;AV CONSELHEIRO AGUIAR;82;RUA ARTUR MUNIZ;BOA VIAGEM;5;CIDADE;COLISÃO LATERAL;1;1;0;0;0;0;0;0;0;1;0;Cruzamento;Bom;Sem defeito;Perfeito estado;Molhada;Perfeito estado;Faixa de pedestre;Não há placas;;Única;Não existe;;
202201747;27/01/2022;;COM VÍTIMA;FINALIZADA;JAQUEIRA;AV RUI BARBOSA;1672;;JAQUEIRA;292;CIDADE;COLISÃO LATERAL;1;1;0;0;0;0;0;0;0;1;0;Longo da via;Bom;Sem defeito;Perfeito estado;Seca;Perfeito estado;;R-6a;40 km/h;Única;Faixa contínua;;
202201759;27/01/2022;;COM VÍTIMA;FINALIZADA;BOA VIAGEM;AV DOM JOAO VI;;;BOA VIAGEM;639;;COLISÃO TRASEIRA;1;1;0;0;0;0;0;0;0;1;0;Longo da via;Bom;Sem defeito;Perfeito estado;Molhada;Perfeito estado;Faixa de pedestre;Não há placas;;Única;Não existe;;
202201781;27/01/2022;;COM VÍTIMA;FINALIZADA;SANTO AMARO;AV DR JAYME DA FONTE;;AV GOVERNADOR AGAMENON MAGALHAES;SANTO AMARO;49;CIDADE;COLISÃO COM CICLISTA;1;0;0;1;0;0;0;0;0;1;0;Cruzamento;Chuvoso;Sem defeito;Perfeito estado;Seca;Perfeito estado;Faixa de pedestre;Não há placas;60 km/h;Dupla;Canteiro central;;
202201794;27/01/2022;;SEM VÍTIMA;FINALIZADA;APIPUCOS;AV DEZESSETE DE AGOSTO;;RUA MANDACARU;APIPUCOS;;;COLISÃO TRASEIRA;3;0;0;0;0;0;0;0;0;0;0;Longo da via;Bom;Sem defeito;Perfeito estado;Seca;Perfeito estado;;;60KM/H;Dupla;Faixa contínua;;
202201805;28/01/2022;;COM VÍTIMA;FINALIZADA;CAMPO GRANDE;RUA JERONIMO VILELA;86;EST DE BELEM;CAMPO GRANDE;;SUBURBIO;COLISÃO TRANSVERSAL;1;1;0;0;0;0;0;0;0;1;0;Longo da via;Bom;Não existe;Ilegível;Seca;Mal iluminada;Não existe;Não há placas;;Dupla;Faixa seccionada;;
202201826;28/01/2022;;COM VÍTIMA;FINALIZADA;IBURA;AV DOIS RIOS;;;IBURA;;;TOMBAMENTO;0;0;0;0;0;0;0;0;0;1;0;;;;;;;;;;;;;
202201827;28/01/2022;;SEM VÍTIMA;FINALIZADA;SÍTIO DOS PINTOS;RUA DO SITIO SAO BRAZ;61;;SÍTIO DOS PINTOS;;CIDADE;CHOQUE;1;0;0;0;0;0;1;0;0;0;0;Longo da via;Bom;Não existe;Perfeito estado;Seca;Perfeito estado;Não existe;Não há placas;30 km/h;Dupla;Não existe;;
202201849;28/01/2022;;SEM VÍTIMA;FINALIZADA;GRAÇAS;RUA DAS GRACAS;196;RUA DOM SEBASTIAO LEME;GRAÇAS;;;COLISÃO TRASEIRA;2;0;0;0;0;0;0;0;0;0;0;;;;;;;;;;;;;
202201868;28/01/2022;;SEM VÍTIMA;FINALIZADA;PINA;AVENIDA CELSO FURTADO (VIA MANGUE);;;PINA;;;CHOQUE;0;0;0;0;0;0;0;0;0;0;0;;;;;;;;;;;;;
202201873;29/01/2022;;SEM VÍTIMA;FINALIZADA;SANTO AMARO;AV GOVERNADOR AGAMENON MAGALHAES;;;SANTO AMARO;;SUBURBIO;COLISÃO LATERAL;2;0;0;0;0;0;0;0;0;0;0;;;;;;;;;;;;;
202201883;29/01/2022;;SEM VÍTIMA;FINALIZADA;IMBIRIBEIRA;AV GENERAL MAC ARTHUR;418;;IMBIRIBEIRA;;;CHOQUE;1;0;0;0;0;0;0;0;0;0;0;Longo da via;Chuvoso;Não existe;Perfeito estado;Seca;Perfeito estado;Não existe;R-6a;;Única;Faixa seccionada;;
202201894;29/01/2022;;COM VÍTIMA;FINALIZADA;PRADO;AV ENGENHEIRO ABDIAS DE CARVALHO;1233;RUA SANTA EDWIRGES;PRADO;354;CIDADE;COLISÃO TRASEIRA;3;0;0;0;0;0;0;0;0;1;0;Longo da via;Nublado;Sem defeito;Perfeito estado;Seca;Perfeito estado;Faixa de pedestre;Outras;40 km/h;Dupla;Canteiro central;;
202201905;29/01/2022;;COM VÍTIMA;FINALIZADA;CAXANGÁ;AV CAXANGA;;;CAXANGÁ;;;CHOQUE;0;1;0;0;0;0;0;0;0;1;0;;;;;;;;;;;;;
202201926;29/01/2022;;COM VÍTIMA;FINALIZADA;VÁRZEA;RUA RIBEIRO PESSOA;;;VÁRZEA;281;CIDADE;COLISÃO LATERAL;1;1;0;0;0;0;0;0;0;1;0;Longo da via;Nublado;Sem defeito;Perfeito estado;Seca;Perfeito estado;Faixa de pedestre;Não há placas;;Dupla;Faixa seccionada;;
202201979;30/01/2022;;COM VÍTIMA;FINALIZADA;CORDEIRO;AV CAXANGA;1220;RUA GREGORIO JUNIOR;CORDEIRO;236;SUBURBIO;COLISÃO LATERAL;0;1;0;0;0;1;0;0;0;2;0;Cruzamento;Bom;Sem defeito;Perfeito estado;Seca;Perfeito estado;Faixa de pedestre;R-25d;60 km/h;Dupla;Faixa contínua;Canteiro central;
202201982;30/01/2022;;COM VÍTIMA;FINALIZADA;PORTO DA MADEIRA;AV BEBERIBE;;LAD DO SAPOTI;PORTO DA MADEIRA;3677;;COLISÃO TRANSVERSAL;1;1;0;0;0;0;0;0;0;2;0;Cruzamento;Bom;Sem defeito;Perfeito estado;Seca;Perfeito estado;Não existe;Outras;;Dupla;Não existe;;
202201997;30/01/2022;;COM VÍTIMA;FINALIZADA;BOMBA DO HEMETÉRIO;RUA CHA DE ALEGRIA;20;;BOMBA DO HEMETÉRIO;;SUBURBIO;CHOQUE;1;0;0;0;0;0;0;0;0;2;0;Longo da via;Bom;Não existe;Perfeito estado;Seca;Mal conservada;Não existe;Outras;30 km/h;Dupla;Não existe;;
202202000;30/01/2022;;SEM VÍTIMA;FINALIZADA;PARNAMIRIM;EST DO ENCANAMENTO;;;PARNAMIRIM;;;COLISÃO TRASEIRA;2;0;0;0;0;0;0;0;0;0;0;;;;;;;;;;;;;
202202006;30/01/2022;;COM VÍTIMA;FINALIZADA;CAMPO GRANDE;EST DE BELEM;1335;;CAMPO GRANDE;;;ATROPELAMENTO DE ANIMAL;0;0;0;0;0;0;0;0;0;1;0;;;;;;;;;;;;;
202202007;30/01/2022;;SEM VÍTIMA;FINALIZADA;MADALENA;RUA DOM JOAO DE SOUZA;333;;MADALENA;;;CHOQUE;0;0;0;0;0;0;0;0;0;0;0;;;;;;;;;;;;;
202202010;30/01/2022;;COM VÍTIMA;FINALIZADA;CASA AMARELA;RUA OSCAR DE BARROS;150;RUA XAVANTES;CASA AMARELA;;;COLISÃO TRANSVERSAL;1;1;0;0;0;0;0;0;0;1;0;Cruzamento;Bom;Não existe;Perfeito estado;Seca;Perfeito estado;Faixa de retenção;R-6a;;Dupla;Não existe;;
202202012;30/01/2022;;SEM VÍTIMA;CANCELADA;BOMBA DO HEMETÉRIO;RUA PROFESSOR JOSE AMARINO DOS REIS;660;;BOMBA DO HEMETÉRIO;;;COLISÃO TRASEIRA;0;0;0;0;0;0;0;0;0;0;0;;;;;;;;;;;;;
202202032;31/01/2022;;COM VÍTIMA;FINALIZADA;JOANA BEZERRA;AV GOVERNADOR AGAMENON MAGALHAES;;;JOANA BEZERRA;;SUBURBIO;COLISÃO TRANSVERSAL;1;1;0;0;0;0;0;0;0;1;0;Viaduto;Bom;Não existe;Perfeito estado;Seca;Perfeito estado;Não existe;Não há placas;;Única;Faixa seccionada;;
202202035;31/01/2022;;VÍTIMA FATAL;FINALIZADA;CABANGA;VIADUTO CAPITAO TEMUDO;;;CABANGA;;SUBURBIO;COLISÃO LATERAL;1;1;0;0;0;0;0;0;0;0;1;Viaduto;Bom;Não existe;Perfeito estado;Seca;Perfeito estado;;Não há placas;60 km/h;Dupla;Canteiro central;;
202202046;31/01/2022;;SEM VÍTIMA;FINALIZADA;APIPUCOS;AV DEZESSETE DE AGOSTO;;;APIPUCOS;;;COLISÃO LATERAL;0;0;0;0;0;0;0;0;0;0;0;Longo da via;Bom;Sem defeito;Perfeito estado;Seca;Perfeito estado;;Outras;;Dupla;Faixa contínua;;
202202052;31/01/2022;;SEM VÍTIMA;CANCELADA;SANTO AMARO;RUA PRINCESA IZABEL;;;SANTO AMARO;;;COLISÃO LATERAL;2;0;0;0;0;0;0;0;0;0;0;;;;;;;;;;;;;
202202060;31/01/2022;;COM VÍTIMA;CANCELADA;BOA VISTA;AV CONDE DA BOA VISTA;;;BOA VISTA;;;COLISÃO FRONTAL;1;0;0;0;0;1;0;0;0;1;0;;;;;;;;;;;;;
202202064;31/01/2022;;COM VÍTIMA;FINALIZADA;AFOGADOS;AV SUL;;RUA ANTONIO MACARIO;AFOGADOS;;CIDADE;COLISÃO LATERAL;1;1;0;0;0;0;0;0;0;1;0;Longo da via;Bom;Não existe;Perfeito estado;Seca;Perfeito estado;Não existe;Não há placas;;Única;Faixa seccionada;;
202202066;31/01/2022;;COM VÍTIMA;FINALIZADA;ENCRUZILHADA;AV NORTE MIGUEL ARRAES DE ALENCAR;;;ENCRUZILHADA;665;SUBURBIO;COLISÃO LATERAL;1;1;0;0;0;0;0;0;0;1;0;Longo da via;Bom;Sem defeito;Perfeito estado;Seca;Perfeito estado;Faixa de pedestre;R-6a;;Dupla;Canteiro central;;
202202079;31/01/2022;;SEM VÍTIMA;CANCELADA;IPUTINGA;RUA DR VIRGINIO MARQUES;274;;IPUTINGA;;;CHOQUE;0;0;0;0;0;0;0;0;0;0;0;;;;;;;;;;;;;
202202082;31/01/2022;;SEM VÍTIMA;FINALIZADA;PINA;AV BOA VIAGEM;;;PINA;;CIDADE;COLISÃO TRASEIRA;2;0;0;0;0;0;0;0;0;0;0;;;;;;;;;;;;;
202202112;01/02/2022;;COM VÍTIMA;FINALIZADA;PARNAMIRIM;AV PARNAMIRIM;416;;PARNAMIRIM;;;QUEDA;0;1;0;0;0;1;0;0;0;1;0;Longo da via;Bom;Não existe;Perfeito estado;Seca;Perfeito estado;Outros;Outras;;Única;Faixa seccionada;;
202202135;01/02/2022;;COM VÍTIMA;FINALIZADA;IPSEP;RUA ITANAGE;11;;IPSEP;;SUBURBIO;COLISÃO TRASEIRA;1;1;0;0;0;0;0;0;0;1;0;Longo da via;Bom;Não existe;Perfeito estado;Seca;Perfeito estado;Não existe;Não há placas;;Dupla;Não existe;;
202202143;01/02/2022;;COM VÍTIMA;CANCELADA;CAXANGÁ;AV JOAQUIM RIBEIRO;1250;;CAXANGÁ;;;COLISÃO FRONTAL;1;1;0;0;0;0;0;0;0;1;0;;;;;;;;;;;;;
202202156;01/02/2022;;COM VÍTIMA;FINALIZADA;SÃO JOSÉ;C SANTA RITA;;;SÃO JOSÉ;571;CIDADE;ATROPELAMENTO DE PESSOA;0;0;0;0;1;1;0;0;0;1;0;Outros;Bom;Sem defeito;Incompleta;Seca;Mal conservada;Não existe;Não há placas;;Dupla;Outros;;
202202164;01/02/2022;;SEM VÍTIMA;FINALIZADA;JARDIM SÃO PAULO;AV SAO PAULO;426;;JARDIM SÃO PAULO;;;COLISÃO FRONTAL;1;1;0;0;0;0;0;0;0;0;0;;;;;;;;;;;;;
202202188;01/02/2022;;COM VÍTIMA;FINALIZADA;VÁRZEA;RUA DIOGO DE VASCONCELOS;608;;VÁRZEA;;CIDADE;COLISÃO TRASEIRA;5;0;0;0;0;1;0;0;0;1;0;Longo da via;Bom;Não existe;Ilegível;Seca;Perfeito estado;Não existe;Não há placas;;Dupla;Não existe;;
202202222;02/02/2022;;COM VÍTIMA;FINALIZADA;SANTO AMARO;AV GOVERNADOR AGAMENON MAGALHAES;;;SANTO AMARO;;;COLISÃO TRANSVERSAL;1;1;0;0;0;0;0;0;0;1;0;Longo da via;Bom;Sem defeito;Perfeito estado;Seca;Perfeito estado;Faixa de pedestre;Outras;;Dupla;Canteiro central;;
202202223;02/02/2022;;COM VÍTIMA;FINALIZADA;IMBIRIBEIRA;AV MARECHAL MASCARENHAS DE MORAES;3963;;IMBIRIBEIRA;;CIDADE;COLISÃO LATERAL;1;1;0;0;0;0;0;0;0;1;0;Longo da via;Bom;Não existe;Perfeito estado;Seca;Perfeito estado;Não existe;Não há placas;;Dupla;Canteiro central;;
202202238;02/02/2022;;COM VÍTIMA;FINALIZADA;PINA;AV ANTONIO DE GOES;534;RUA JOSE MARIANO FILHO;PINA;538;;COLISÃO FRONTAL;1;1;0;0;0;0;0;0;0;1;0;Cruzamento;Bom;Sem defeito;;Seca;Perfeito estado;Faixa de pedestre;R-19;60 km/h;Única;Faixa contínua;Faixa seccionada;Canteiro central
202202255;02/02/2022;;COM VÍTIMA;FINALIZADA;PARNAMIRIM;RUA JOAO TUDE DE MELO;;RUA VIRGINIA LORETO;PARNAMIRIM;649;CARREFOUR;COLISÃO LATERAL;1;1;0;0;0;0;0;0;1;1;0;Longo da via;Bom;Sem defeito;Perfeito estado;Seca;Perfeito estado;Não existe;Não há placas;;Única;Faixa contínua;;
202202257;02/02/2022;;COM VÍTIMA;FINALIZADA;IMBIRIBEIRA;AV MARECHAL MASCARENHAS DE MORAES;1681;;IMBIRIBEIRA;;CIDADE;COLISÃO LATERAL;1;1;0;0;0;0;0;0;0;1;0;Longo da via;Bom;Não existe;Perfeito estado;Seca;Perfeito estado;Não existe;Não há placas;;Única;Faixa seccionada;;
202202260;02/02/2022;;COM VÍTIMA;CANCELADA;IMBIRIBEIRA;AV MARECHAL MASCARENHAS DE MORAES;;;IMBIRIBEIRA;;;COLISÃO LATERAL;1;1;0;0;0;0;0;0;0;1;0;;;;;;;;;;;;;
202202263;02/02/2022;;COM VÍTIMA;FINALIZADA;CAMPO GRANDE;RUA JERONIMO VILELA;;RUA DR JOSE MACHADO;CAMPO GRANDE;565;CIDADE;COLISÃO LATERAL;1;1;0;0;0;0;0;0;0;1;0;Cruzamento;Bom;Desligado;Perfeito estado;Seca;Perfeito estado;Faixa de pedestre;R-6a;;Dupla;Faixa contínua;;
202202273;02/02/2022;;COM VÍTIMA;FINALIZADA;JOANA BEZERRA;PTE JOSE DE BARROS LIMA;;;JOANA BEZERRA;;SUBURBIO;COLISÃO TRANSVERSAL;1;1;0;0;0;0;0;0;0;1;0;Viaduto;Bom;Não existe;Perfeito estado;Seca;Perfeito estado;Não existe;Não há placas;60 km/h;;Faixa contínua;Faixa seccionada;
202202284;02/02/2022;;COM VÍTIMA;FINALIZADA;DOIS IRMÃOS;RUA PROF CLAUDIO SELVA;20;;DOIS IRMÃOS;;SUBURBIO;QUEDA;0;1;0;0;0;0;0;0;0;1;0;Esquina;Bom;Não existe;Perfeito estado;Seca;Perfeito estado;Não existe;Outras;;Dupla;Não existe;;
202202297;03/02/2022;;COM VÍTIMA;FINALIZADA;DOIS UNIDOS;AV HILDEBRANDO DE VASCONCELOS;;RUA MARCIA MENDES;DOIS UNIDOS;;SUBURBIO;COLISÃO TRANSVERSAL;1;1;0;0;0;0;0;0;0;2;0;Cruzamento;Bom;Não existe;Perfeito estado;Seca;Perfeito estado;Faixa de pedestre;"Placas ""Pare""";;Dupla;Faixa seccionada;;
202202327;03/02/2022;;SEM VÍTIMA;FINALIZADA;BOA VIAGEM;RUA TENENTE JOAO CICERO;486;RUA MINISTRO NELSON HUNGRIA;BOA VIAGEM;;SUBURBIO;CHOQUE;1;0;0;0;0;0;0;0;0;0;0;Cruzamento;Bom;Não existe;Perfeito estado;Seca;Perfeito estado;Faixa de pedestre;Outras;;Única;Não existe;;
202202343;03/02/2022;;COM VÍTIMA;FINALIZADA;GRAÇAS;RUA DO FUTURO;480;;GRAÇAS;;CIDADE;COLISÃO COM CICLISTA;1;0;0;1;0;0;0;0;0;1;0;Longo da via;Bom;Não existe;Perfeito estado;Seca;Perfeito estado;Não existe;Outras;;Única;Faixa seccionada;;
202202397;03/02/2022;;SEM VÍTIMA;FINALIZADA;AREIAS;AV TAPAJOS;73;;AREIAS;620;;COLISÃO TRASEIRA;1;0;0;0;0;0;0;1;0;0;0;Longo da via;Bom;Sem defeito;Incompleta;Seca;Perfeito estado;Não existe;R-6c;;Dupla;Não existe;;
202202408;03/02/2022;;COM VÍTIMA;FINALIZADA;BOA VIAGEM;RUA VISCONDE DE JEQUITINHONHA;;RUA BALTAZAR PASSOS;BOA VIAGEM;154;SUBURBIO;COLISÃO LATERAL;1;1;0;0;0;0;0;0;0;1;0;Cruzamento;Bom;Sem defeito;Perfeito estado;Seca;Perfeito estado;Faixa de pedestre;"Placas ""Dê a preferência""";;;Faixa seccionada;;
202202409;03/02/2022;;COM VÍTIMA;FINALIZADA;IBURA;LAD DA COHAB;;;IBURA;;CIDADE;COLISÃO LATERAL;1;1;0;0;0;0;0;0;0;1;0;Outros;Bom;Não existe;Ilegível;Seca;Perfeito estado;Não existe;Não há placas;;Dupla;Faixa contínua;;
202202410;03/02/2022;;COM VÍTIMA;FINALIZADA;PORTO DA MADEIRA;AV CIDADE DE MONTEIRO;;RUA RIO BEBERIBE;PORTO DA MADEIRA;;SUBURBIO;COLISÃO TRANSVERSAL;0;1;0;0;0;1;0;0;0;1;0;Cruzamento;Bom;Não existe;Perfeito estado;Seca;Perfeito estado;Faixa de pedestre;R-6a;;Dupla;Faixa contínua;Faixa seccionada;
202202440;04/02/2022;;COM VÍTIMA;FINALIZADA;CAXANGÁ;AV CAXANGA;4973;;CAXANGÁ;;CIDADE;COLISÃO TRASEIRA;1;1;0;0;0;0;0;0;0;1;0;Longo da via;Bom;Não existe;Perfeito estado;Seca;Perfeito estado;Não existe;Não há placas;;Única;;;
202202454;04/02/2022;;SEM VÍTIMA;FINALIZADA;BONGI;AV ENGENHEIRO ABDIAS DE CARVALHO;1749;;BONGI;;;CHOQUE;0;0;0;0;0;0;0;0;0;0;0;Longo da via;Bom;Não existe;Perfeito estado;Seca;Perfeito estado;Não existe;;;Dupla;Canteiro central;;
202202474;04/02/2022;;COM VÍTIMA;FINALIZADA;TORRÕES;AV ENGENHEIRO ABDIAS DE CARVALHO;90;;TORRÕES;;;COLISÃO LATERAL;1;1;0;0;0;0;0;0;0;1;0;Longo da via;Bom;Não existe;Não existente;Seca;Perfeito estado;Não existe;Não há placas;60 km/h;Dupla;Canteiro central;;
202202475;04/02/2022;;COM VÍTIMA;FINALIZADA;BOA VIAGEM;AVENIDA CELSO FURTADO (VIA MANGUE);;;BOA VIAGEM;;SUBURBIO;COLISÃO LATERAL;1;1;0;0;0;0;0;0;0;1;0;Longo da via;Bom;Não existe;Perfeito estado;Seca;Perfeito estado;Não existe;Não há placas;;Dupla;Blocos;;
202202478;04/02/2022;;COM VÍTIMA;FINALIZADA;IMBIRIBEIRA;VIADUTO TANCREDO NEVES;;;IMBIRIBEIRA;;AV RECIFE;COLISÃO TRASEIRA;1;1;0;0;0;0;0;0;0;1;0;Viaduto;Bom;Não existe;Perfeito estado;Seca;Perfeito estado;Não existe;Não há placas;;Única;Faixa seccionada;;
202202492;04/02/2022;;COM VÍTIMA;FINALIZADA;SANTO AMARO;AV DR JAYME DA FONTE;66;AV GOVERNADOR AGAMENON MAGALHAES;SANTO AMARO;;SUBURBIO;COLISÃO LATERAL;1;1;0;0;0;0;0;0;0;1;0;Longo da via;Bom;Não existe;Perfeito estado;Seca;Perfeito estado;Não existe;Não há placas;;Dupla;Canteiro central;;
202202496;04/02/2022;;COM VÍTIMA;CANCELADA;BOA VIAGEM;RUA CAPITAO ZUZINHA;237;RUA FELICIANO JOSE DE FARIAS;BOA VIAGEM;;;COLISÃO LATERAL;0;0;0;0;0;0;0;0;0;1;0;;;;;;;;;;;;;
202202511;04/02/2022;;COM VÍTIMA;FINALIZADA;ÁGUA FRIA;RUA MANOEL SILVA;361;;ÁGUA FRIA;;CIDADE;COLISÃO LATERAL;2;1;0;0;0;0;0;0;0;1;0;Longo da via;Bom;Não existe;Perfeito estado;Seca;Perfeito estado;Não existe;Não há placas;;Dupla;Não existe;;
202202571;06/02/2022;;SEM VÍTIMA;FINALIZADA;CAMPO GRANDE;AV GOVERNADOR AGAMENON MAGALHAES;;RUA ODORICO MENDES;CAMPO GRANDE;;;CAPOTAMENTO;2;0;0;0;0;0;0;0;0;0;0;;;;;;;;;;;;;
202202576;06/02/2022;;COM VÍTIMA;CANCELADA;IBURA;AV JORNALISTA COSTA PORTO;190;;IBURA;;;COLISÃO FRONTAL;1;1;0;0;0;0;0;0;0;1;0;;;;;;;;;;;;;
202202580;06/02/2022;;COM VÍTIMA;FINALIZADA;IBURA;AV SANTOS;160;;IBURA;;CIDADE;COLISÃO TRANSVERSAL;1;1;0;0;0;0;0;0;0;1;0;Longo da via;Bom;Não existe;Perfeito estado;Seca;Perfeito estado;Não existe;Não há placas;;Dupla;Não existe;;
202202581;06/02/2022;;COM VÍTIMA;FINALIZADA;SÃO JOSÉ;RUA IMPERIAL;987;TRV DO RAPOSO;SÃO JOSÉ;510;SUBURBIO;COLISÃO TRANSVERSAL;1;1;0;0;0;0;0;0;0;1;0;Cruzamento;Bom;Sem defeito;Perfeito estado;Seca;Perfeito estado;Faixa de pedestre;Outras;;Única;;;
202202597;06/02/2022;;COM VÍTIMA;FINALIZADA;PINA;RUA MANOEL DE BRITO;207;RUA MELQUI RIBEIRO ROMA;PINA;;CIDADE;COLISÃO LATERAL;1;1;0;0;0;0;0;0;0;1;0;Longo da via;Bom;Não existe;Perfeito estado;Seca;Perfeito estado;Não existe;Não há placas;;Única;Faixa contínua;;
202202620;06/02/2022;;COM VÍTIMA;CANCELADA;BOMBA DO HEMETÉRIO;RUA BOMBA DO HEMETERIO;;;BOMBA DO HEMETÉRIO;;;ATROPELAMENTO DE PESSOA;1;0;0;0;1;0;0;0;0;1;0;;;;;;;;;;;;;