Protocolo;data;hora;natureza;situacao;bairro;endereco;numero;detalhe_endereco_acidente;bairro_cruzamento;num_semaforo;sentido_via;tipo;auto;moto;ciclom;ciclista;pedestre;onibus;caminhao;viatura;outros;vitimas;vitimasfatais;acidente_verificado;tempo_clima;situacao_semaforo;sinalizacao;condicao_via;conservacao_via;ponto_controle;situacao_placa;velocidade_max_via;mao_direcao;divisao_via1;divisao_via2;divisao_via3
202202621;06/02/2022;;COM VÍTIMA;FINALIZADA;TEJIPIÓ;AV DR JOSE RUFINO;2984;;TEJIPIÓ;;SUBURBIO;COLISÃO TRASEIRA;2;1;0;0;0;0;0;0;0;1;0;Longo da via;Bom;Não existe;Perfeito estado;Seca;Perfeito estado;Não existe;Não há placas;;Dupla;Faixa contínua;;
202202624;06/02/2022;;SEM VÍTIMA;FINALIZADA;AFOGADOS;RUA SAO MIGUEL;;;AFOGADOS;;;COLISÃO TRANSVERSAL;0;0;0;0;0;0;0;0;0;0;0;;;;;;;;;;;;;
202202651;07/02/2022;;SEM VÍTIMA;FINALIZADA;BOA VIAGEM;AVENIDA CELSO FURTADO (VIA MANGUE);;;BOA VIAGEM;;;COLISÃO TRASEIRA;1;1;0;0;0;0;0;0;0;0;0;;;;;;;;;;;;;
202202658;07/02/2022;;SEM VÍTIMA;CANCELADA;TORRÕES;RUA TUMIRITINGA;115;;TORRÕES;;;QUEDA;0;0;0;0;0;0;0;0;0;0;0;;;;;;;;;;;;;
202202665;07/02/2022;;COM VÍTIMA;FINALIZADA;SANTO AMARO;AV CRUZ CABUGA;165;;SANTO AMARO;;;COLISÃO LATERAL;1;1;0;0;0;0;0;0;0;2;0;Longo da via;Bom;Não existe;Perfeito estado;Seca;Perfeito estado;;Outras;;Dupla;Faixa contínua;Faixa seccionada;
202202776;08/02/2022;;COM VÍTIMA;CANCELADA;AFOGADOS;RUA SAO MIGUEL;1428;;AFOGADOS;;;COLISÃO LATERAL;0;0;0;0;0;0;0;0;0;1;0;;;;;;;;;;;;;
202202800;09/02/2022;;COM VÍTIMA;FINALIZADA;SANTO ANTÔNIO;PRC DA REPUBLICA;S/N;;SANTO ANTÔNIO;488;SUBURBIO;COLISÃO COM CICLISTA;1;0;0;1;0;0;0;0;0;1;0;Cruzamento;Bom;Sem defeito;Perfeito estado;Seca;Perfeito estado;Faixa de pedestre;Outras;40 km/h;Única;Faixa seccionada;;
202202806;09/02/2022;;COM VÍTIMA;FINALIZADA;SANTO AMARO;RUA DO POMBAL;;RUA PEDRO AFONSO;SANTO AMARO;;SUBURBIO;COLISÃO TRANSVERSAL;1;1;0;0;0;0;0;0;0;2;0;Cruzamento;Bom;Não existe;Perfeito estado;Seca;Perfeito estado;Faixa de retenção;Outras;;Dupla;Faixa seccionada;;
202202830;09/02/2022;;SEM VÍTIMA;FINALIZADA;AFLITOS;AV CONS ROSA E SILVA;1433;;AFLITOS;;SUBURBIO;;2;0;0;0;0;0;0;0;0;0;0;Longo da via;Bom;Não existe;Perfeito estado;Seca;Perfeito estado;Não existe;R-6a;;Única;Faixa seccionada;;
202202848;09/02/2022;;COM VÍTIMA;FINALIZADA;BOA VISTA;RUA JOAO FERNANDES VIEIRA;560;;BOA VISTA;;CIDADE;COLISÃO TRASEIRA;0;1;0;0;0;0;0;1;0;1;0;Longo da via;Bom;Não existe;Perfeito estado;Seca;Perfeito estado;Não existe;R-6a;;Única;Faixa seccionada;;
202202863;09/02/2022;;COM VÍTIMA;FINALIZADA;APIPUCOS;RUA DE APIPUCOS;400;;APIPUCOS;;CIDADE;COLISÃO TRASEIRA;1;1;0;0;0;0;0;0;0;1;0;Longo da via;Bom;Não existe;Perfeito estado;Seca;Perfeito estado;Não existe;Não há placas;40 km/h;Dupla;Faixa contínua;;
202202876;09/02/2022;;COM VÍTIMA;FINALIZADA;BEBERIBE;AV BEBERIBE;2315;;BEBERIBE;;SUBURBIO;COLISÃO FRONTAL;1;0;1;0;0;0;0;0;0;1;0;Longo da via;Bom;Não existe;Ilegível;Seca;Perfeito estado;Não existe;R-6a;60 km/h;Dupla;Faixa contínua;;
202202904;10/02/2022;;SEM VÍTIMA;FINALIZADA;SAN MARTIN;RUA DELMIRO GOUVEIA;333;;SAN MARTIN;;;COLISÃO LATERAL;2;0;0;0;0;0;0;0;0;0;0;;;;;;;;;;;;;
202202915;10/02/2022;;COM VÍTIMA;FINALIZADA;ILHA DO RETIRO;PTE PREFEITO LIMA DE CASTRO;;;ILHA DO RETIRO;;CIDADE;COLISÃO TRASEIRA;1;1;0;0;0;0;0;0;0;1;0;Ponte;Bom;Não existe;Perfeito estado;Seca;Perfeito estado;Não existe;Não há placas;;Dupla;Faixa contínua;;
202202919;10/02/2022;;COM VÍTIMA;FINALIZADA;SANTO ANTÔNIO;RUA SIQUEIRA CAMPOS;;AV MARTINS DE BARROS;SANTO ANTÔNIO;;CIDADE;COLISÃO LATERAL;1;1;0;0;0;0;0;0;0;1;0;Esquina;Bom;Não existe;Perfeito estado;Seca;Perfeito estado;Não existe;R-6a;60 km/h;Única;Faixa contínua;Faixa seccionada;
202202939;10/02/2022;;COM VÍTIMA;FINALIZADA;SANTO AMARO;AV GOVERNADOR AGAMENON MAGALHAES;;;SANTO AMARO;;;COLISÃO COM CICLISTA;0;1;0;1;0;0;0;0;0;1;0;Longo da via;Bom;Sem defeito;Perfeito estado;Seca;Perfeito estado;Faixa de pedestre;Não há placas;60 km/h;Dupla;Canteiro central;;
202202948;09/02/2022;;COM VÍTIMA;FINALIZADA;IMBIRIBEIRA;AV MARECHAL MASCARENHAS DE MORAES;;;IMBIRIBEIRA;570;SUBURBIO;ATROPELAMENTO DE PESSOA;1;0;0;0;1;0;0;0;0;1;0;Longo da via;Bom;Não existe;Não existente;Seca;Perfeito estado;;;60 km/h;Única;Faixa;;
202202953;10/02/2022;;COM VÍTIMA;FINALIZADA;BOA VISTA;RUA PRINCESA IZABEL;;RUA AURORA;BOA VISTA;22;SUBURBIO;ATROPELAMENTO DE PESSOA;1;0;0;0;1;0;0;0;0;1;0;Cruzamento;Bom;Sem defeito;Perfeito estado;Seca;Perfeito estado;Faixa de pedestre;Não há placas;;Única;Não existe;;
202202960;10/02/2022;;COM VÍTIMA;FINALIZADA;CORDEIRO;RUA DR MIGUEL VIEIRA FERREIRA;275;RUA CLAUDIO BROTHERHOOD;CORDEIRO;;;COLISÃO TRANSVERSAL;1;1;0;0;0;0;0;0;0;1;0;Cruzamento;Bom;Não existe;Perfeito estado;Seca;Perfeito estado;Faixa de retenção;Outras;;Dupla;Faixa contínua;;
202202962;10/02/2022;;COM VÍTIMA;FINALIZADA;SANTO AMARO;PTE DO LIMOEIRO;;;SANTO AMARO;;CIDADE;COLISÃO LATERAL;1;1;0;0;0;0;0;0;0;1;0;Ponte;Bom;Não existe;Perfeito estado;Seca;Perfeito estado;Não existe;Não há placas;60 km/h;Dupla;Faixa contínua;;
202202982;11/02/2022;;SEM VÍTIMA;FINALIZADA;BOA VIAGEM;RUA PADRE BERNADINO PESSOA;;;BOA VIAGEM;;;RENDIÇÃO;0;0;0;0;0;0;0;0;0;0;0;;;;;;;;;;;;;
202202987;11/02/2022;;SEM VÍTIMA;FINALIZADA;;RUA REALEZA;58;AV CENTRAL;;;SUBURBIO;;1;0;0;0;0;0;1;0;0;0;0;Longo da via;Bom;Não existe;Não existente;Seca;Perfeito estado;Não existe;Não há placas;;Dupla;Não existe;;
202202998;11/02/2022;;COM VÍTIMA;FINALIZADA;TAMARINEIRA;RUA CONEGO BARATA;;;TAMARINEIRA;;;OUTROS;0;0;0;0;0;1;0;0;0;1;0;Longo da via;Bom;Não existe;Perfeito estado;Seca;Perfeito estado;Não existe;R-6c;40 km/h;Dupla;Faixa seccionada;Canteiro central;
202203009;11/02/2022;;COM VÍTIMA;FINALIZADA;CASA FORTE;AV DEZESSETE DE AGOSTO;892;;CASA FORTE;;SUBURBIO;COLISÃO FRONTAL;1;1;0;0;0;0;0;0;0;1;0;Longo da via;Bom;Não existe;Perfeito estado;Seca;Perfeito estado;Não existe;R-6a;60 km/h;Dupla;Faixa contínua;;
202203016;11/02/2022;;COM VÍTIMA;FINALIZADA;ILHA DO RETIRO;RUA SPORT CLUBE DO RECIFE;;;ILHA DO RETIRO;367;CIDADE;CHOQUE;2;1;0;0;0;0;0;0;0;1;0;Longo da via;Bom;Sem defeito;Perfeito estado;Seca;Perfeito estado;Não existe;R-6a;;Dupla;Faixa contínua;Faixa seccionada;Canteiro central
202203022;11/02/2022;;COM VÍTIMA;FINALIZADA;SANTO AMARO;AV CRUZ CABUGA;;RUA FREI CASSIMIRO;SANTO AMARO;;;COLISÃO TRANSVERSAL;1;1;0;0;0;0;0;0;0;1;0;Cruzamento;Bom;Não existe;Não existente;Seca;Perfeito estado;Faixa de pedestre;Outras;;Dupla;Faixa contínua;Faixa seccionada;
202203045;11/02/2022;;COM VÍTIMA;CANCELADA;TORRÕES;AV ENGENHEIRO ABDIAS DE CARVALHO;;;TORRÕES;;;COLISÃO TRASEIRA;1;1;0;0;0;0;0;0;0;1;0;;;;;;;;;;;;;
202203049;11/02/2022;;COM VÍTIMA;FINALIZADA;IPSEP;AV RECIFE;3273;;IPSEP;247;CIDADE;COLISÃO TRASEIRA;1;1;0;0;0;0;0;0;0;1;0;Longo da via;Bom;Sem defeito;Perfeito estado;Seca;Perfeito estado;Faixa de pedestre;Não há placas;60 km/h;Única;Canteiro central;;
202203050;11/02/2022;;SEM VÍTIMA;FINALIZADA;IPUTINGA;AV CAXANGA;3010;;IPUTINGA;;;COLISÃO LATERAL;1;1;0;0;0;0;0;0;0;0;0;;;;;;;;;;;;;
202203054;11/02/2022;;COM VÍTIMA;FINALIZADA;SANTO AMARO;AV GOVERNADOR AGAMENON MAGALHAES;;;SANTO AMARO;;OLINDA;ATROPELAMENTO DE PESSOA;0;0;0;0;1;1;0;0;0;1;0;Longo da via;Bom;Não existe;Perfeito estado;Seca;;Não existe;Não há placas;60 km/h;Dupla;Faixa seccionada;Canal;
202203056;11/02/2022;;COM VÍTIMA;FINALIZADA;IBURA;AV DOIS RIOS;;;IBURA;;;COLISÃO FRONTAL;0;1;0;0;0;1;0;0;0;2;0;Longo da via;Bom;Não existe;Ilegível;Seca;Perfeito estado;Agente;Não há placas;60 km/h;Dupla;Não existe;;
202203057;11/02/2022;;SEM VÍTIMA;CANCELADA;AREIAS;AV RECIFE;;;AREIAS;;;COLISÃO TRASEIRA;2;0;0;0;0;0;0;0;0;0;0;;;;;;;;;;;;;
202203059;11/02/2022;;COM VÍTIMA;FINALIZADA;APIPUCOS;AV DEZESSETE DE AGOSTO;1893;RUA MARQUES DE TAMANDARE;APIPUCOS;;;COLISÃO TRANSVERSAL;1;1;0;0;0;0;0;0;0;1;0;Cruzamento;Bom;Não existe;Perfeito estado;Seca;Perfeito estado;Não existe;Não há placas;;Dupla;Faixa contínua;;
202203062;12/02/2022;;SEM VÍTIMA;FINALIZADA;ENCRUZILHADA;AV NORTE MIGUEL ARRAES DE ALENCAR;;RUA ALFREDO DE CASTRO;ENCRUZILHADA;665;;COLISÃO TRANSVERSAL;2;0;0;0;0;0;0;0;0;0;0;Cruzamento;Bom;Sem defeito;Perfeito estado;Seca;Perfeito estado;Faixa de pedestre;;;Dupla;Canteiro central;;
202203066;12/02/2022;;COM VÍTIMA;FINALIZADA;ALTO SANTA TERESINHA;AV ANIBAL BENEVOLO;1585;;ALTO SANTA TERESINHA;;CIDADE;CHOQUE;2;1;0;0;0;0;0;0;0;2;0;Longo da via;Bom;Não existe;Incompleta;Seca;Mal conservada;Não existe;Não há placas;;Dupla;Não existe;;
202203067;12/02/2022;;SEM VÍTIMA;CANCELADA;VÁRZEA;AV CAXANGA;;;VÁRZEA;281;CIDADE;COLISÃO TRASEIRA;3;0;0;0;0;0;0;0;0;0;0;;;;;;;;;;;;;
202203076;12/02/2022;;COM VÍTIMA;FINALIZADA;BOA VIAGEM;RUA ERNESTO DE PAULA SANTOS;;AV ENGENHEIRO DOMINGOS FERREIRA;BOA VIAGEM;217;SUBURBIO;COLISÃO LATERAL;1;1;0;0;0;0;0;0;0;1;0;Longo da via;Chuvoso;Sem defeito;Perfeito estado;Molhada;Perfeito estado;Faixa de retenção;Não há placas;;Única;Faixa contínua;;
202203082;12/02/2022;;SEM VÍTIMA;CANCELADA;IMBIRIBEIRA;AV RECIFE;;;IMBIRIBEIRA;;;COLISÃO LATERAL;0;2;0;0;0;0;0;0;0;0;0;;;;;;;;;;;;;
202203084;12/02/2022;;COM VÍTIMA;CANCELADA;DERBY;AV GOVERNADOR AGAMENON MAGALHAES;;;DERBY;;;COLISÃO LATERAL;1;1;0;0;0;0;0;0;0;1;0;;;;;;;;;;;;;
202203097;12/02/2022;;COM VÍTIMA;FINALIZADA;CASA AMARELA;AV NORTE MIGUEL ARRAES DE ALENCAR;;;CASA AMARELA;676;;COLISÃO TRASEIRA;1;1;0;0;0;0;0;0;0;1;0;Longo da via;Bom;Sem defeito;Perfeito estado;Seca;Perfeito estado;Faixa de pedestre;R-6a;;Dupla;Canteiro central;;
202203108;12/02/2022;;COM VÍTIMA;FINALIZADA;BOA VIAGEM;RUA SA E SOUZA;692;RUA IZABEL MAGALHAES;BOA VIAGEM;;SUBURBIO;QUEDA;0;1;0;0;0;0;0;0;0;1;0;Cruzamento;Bom;Não existe;Não existente;Seca;Perfeito estado;Não existe;Não há placas;;Dupla;Faixa seccionada;;
202203116;12/02/2022;;COM VÍTIMA;CANCELADA;IMBIRIBEIRA;AV MARECHAL MASCARENHAS DE MORAES;;;IMBIRIBEIRA;;;COLISÃO TRASEIRA;1;1;0;0;0;0;0;0;0;1;0;;;;;;;;;;;;;
202203120;12/02/2022;;COM VÍTIMA;FINALIZADA;JOANA BEZERRA;VDO PAPA JOAO PAULO II;;;JOANA BEZERRA;;;COLISÃO FRONTAL;2;0;0;0;0;0;0;0;0;1;0;Longo da via;Bom;Não existe;Incompleta;;Mal conservada;Não existe;Não há placas;;;Não existe;;
202203133;12/02/2022;;COM VÍTIMA;FINALIZADA;ARRUDA;AV BEBERIBE;;AV PROFESSOR JOSE DOS ANJOS;ARRUDA;;CIDADE;COLISÃO FRONTAL;1;1;0;0;0;0;0;0;0;2;0;Longo da via;Bom;Sem defeito;Perfeito estado;Seca;Perfeito estado;;R-6a;;Dupla;Faixa contínua;;
202203149;12/02/2022;;COM VÍTIMA;FINALIZADA;TORRE;PTE DO VINTEM;;;TORRE;;AV NORTE;COLISÃO LATERAL;1;1;0;0;0;0;0;0;0;1;0;Viaduto;Bom;Não existe;Não existente;Seca;Perfeito estado;Não existe;Não há placas;;Única;Canteiro central;;
202203172;13/02/2022;;COM VÍTIMA;FINALIZADA;PRADO;RUA RODRIGUES DE MENDONCA;45;RUA PANDIA CALOGERAS;PRADO;;SUBURBIO;COLISÃO LATERAL;2;0;0;0;0;0;0;0;0;1;0;Cruzamento;Bom;Não existe;Incompleta;Seca;Perfeito estado;Faixa de pedestre;Não há placas;;Única;Faixa contínua;;
202203174;13/02/2022;;COM VÍTIMA;FINALIZADA;LINHA DO TIRO;RUA ELADIO CAMBOIM;251;RUA URIEL DE HOLANDA;LINHA DO TIRO;;;ATROPELAMENTO DE PESSOA;0;1;0;0;1;0;0;0;0;1;0;Longo da via;Bom;Não existe;Não existente;Seca;Perfeito estado;Não existe;Não há placas;;Dupla;Não existe;;
202203180;13/02/2022;;COM VÍTIMA;CANCELADA;PINA;AV ANTONIO DE GOES;275;;PINA;;;COLISÃO TRASEIRA;1;1;0;0;0;0;0;0;0;1;0;;;;;;;;;;;;;
202203182;13/02/2022;;SEM VÍTIMA;FINALIZADA;BOA VIAGEM;RUA BRUNO VELOSO;;AV ENGENHEIRO DOMINGOS FERREIRA;BOA VIAGEM;;;COLISÃO LATERAL;2;0;0;0;0;0;0;0;0;0;0;;;;;;;;;;;;;
202203183;13/02/2022;;COM VÍTIMA;FINALIZADA;CORDEIRO;AV CAXANGA;2555;AV INACIO MONTEIRO;CORDEIRO;234;CIDADE;COLISÃO TRANSVERSAL;1;1;0;0;0;0;0;0;0;1;0;Cruzamento;Bom;Sem defeito;Incompleta;Seca;Perfeito estado;;R-6a;60 km/h;Dupla;Faixa contínua;Canteiro central;
202203190;13/02/2022;;COM VÍTIMA;FINALIZADA;JORDÃO;RUA ALBERTO LUNDGREN;83;RUA DR ALVARO FERRAZ;JORDÃO;;;ATROPELAMENTO DE PESSOA;0;0;0;0;1;1;0;0;0;1;0;Cruzamento;Bom;Não existe;Perfeito estado;Seca;Perfeito estado;Faixa de pedestre;R-6a;;Dupla;Faixa contínua;;
202203193;13/02/2022;;SEM VÍTIMA;FINALIZADA;IBURA;;31A;;IBURA;;SUBURBIO;COLISÃO FRONTAL;1;0;0;0;0;0;0;1;0;0;0;Longo da via;Bom;Não existe;Não existente;Seca;Perfeito estado;Não existe;"Placas ""Pare""";40 km/h;Dupla;Não existe;;
202203199;13/02/2022;;COM VÍTIMA;CANCELADA;TEJIPIÓ;AV DR JOSE RUFINO;3254;;TEJIPIÓ;;;COLISÃO TRASEIRA;1;1;0;1;0;0;0;0;0;1;0;;;;;;;;;;;;;
202203223;14/02/2022;;SEM VÍTIMA;FINALIZADA;CAXANGÁ;AV CAXANGA;;;CAXANGÁ;;SUBURBIO;COLISÃO FRONTAL;1;0;0;0;0;0;0;1;0;0;0;;;;;;;;;;;;;
202203225;14/02/2022;;SEM VÍTIMA;FINALIZADA;BOA VIAGEM;RUA RIO AZUL;99;;BOA VIAGEM;;SUBURBIO;;1;0;0;0;0;0;0;0;0;0;0;Longo da via;Bom;Não existe;Perfeito estado;Seca;Perfeito estado;Não existe;Não há placas;;Única;Faixa seccionada;;
202203243;14/02/2022;;COM VÍTIMA;FINALIZADA;CAMPINA DO BARRETO;RUA DOS PEIXINHOS;987;;CAMPINA DO BARRETO;;CIDADE;COLISÃO LATERAL;1;1;0;0;0;0;0;0;0;1;0;Longo da via;Bom;Não existe;Não existente;Seca;Perfeito estado;Não existe;Não há placas;;Dupla;Não existe;;
202203245;14/02/2022;;COM VÍTIMA;CANCELADA;ESPINHEIRO;RUA CONS PORTELA;;RUA QUARENTA E OITO;ESPINHEIRO;11;;COLISÃO LATERAL;1;1;0;0;0;0;0;0;0;1;0;;;;;;;;;;;;;
202203249;14/02/2022;;COM VÍTIMA;FINALIZADA;TEJIPIÓ;AV DR JOSE RUFINO;3795;;TEJIPIÓ;;SUBURBIO;COLISÃO TRANSVERSAL;1;1;0;0;0;0;0;0;0;1;0;Longo da via;Bom;Não existe;Incompleta;Seca;Perfeito estado;Não existe;Não há placas;;Dupla;Faixa contínua;;
202203251;14/02/2022;;COM VÍTIMA;CANCELADA;PORTO DA MADEIRA;AV BEBERIBE;;;PORTO DA MADEIRA;;;COLISÃO LATERAL;0;2;0;0;0;0;0;0;0;2;0;;;;;;;;;;;;;
202203311;15/02/2022;;COM VÍTIMA;FINALIZADA;TAMARINEIRA;AV NORTE MIGUEL ARRAES DE ALENCAR;;EST VELHA DE AGUA FRIA;TAMARINEIRA;62;CIDADE;COLISÃO TRASEIRA;0;2;0;0;0;0;0;0;0;1;0;Cruzamento;Bom;Sem defeito;Perfeito estado;Seca;Perfeito estado;Faixa de pedestre;R-6a;60 km/h;Dupla;Faixa contínua;;
202203313;15/02/2022;;COM VÍTIMA;FINALIZADA;ALTO JOSÉ BONIFÁCIO;RUA ALTO JOSE BONIFACIO;192;RUA CORREGO DO EUCLIDES;ALTO JOSÉ BONIFÁCIO;;CIDADE;COLISÃO COM CICLISTA;0;1;0;1;0;0;0;0;0;1;0;Esquina;Bom;Não existe;Perfeito estado;Seca;Perfeito estado;Faixa de pedestre;Outras;;Dupla;Faixa contínua;Faixa seccionada;
202203330;15/02/2022;;COM VÍTIMA;FINALIZADA;ÁGUA FRIA;EST VELHA DE AGUA FRIA;727;;ÁGUA FRIA;;CIDADE;COLISÃO COM CICLISTA;0;1;0;1;0;0;0;0;0;1;0;Longo da via;Bom;Não existe;Perfeito estado;Seca;Perfeito estado;Não existe;R-6a;60 km/h;Dupla;Faixa contínua;;
202203351;15/02/2022;;COM VÍTIMA;FINALIZADA;IPUTINGA;AV CAXANGA;;EST DO BARBALHO;IPUTINGA;533;;COLISÃO TRASEIRA;0;2;0;0;0;0;0;0;0;1;0;Cruzamento;Bom;Sem defeito;Perfeito estado;Seca;Perfeito estado;Agente;R-26;60 km/h;Dupla;Canteiro central;;
202203357;15/02/2022;;SEM VÍTIMA;FINALIZADA;TOTÓ;RUA ONZE DE AGOSTO;687;;TOTÓ;;;CHOQUE;1;0;0;0;0;1;0;0;0;0;0;;Bom;Não existe;Não existente;Seca;Perfeito estado;Não existe;Não há placas;;Dupla;Não existe;;
202203365;15/02/2022;;COM VÍTIMA;FINALIZADA;CORDEIRO;RUA DR MIGUEL VIEIRA FERREIRA;537;RUA SOROCABA;CORDEIRO;;CIDADE;ATROPELAMENTO DE PESSOA;1;0;0;0;1;0;0;0;0;1;0;Longo da via;Bom;Não existe;Incompleta;Seca;Perfeito estado;Não existe;R-19;30 km/h;;Não existe;;
202203371;15/02/2022;;SEM VÍTIMA;CANCELADA;IPUTINGA;RUA SAO MATEUS;266;;IPUTINGA;;;COLISÃO LATERAL;0;0;0;0;0;0;0;0;0;0;0;;;;;;;;;;;;;
202203374;16/02/2022;;SEM VÍTIMA;FINALIZADA;PASSARINHO;EST DE PASSARINHO;3413;;PASSARINHO;;SUBURBIO;;1;0;0;0;0;0;0;1;0;0;0;Longo da via;Bom;Não existe;Não existente;Seca;Perfeito estado;Não existe;Não há placas;;Dupla;Não existe;;
202203389;16/02/2022;;COM VÍTIMA;FINALIZADA;PINA;RUA TOME GIBSON;;AVENIDA CELSO FURTADO (VIA MANGUE);PINA;;CIDADE;COLISÃO LATERAL;1;1;0;0;0;0;0;0;0;1;0;Longo da via;Chuvoso;Não existe;Perfeito estado;Molhada;Perfeito estado;Não existe;Não há placas;60 km/h;Única;Faixa seccionada;;
202203409;16/02/2022;;COM VÍTIMA;FINALIZADA;CURADO;BR 101 (DENTRO DA CEASA);;;CURADO;;;COLISÃO FRONTAL;2;1;0;0;0;0;0;0;0;1;0;Longo da via;Bom;Não existe;Incompleta;Seca;Perfeito estado;Não existe;R-4b;;Única;Não existe;;
202203440;16/02/2022;;COM VÍTIMA;FINALIZADA;JARDIM SÃO PAULO;AV SAO PAULO;;;JARDIM SÃO PAULO;;CIDADE;CHOQUE;1;0;0;0;0;0;0;0;0;1;0;Longo da via;Bom;Não existe;Incompleta;Seca;Perfeito estado;Não existe;Não há placas;;Dupla;Faixa seccionada;;
202203447;17/02/2022;;SEM VÍTIMA;FINALIZADA;PINA;AVENIDA CELSO FURTADO (VIA MANGUE);;;PINA;;;CHOQUE;1;0;0;0;0;0;0;0;0;0;0;Longo da via;Chuvoso;Não existe;Perfeito estado;Molhada;Perfeito estado;Não existe;Não há placas;60 km/h;Dupla;Canteiro central;;
202203452;17/02/2022;;SEM VÍTIMA;FINALIZADA;BOA VIAGEM;AV ENGENHEIRO DOMINGOS FERREIRA;;RUA JOSE MARIA DE MIRANDA;BOA VIAGEM;484;CIDADE;COLISÃO TRASEIRA;1;0;0;0;0;0;0;1;0;0;0;Cruzamento;Chuvoso;Sem defeito;Perfeito estado;Molhada;Perfeito estado;;Outras;;Dupla;Canteiro central;;
202203460;17/02/2022;;COM VÍTIMA;CANCELADA;CASA AMARELA;AV NORTE MIGUEL ARRAES DE ALENCAR;;;CASA AMARELA;;CIDADE;QUEDA;0;1;0;0;0;0;0;0;0;1;0;;;;;;;;;;;;;
202203463;17/02/2022;;COM VÍTIMA;FINALIZADA;APIPUCOS;AV DEZESSETE DE AGOSTO;117;;APIPUCOS;;SUBURBIO;COLISÃO FRONTAL;2;1;0;0;0;0;0;0;0;1;0;Longo da via;Chuvoso;Não existe;Perfeito estado;Molhada;Perfeito estado;Não existe;;60 km/h;Dupla;Faixa contínua;;
202203480;17/02/2022;;COM VÍTIMA;FINALIZADA;BONGI;RUA ISAAC MARKMAN;46;RUA DONA MARIA AUGUSTA NOGUEIRA;BONGI;;CIDADE;COLISÃO TRANSVERSAL;1;1;0;0;0;0;0;0;0;1;0;Cruzamento;Chuvoso;Não existe;Incompleta;Molhada;Mal conservada;Faixa de pedestre;Outras;30 km/h;Dupla;Faixa seccionada;;
202203484;17/02/2022;;COM VÍTIMA;DUPLICIDADE;CAXANGÁ;AV JOAQUIM RIBEIRO;;;CAXANGÁ;;;COLISÃO LATERAL;1;1;0;0;0;0;0;0;0;1;0;;;;;;;;;;;;;
202203487;17/02/2022;;COM VÍTIMA;FINALIZADA;VÁRZEA;AV CAXANGA;;;VÁRZEA;;;COLISÃO LATERAL;1;1;0;0;0;1;0;0;0;1;0;Ponte;Chuvoso;Não existe;Perfeito estado;Molhada;Perfeito estado;Não existe;Não há placas;60 km/h;Única;Faixa seccionada;;
202203488;17/02/2022;;COM VÍTIMA;FINALIZADA;CAMPO GRANDE;RUA MARQUES DE BAIPENDI;295;RUA CONEGO JOAO PEDROZA;CAMPO GRANDE;;SUBURBIO;COLISÃO TRANSVERSAL;1;1;0;0;0;0;0;0;0;1;0;Cruzamento;Bom;Não existe;Perfeito estado;Molhada;Perfeito estado;Não existe;Outras;;Dupla;Faixa contínua;Faixa seccionada;
202203493;17/02/2022;;SEM VÍTIMA;FINALIZADA;ESPINHEIRO;AV GOVERNADOR AGAMENON MAGALHAES;;;ESPINHEIRO;108;;COLISÃO TRASEIRA;1;0;0;0;0;0;0;2;0;0;0;Longo da via;Nublado;Sem defeito;Perfeito estado;Molhada;Perfeito estado;Faixa de pedestre;Não há placas;60 km/h;Dupla;Faixa contínua;Canteiro central;Canal
202203524;17/02/2022;;COM VÍTIMA;FINALIZADA;SANTO AMARO;AV GOVERNADOR AGAMENON MAGALHAES;;;SANTO AMARO;684;OLINDA;COLISÃO COM CICLISTA;1;0;0;1;0;0;0;0;0;1;0;Longo da via;Bom;Sem defeito;Perfeito estado;Seca;Perfeito estado;Faixa de pedestre;Não há placas;60 km/h;Dupla;Faixa contínua;Canal;
202203527;17/02/2022;;COM VÍTIMA;FINALIZADA;SANTO AMARO;AV PREFEITO ARTUR LIMA CAVALCANTI;80;;SANTO AMARO;;SUBURBIO;QUEDA;0;1;0;0;0;0;0;0;0;1;0;Longo da via;Bom;Não existe;Perfeito estado;Seca;Perfeito estado;Não existe;Não há placas;;Dupla;Canteiro central;;
202203536;17/02/2022;;COM VÍTIMA;FINALIZADA;PINA;AV ANTONIO DE GOES;109;;PINA;;CIDADE;COLISÃO TRANSVERSAL;1;1;0;0;0;0;0;0;0;1;0;Longo da via;Bom;Sem defeito;Perfeito estado;Seca;Perfeito estado;Não existe;Outras;60 km/h;Única;Faixa seccionada;;
202203545;17/02/2022;;SEM VÍTIMA;FINALIZADA;ALTO SANTA TERESINHA;RUA TAMBOARA;583;;ALTO SANTA TERESINHA;;SUBURBIO;COLISÃO FRONTAL;0;1;0;0;0;0;0;1;0;0;0;Longo da via;Bom;Não existe;Perfeito estado;Seca;Perfeito estado;Não existe;Não há placas;;Dupla;Faixa contínua;Faixa seccionada;