Protocolo;data;hora;natureza;situacao;bairro;endereco;numero;detalhe_endereco_acidente;bairro_cruzamento;num_semaforo;sentido_via;tipo;auto;moto;ciclom;ciclista;pedestre;onibus;caminhao;viatura;outros;vitimas;vitimasfatais;acidente_verificado;tempo_clima;situacao_semaforo;sinalizacao;condicao_via;conservacao_via;ponto_controle;situacao_placa;velocidade_max_via;mao_direcao;divisao_via1;divisao_via2;divisao_via3
202203548;17/02/2022;;SEM VÍTIMA;FINALIZADA;BOA VIAGEM;AV CONSELHEIRO AGUIAR;;;BOA VIAGEM;;;COLISÃO LATERAL;0;0;0;0;0;0;0;0;0;0;0;;;;;;;;;;;;;
202203568;18/02/2022;;COM VÍTIMA;FINALIZADA;IMBIRIBEIRA;AV MARECHAL MASCARENHAS DE MORAES;4773;;IMBIRIBEIRA;;CIDADE;QUEDA;0;1;0;0;0;0;0;0;0;1;0;Longo da via;Bom;Não existe;Perfeito estado;Seca;Perfeito estado;Não existe;;60 km/h;Dupla;Faixa seccionada;;
202203571;17/02/2022;;COM VÍTIMA;FINALIZADA;DERBY;AV GOVERNADOR AGAMENON MAGALHAES;;;DERBY;;SUBURBIO;COLISÃO TRASEIRA;1;1;0;0;0;0;0;0;0;1;0;Longo da via;Chuvoso;Sem defeito;Perfeito estado;Molhada;Perfeito estado;Outros;Outras;;Única;Faixa seccionada;;
202203598;18/02/2022;;COM VÍTIMA;CANCELADA;IMBIRIBEIRA;RUA LE PARC;100;;IMBIRIBEIRA;;;COLISÃO TRASEIRA;1;1;0;0;0;0;0;0;0;1;0;;;;;;;;;;;;;
202203618;18/02/2022;;COM VÍTIMA;FINALIZADA;MANGUEIRA;RUA DR JOAO ELISIO;298;RUA MANDARI;MANGUEIRA;;SUBURBIO;COLISÃO FRONTAL;1;1;0;0;0;0;0;0;0;1;0;Esquina;Bom;Não existe;Incompleta;Seca;Perfeito estado;Não existe;Não há placas;;Dupla;Não existe;;
202203625;18/02/2022;;COM VÍTIMA;CANCELADA;PINA;AV HERCULANO BANDEIRA;;;PINA;;;COLISÃO TRASEIRA;1;1;0;0;0;0;0;0;0;1;0;;;;;;;;;;;;;
202203653;18/02/2022;;COM VÍTIMA;FINALIZADA;IBURA;AV DOIS RIOS;939;;IBURA;;CIDADE;COLISÃO TRASEIRA;1;1;0;0;0;0;0;0;0;1;0;Longo da via;Bom;Não existe;Perfeito estado;Seca;Perfeito estado;Não existe;Não há placas;;Dupla;Faixa contínua;;
202203655;18/02/2022;;COM VÍTIMA;FINALIZADA;BEBERIBE;AV BEBERIBE;4340;;BEBERIBE;;CIDADE;CHOQUE;2;1;0;0;0;0;0;0;0;1;0;Longo da via;Chuvoso;Não existe;Perfeito estado;;Perfeito estado;Não existe;Não há placas;;Dupla;Faixa seccionada;;
202203664;19/02/2022;;COM VÍTIMA;FINALIZADA;AFOGADOS;RUA NICOLAU PEREIRA;;;AFOGADOS;;SUBURBIO;COLISÃO COM CICLISTA;1;0;0;1;0;0;0;0;0;1;0;Longo da via;Bom;Não existe;Perfeito estado;Seca;Perfeito estado;Não existe;R-6a;;Única;Faixa seccionada;;
202203681;19/02/2022;;COM VÍTIMA;FINALIZADA;SAN MARTIN;AV GENERAL SAN MARTIN;;;SAN MARTIN;58;SUBURBIO;QUEDA;0;0;0;1;0;0;0;0;0;1;0;Longo da via;Bom;Sem defeito;Perfeito estado;Seca;Perfeito estado;Faixa de retenção;Não há placas;;Dupla;Faixa contínua;;
202203706;19/02/2022;;COM VÍTIMA;FINALIZADA;VÁRZEA;AV CAXANGA;5759;;VÁRZEA;262;CIDADE;COLISÃO TRASEIRA;1;1;0;0;0;0;0;0;0;1;0;Longo da via;Bom;Sem defeito;Perfeito estado;Seca;Perfeito estado;Faixa de pedestre;R-6a;60 km/h;Dupla;Faixa contínua;Canteiro central;Faixa seccionada
202203716;19/02/2022;;COM VÍTIMA;FINALIZADA;SANTO AMARO;AV GOVERNADOR AGAMENON MAGALHAES;;PTE RAIMUNDO FARIAS;SANTO AMARO;37;SUBURBIO;COLISÃO TRANSVERSAL;1;1;0;0;0;0;0;0;0;1;0;Cruzamento;Bom;Sem defeito;Perfeito estado;Seca;Perfeito estado;Agente;;60 km/h;Única;Faixa seccionada;;
202203717;19/02/2022;;COM VÍTIMA;FINALIZADA;TEJIPIÓ;RUA FALCAO DE LACERDA;101;;TEJIPIÓ;;CIDADE;COLISÃO LATERAL;1;1;0;0;0;0;0;0;0;1;0;Longo da via;Bom;Não existe;Incompleta;Seca;Perfeito estado;Não existe;Não há placas;;Dupla;Não existe;;
202203730;19/02/2022;;COM VÍTIMA;FINALIZADA;PINA;AV CONSELHEIRO AGUIAR;479;;PINA;;CIDADE;COLISÃO LATERAL;1;1;0;0;0;0;0;0;0;2;0;Longo da via;Chuvoso;Não existe;Perfeito estado;Molhada;Perfeito estado;Não existe;Não há placas;;Única;Faixa seccionada;;
202203738;20/02/2022;;COM VÍTIMA;FINALIZADA;ESPINHEIRO;RUA DO ESPINHEIRO;;RUA QUARENTA E OITO;ESPINHEIRO;166;CIDADE;COLISÃO TRANSVERSAL;1;1;0;0;0;0;0;0;0;1;0;Cruzamento;Bom;Sem defeito;Perfeito estado;Seca;Perfeito estado;Faixa de pedestre;Não há placas;;Única;Faixa contínua;Faixa seccionada;
202203741;20/02/2022;;COM VÍTIMA;CANCELADA;SANTO AMARO;AV GOVERNADOR AGAMENON MAGALHAES;;AV DR JAYME DA FONTE;SANTO AMARO;;;COLISÃO LATERAL;1;1;0;0;0;0;0;0;0;1;0;;;;;;;;;;;;;
202203773;20/02/2022;;COM VÍTIMA;CANCELADA;BOA VIAGEM;AV ENGENHEIRO DOMINGOS FERREIRA;;;BOA VIAGEM;;;COLISÃO LATERAL;1;1;0;0;0;0;0;0;0;1;0;;;;;;;;;;;;;
202203776;20/02/2022;;COM VÍTIMA;CANCELADA;SÃO JOSÉ;C SANTA RITA;695;;SÃO JOSÉ;;;COLISÃO TRASEIRA;1;1;0;0;0;0;0;0;0;1;0;;;;;;;;;;;;;
202203784;21/02/2022;;VÍTIMA FATAL;FINALIZADA;AFOGADOS;RUA MOTOCOLOMBO;;;AFOGADOS;;;CHOQUE;0;1;0;0;0;0;0;0;0;0;1;Longo da via;Chuvoso;Não existe;Perfeito estado;Molhada;Perfeito estado;;Outras;;Única;Não existe;;
202203788;21/02/2022;;COM VÍTIMA;FINALIZADA;GRAÇAS;AV GOVERNADOR AGAMENON MAGALHAES;;AV RUI BARBOSA;GRAÇAS;37;CIDADE;COLISÃO TRASEIRA;0;1;0;0;0;0;0;0;0;1;0;Longo da via;Bom;Sem defeito;Perfeito estado;Molhada;Perfeito estado;Faixa de pedestre;Não há placas;60 km/h;Dupla;Canteiro central;;
202203789;21/02/2022;;COM VÍTIMA;FINALIZADA;CASA AMARELA;AV NORTE MIGUEL ARRAES DE ALENCAR;4785;RUA BEZERROS;CASA AMARELA;;CIDADE;COLISÃO TRASEIRA;1;2;0;0;0;0;0;0;0;1;0;Longo da via;Bom;Sem defeito;Perfeito estado;Seca;Perfeito estado;Não existe;Não há placas;;Dupla;Canteiro central;;
202203796;21/02/2022;;COM VÍTIMA;FINALIZADA;IBURA;AV DOM HELDER CAMARA;104;RUA JORNALISTA EDSON REGIS;IBURA;518;;COLISÃO TRASEIRA;0;0;0;0;0;2;0;0;0;8;0;Longo da via;Bom;Sem defeito;Perfeito estado;Seca;Perfeito estado;Faixa de pedestre;R-6c;;Dupla;Canteiro central;;
202203804;21/02/2022;;COM VÍTIMA;FINALIZADA;TORRE;RUA REAL DA TORRE;11201;RUA CONDE DE IRAJA;TORRE;106;;COLISÃO TRASEIRA;1;1;0;0;0;0;0;0;0;1;0;Cruzamento;Bom;Sem defeito;Perfeito estado;Seca;Perfeito estado;;Não há placas;;Única;Não existe;;
202203810;21/02/2022;;COM VÍTIMA;FINALIZADA;DERBY;AV GOVERNADOR AGAMENON MAGALHAES;33;RUA JOAQUIM NABUCO;DERBY;174;SUBURBIO;COLISÃO TRANSVERSAL;1;1;0;0;0;0;0;0;0;1;0;Longo da via;Bom;Sem defeito;Perfeito estado;Seca;Perfeito estado;Faixa de pedestre;Outras;60 km/h;Única;Faixa seccionada;Canteiro central;
202203823;21/02/2022;;SEM VÍTIMA;FINALIZADA;SÃO JOSÉ;RUA CERRO CORA;;AV SUL;SÃO JOSÉ;;;COLISÃO TRASEIRA;2;0;0;0;0;0;0;0;0;0;0;Longo da via;Bom;Sem defeito;Perfeito estado;Seca;Perfeito estado;;Não há placas;60KM/H;Única;Faixa contínua;;
202203834;21/02/2022;;COM VÍTIMA;FINALIZADA;IMBIRIBEIRA;VIADUTO TANCREDO NEVES;;;IMBIRIBEIRA;;CIDADE;CHOQUE;0;1;0;0;0;0;0;0;0;1;0;Longo da via;Bom;Não existe;Perfeito estado;Seca;Perfeito estado;Não existe;Não há placas;;Dupla;Canteiro central;;
202203843;21/02/2022;;SEM VÍTIMA;FINALIZADA;BOA VIAGEM;AV DES JOSE NEVES;;;BOA VIAGEM;;;COLISÃO TRASEIRA;1;1;0;0;0;0;0;0;0;0;0;;;;;;;;;;;;;
202203847;21/02/2022;;SEM VÍTIMA;FINALIZADA;MADALENA;RUA REAL DA TORRE;;RUA JOSE OSORIO;MADALENA;;;COLISÃO LATERAL;1;1;0;0;0;0;0;0;0;0;0;;;;;;;;;;;;;
202203848;21/02/2022;;VÍTIMA FATAL;FINALIZADA;SANTO AMARO;RUA DA AURORA;1259;;SANTO AMARO;;;CHOQUE;0;1;0;0;0;0;0;0;0;0;1;Longo da via;Bom;Não existe;Perfeito estado;Seca;Perfeito estado;Faixa de pedestre;Não há placas;60 km/h;Dupla;Canteiro central;;
202203870;22/02/2022;;COM VÍTIMA;FINALIZADA;IPSEP;RUA JEAN EMILE FAVRE;111;RUA IZABEL DE SOUZA;IPSEP;;;COLISÃO LATERAL;1;1;0;0;0;0;0;0;0;1;0;Cruzamento;Bom;Não existe;Perfeito estado;Seca;Perfeito estado;Não existe;R-6a;;Única;Faixa seccionada;;
202203871;22/02/2022;;SEM VÍTIMA;FINALIZADA;BOA VIAGEM;RUA PROFESSOR AUGUSTO LINS E SILVA;835;;BOA VIAGEM;;;COLISÃO FRONTAL;1;0;0;0;0;0;0;1;0;0;0;Cruzamento;Bom;Sem defeito;Perfeito estado;Seca;Perfeito estado;Agente;Outras;;Dupla;Canteiro central;;
202203873;22/02/2022;;COM VÍTIMA;FINALIZADA;MANGABEIRA;AV NORTE MIGUEL ARRAES DE ALENCAR;4544;;MANGABEIRA;96;SUBURBIO;COLISÃO LATERAL;2;1;0;0;0;0;0;0;0;1;0;;;;;;;;;;;;;
202203875;22/02/2022;;COM VÍTIMA;FINALIZADA;BOA VIAGEM;RUA PROFESSOR JOSE BRANDAO;229;RUA ANTONIO DE SA LEITAO;BOA VIAGEM;;SUBURBIO;COLISÃO LATERAL;2;0;0;0;0;0;0;0;0;2;0;Cruzamento;Bom;Não existe;Perfeito estado;Seca;Perfeito estado;Faixa de retenção;Não há placas;;Dupla;Faixa seccionada;;
202203887;22/02/2022;;COM VÍTIMA;FINALIZADA;BOA VIAGEM;RUA BALTAZAR PASSOS;6472;AV BOA VIAGEM;BOA VIAGEM;149;CIDADE;COLISÃO TRANSVERSAL;0;2;0;0;0;0;0;0;0;1;0;Cruzamento;Bom;Sem defeito;Perfeito estado;Seca;Perfeito estado;Faixa de pedestre;Não há placas;;Única;Não existe;;
202203890;22/02/2022;;SEM VÍTIMA;FINALIZADA;ESPINHEIRO;AV JOAO DE BARROS;;RUA CONS PORTELA;ESPINHEIRO;;;COLISÃO LATERAL;1;0;0;0;0;0;0;0;1;0;0;;;;;;;;;;;;;
202203893;22/02/2022;;COM VÍTIMA;FINALIZADA;ROSARINHO;AV NORTE MIGUEL ARRAES DE ALENCAR;3301;;ROSARINHO;;CIDADE;ATROPELAMENTO DE PESSOA;0;0;0;0;1;1;0;0;0;1;0;Longo da via;Bom;Não existe;Perfeito estado;Seca;Perfeito estado;Não existe;R-6c;;Dupla;Canteiro central;;
202203929;22/02/2022;;COM VÍTIMA;FINALIZADA;MADALENA;RUA BENFICA;480;RUA HEITOR MAIA;MADALENA;;SUBURBIO;COLISÃO LATERAL;1;1;0;0;0;0;0;0;0;1;0;Longo da via;Bom;Não existe;Perfeito estado;Seca;Perfeito estado;Não existe;Outras;;Dupla;Não existe;;
202203938;22/02/2022;;COM VÍTIMA;FINALIZADA;IMBIRIBEIRA;RUA ARQUITETO LUIZ NUNES;1373;RUA MIS JOEL CARLSON;IMBIRIBEIRA;633;CIDADE;COLISÃO COM CICLISTA;1;0;0;1;0;0;0;0;0;1;0;Cruzamento;Bom;Sem defeito;Perfeito estado;Seca;Perfeito estado;Faixa de pedestre;R-19;30 km/h;Dupla;Faixa contínua;;
202203957;22/02/2022;;COM VÍTIMA;CANCELADA;BOA VIAGEM;AV CONSELHEIRO AGUIAR;;RUA RIBEIRO DE BRITO;BOA VIAGEM;147;;COLISÃO LATERAL;1;1;0;0;0;0;0;0;0;1;0;;;;;;;;;;;;;
202204002;23/02/2022;;SEM VÍTIMA;FINALIZADA;BONGI;AV ENGENHEIRO ABDIAS DE CARVALHO;;RUA CARLOS GOMES;BONGI;;;COLISÃO TRASEIRA;2;0;0;0;0;0;0;0;0;0;0;Cruzamento;Bom;Sem defeito;Perfeito estado;Seca;Perfeito estado;Faixa de pedestre;R-6a;60KM/H;Dupla;Canteiro central;;
202204010;23/02/2022;;COM VÍTIMA;FINALIZADA;CASA AMARELA;AV NORTE MIGUEL ARRAES DE ALENCAR;;;CASA AMARELA;364;CIDADE;QUEDA;0;1;0;0;0;0;0;0;0;2;0;Cruzamento;Bom;Sem defeito;Perfeito estado;Seca;Perfeito estado;Faixa de pedestre;Outras;;Dupla;Faixa contínua;Canteiro central;Blocos
202204054;23/02/2022;;SEM VÍTIMA;FINALIZADA;PARNAMIRIM;RUA TITO ROSAS;;;PARNAMIRIM;;;COLISÃO LATERAL;0;0;0;0;0;0;1;1;0;0;0;Cruzamento;Bom;Sem defeito;;Seca;Perfeito estado;Faixa de pedestre;Não há placas;60KM/H;Única;Faixa seccionada;;
202204055;24/02/2022;;COM VÍTIMA;CANCELADA;MADALENA;RUA BENFICA;;;MADALENA;;;COLISÃO COM CICLISTA;1;0;0;1;0;0;0;0;0;1;0;;;;;;;;;;;;;
202204060;23/02/2022;;SEM VÍTIMA;CANCELADA;MADALENA;AV VISCONDE DE ALBUQUERQUE;;RUA LOPES DE CARVALHO;MADALENA;;;COLISÃO LATERAL;2;0;0;0;0;0;0;0;0;0;0;;;;;;;;;;;;;
202204061;23/02/2022;;COM VÍTIMA;CANCELADA;BREJO DA GUABIRABA;AV VEREADOR OTACILIO AZEVEDO;;;BREJO DA GUABIRABA;;;COLISÃO FRONTAL;0;2;0;0;0;0;0;0;0;2;0;;;;;;;;;;;;;
202204084;24/02/2022;;VÍTIMA FATAL;FINALIZADA;IPSEP;RUA HELIO BRANDAO;351;;IPSEP;;;QUEDA;0;0;0;1;0;0;0;0;0;0;1;;;;;;;;;;;;;
202204112;24/02/2022;;COM VÍTIMA;FINALIZADA;BOA VIAGEM;AV MARECHAL JUAREZ TAVORA;637;;BOA VIAGEM;;CIDADE;COLISÃO TRANSVERSAL;1;1;0;0;0;0;0;0;0;1;0;Longo da via;Bom;Não existe;Perfeito estado;Seca;Perfeito estado;Faixa de pedestre;"Placas ""Pare""";;Única;Faixa contínua;Faixa seccionada;
202204119;24/02/2022;;COM VÍTIMA;FINALIZADA;SANTO ANTÔNIO;AV DANTAS BARRETO;;RUA DO PEIXOTO;SANTO ANTÔNIO;181;SUBURBIO;COLISÃO TRANSVERSAL;1;0;0;0;0;1;0;0;0;1;0;Cruzamento;Bom;Sem defeito;Perfeito estado;Seca;Perfeito estado;Faixa de pedestre;R-6a;;;Faixa contínua;;
202204141;24/02/2022;;COM VÍTIMA;FINALIZADA;CORDEIRO;RUA GOMES TABORDA;156;RUA MANDIORE;CORDEIRO;;CIDADE;COLISÃO TRANSVERSAL;1;1;0;0;0;0;0;0;0;1;0;Longo da via;Bom;Não existe;Perfeito estado;Seca;Perfeito estado;Não existe;R-6a;;Dupla;Faixa seccionada;;
202204197;25/02/2022;;COM VÍTIMA;FINALIZADA;CASA AMARELA;RUA PADRE LEMOS;94;;CASA AMARELA;;;COLISÃO LATERAL;1;1;0;0;0;0;0;0;0;1;0;Longo da via;Bom;Sem defeito;Perfeito estado;Seca;Perfeito estado;Faixa de pedestre;Outras;;Dupla;Faixa contínua;;
202204221;25/02/2022;;SEM VÍTIMA;FINALIZADA;DERBY;AV GOVERNADOR AGAMENON MAGALHAES;;;DERBY;;;COLISÃO TRASEIRA;1;0;0;0;0;1;0;0;0;0;0;Ponte;Bom;Sem defeito;Perfeito estado;Seca;Perfeito estado;Faixa de retenção;Não há placas;;Única;Faixa contínua;;
202204249;25/02/2022;;SEM VÍTIMA;FINALIZADA;MADALENA;AV ENGENHEIRO ABDIAS DE CARVALHO;;;MADALENA;;;COLISÃO TRASEIRA;1;1;0;0;0;0;0;0;0;0;0;;;;;;;;;;;;;
202204273;26/02/2022;;COM VÍTIMA;CANCELADA;IBURA;RUA PARANAVAI;69;;IBURA;;;COLISÃO FRONTAL;1;1;0;0;0;0;0;0;0;1;0;;;;;;;;;;;;;
202204293;26/02/2022;;SEM VÍTIMA;FINALIZADA;BOA VISTA;AV CONDE DA BOA VISTA;;;BOA VISTA;;;COLISÃO TRASEIRA;1;0;0;0;0;0;0;1;0;0;0;Longo da via;Bom;Sem defeito;Perfeito estado;Seca;Perfeito estado;Faixa de pedestre;Não há placas;;Dupla;Canteiro central;;
202204294;26/02/2022;;COM VÍTIMA;FINALIZADA;BOA VIAGEM;RUA DEZ DE JULHO;;AV VINTE E TRES DE OUTUBRO;BOA VIAGEM;;CIDADE;COLISÃO TRANSVERSAL;2;1;0;0;0;0;0;0;0;1;0;Cruzamento;Bom;Não existe;Perfeito estado;Seca;Perfeito estado;Não existe;R-4a;;Única;Faixa seccionada;;
202204310;26/02/2022;;SEM VÍTIMA;CANCELADA;AREIAS;RUA SAO MIGUEL;;;AREIAS;;;COLISÃO LATERAL;2;0;0;0;0;0;0;0;0;0;0;;;;;;;;;;;;;
202204326;26/02/2022;;COM VÍTIMA;FINALIZADA;PARNAMIRIM;RUA DONA RITA DE SOUZA;187;RUA DR SAMUEL LINS;PARNAMIRIM;;SUBURBIO;COLISÃO TRANSVERSAL;1;1;0;0;0;0;0;0;0;1;0;Cruzamento;Bom;Não existe;Perfeito estado;Seca;Perfeito estado;Não existe;Outras;;Dupla;Faixa seccionada;;
202204329;26/02/2022;;COM VÍTIMA;FINALIZADA;JORDÃO;AV DONA CARENTINA;;;JORDÃO;;SUBURBIO;COLISÃO FRONTAL;1;1;0;0;0;0;0;0;0;1;0;Longo da via;Bom;Não existe;Incompleta;Seca;Perfeito estado;;Não há placas;40 km/h;Dupla;Não existe;;
202204331;26/02/2022;;COM VÍTIMA;FINALIZADA;PINA;AVENIDA CELSO FURTADO (VIA MANGUE);;RUA JOSE PAES DE BARROS;PINA;;SUBURBIO;COLISÃO LATERAL;1;1;0;0;0;0;0;0;0;1;0;Longo da via;Bom;Não existe;Perfeito estado;Seca;Perfeito estado;Não existe;Outras;60 km/h;Dupla;Canteiro central;;
202204374;28/02/2022;;SEM VÍTIMA;CANCELADA;IBURA;AV MANAUS;;;IBURA;;;COLISÃO LATERAL;1;0;0;0;0;0;0;1;0;0;0;;;;;;;;;;;;;
202204408;28/02/2022;;COM VÍTIMA;FINALIZADA;ESPINHEIRO;RUA MARQUES DO PARANA;209;RUA ALFREDO DE CARVALHO;ESPINHEIRO;;SUBURBIO;COLISÃO TRANSVERSAL;1;0;0;0;0;1;0;0;0;1;0;Cruzamento;Bom;Não existe;Ilegível;Seca;Perfeito estado;Não existe;Não há placas;;Única;Não existe;;
202204411;28/02/2022;;COM VÍTIMA;FINALIZADA;PINA;AV HERCULANO BANDEIRA;591;RUA SAO LUIZ;PINA;;;COLISÃO LATERAL;1;1;0;0;0;0;0;0;0;1;0;Esquina;Bom;Não existe;Perfeito estado;Seca;Perfeito estado;Não existe;Não há placas;;Única;Faixa contínua;;
202204414;28/02/2022;;COM VÍTIMA;FINALIZADA;CORDEIRO;AV CAXANGA;1492;;CORDEIRO;265;SUBURBIO;COLISÃO TRASEIRA;1;1;0;0;0;0;0;0;0;1;0;Longo da via;Bom;Sem defeito;Perfeito estado;Seca;Perfeito estado;Faixa de retenção;Não há placas;60 km/h;Única;Faixa contínua;;
202204418;28/02/2022;;COM VÍTIMA;FINALIZADA;BARRO;AV DR JOSE RUFINO;773;RUA AIRES BELO;BARRO;;CIDADE;COLISÃO TRANSVERSAL;0;2;0;0;0;0;0;0;0;1;0;Longo da via;Bom;Não existe;Incompleta;Seca;Perfeito estado;Não existe;Não há placas;;Dupla;Faixa contínua;;
202204419;28/02/2022;;COM VÍTIMA;FINALIZADA;BOA VIAGEM;AV ENGENHEIRO DOMINGOS FERREIRA;;RUA RIBEIRO DE BRITO;BOA VIAGEM;155;SUBURBIO;CHOQUE;1;0;0;0;0;0;0;0;0;1;0;Longo da via;Bom;Sem defeito;Perfeito estado;Seca;Perfeito estado;Agente;Outras;;Única;Canteiro central;;
202204421;28/02/2022;;COM VÍTIMA;FINALIZADA;ESPINHEIRO;AV CONS ROSA E SILVA;650;RUA AMELIA;ESPINHEIRO;46;SUBURBIO;COLISÃO LATERAL;1;1;0;0;0;0;0;0;0;1;0;Cruzamento;Bom;Sem defeito;Perfeito estado;Seca;Perfeito estado;Faixa de pedestre;Outras;;Única;;;
202204425;28/02/2022;;SEM VÍTIMA;CANCELADA;TEJIPIÓ;AV DR JOSE RUFINO;3905;;TEJIPIÓ;;;COLISÃO TRASEIRA;2;0;0;0;0;0;0;0;0;0;0;;;;;;;;;;;;;
202204438;28/02/2022;;SEM VÍTIMA;FINALIZADA;IPUTINGA;RUA DR JOSE ANASTACIO DA SILVA GUIMARAES;334;;IPUTINGA;;;COLISÃO FRONTAL;0;1;0;0;0;0;0;1;0;0;0;Longo da via;Bom;Não existe;Não existente;Seca;Perfeito estado;Não existe;Não há placas;;Dupla;Não existe;;
202204439;28/02/2022;;SEM VÍTIMA;FINALIZADA;BREJO DA GUABIRABA;RUA CORREGO DA BICA;508;;BREJO DA GUABIRABA;;;COLISÃO LATERAL;1;0;0;0;0;1;0;0;0;0;0;Longo da via;Bom;Não existe;Não existente;Seca;Perfeito estado;Não existe;Não há placas;;Dupla;Não existe;;
202204473;01/03/2022;;COM VÍTIMA;FINALIZADA;GUABIRABA;RUA DAS FLORES;1134;;GUABIRABA;;SUBURBIO;COLISÃO FRONTAL;0;1;0;0;0;1;0;0;0;2;0;Longo da via;Bom;Não existe;Perfeito estado;Seca;Mal conservada;Outros;Outras;;Dupla;Faixa seccionada;;
202204498;01/03/2022;;COM VÍTIMA;FINALIZADA;CABANGA;VDO PAPA JOAO PAULO II;;;CABANGA;;CIDADE;COLISÃO COM CICLISTA;1;0;0;1;0;0;0;0;0;1;0;Viaduto;Bom;Não existe;Perfeito estado;Seca;Perfeito estado;Outros;Não há placas;60 km/h;Única;Faixa seccionada;;
202204505;01/03/2022;;COM VÍTIMA;FINALIZADA;ESPINHEIRO;RUA AMELIA;114;RUA DR VICENTE MEIRA;ESPINHEIRO;;CIDADE;COLISÃO TRANSVERSAL;1;1;0;0;0;0;0;0;0;1;0;Outros;Bom;Não existe;Perfeito estado;Seca;Perfeito estado;Faixa de retenção;"Placas ""Pare""";40 km/h;Única;Faixa seccionada;;
202204512;01/03/2022;;COM VÍTIMA;FINALIZADA;IBURA;AV DOIS RIOS;463;AV BRIGADEIRO SECO;IBURA;;CIDADE;COLISÃO TRANSVERSAL;1;1;0;0;0;0;0;0;0;1;0;Esquina;Bom;Não existe;Perfeito estado;Seca;Perfeito estado;;Não há placas;;Dupla;Faixa seccionada;Faixa contínua;
202204513;02/03/2022;;COM VÍTIMA;FINALIZADA;CORDEIRO;AV CAXANGA;2555;AV INACIO MONTEIRO;CORDEIRO;;SUBURBIO;COLISÃO TRANSVERSAL;2;0;0;0;0;0;0;0;0;1;0;Cruzamento;Bom;Sem defeito;Perfeito estado;Seca;Perfeito estado;Faixa de pedestre;R-6a;;Dupla;Canteiro central;;
202204524;02/03/2022;;COM VÍTIMA;FINALIZADA;BOA VIAGEM;RUA ALMIRANTE BATISTA LEAO;649;RUA GENERAL SALGADO;BOA VIAGEM;;CIDADE;COLISÃO TRANSVERSAL;1;1;0;0;0;0;0;0;0;1;0;Cruzamento;Chuvoso;Não existe;Perfeito estado;Molhada;Perfeito estado;Faixa de pedestre;"Placas ""Pare""";30 km/h;Única;Não existe;;
202204525;02/03/2022;;SEM VÍTIMA;FINALIZADA;PINA;AV ENGENHEIRO DOMINGOS FERREIRA;2430;;PINA;;;CHOQUE;0;0;0;0;0;1;0;0;0;0;0;;;;;;;;;;;;;
202204540;02/03/2022;;COM VÍTIMA;FINALIZADA;BOA VIAGEM;RUA ANTONIO FALCAO;552;;BOA VIAGEM;;SUBURBIO;COLISÃO LATERAL;1;1;0;0;0;0;0;0;0;1;0;Longo da via;Bom;Não existe;Não existente;Seca;Perfeito estado;Não existe;Não há placas;;Única;Não existe;;
202204552;02/03/2022;;COM VÍTIMA;FINALIZADA;CORDEIRO;AV CAXANGA;1221;RUA GREGORIO JUNIOR;CORDEIRO;236;CIDADE;COLISÃO LATERAL;1;0;0;0;0;1;0;1;0;1;0;Longo da via;Bom;Sem defeito;Perfeito estado;Seca;Perfeito estado;Faixa de retenção;Não há placas;60 km/h;Única;Faixa contínua;;
202204553;02/03/2022;;COM VÍTIMA;FINALIZADA;ARRUDA;AV PROFESSOR JOSE DOS ANJOS;162;;ARRUDA;;CIDADE;COLISÃO COM CICLISTA;0;1;0;1;0;0;0;0;0;2;0;Longo da via;Bom;Não existe;Perfeito estado;Seca;Perfeito estado;Faixa de pedestre;Outras;40 km/h;Única;Faixa seccionada;;
202204589;03/03/2022;;COM VÍTIMA;FINALIZADA;IMBIRIBEIRA;PTE DO MOTOCOLOMBO;;;IMBIRIBEIRA;;CIDADE;COLISÃO TRANSVERSAL;1;1;0;0;0;0;0;0;0;2;0;;;;;;;;;;;;;
202204592;03/03/2022;;COM VÍTIMA;FINALIZADA;ESTÂNCIA;AV DR JOSE RUFINO;246A;;ESTÂNCIA;;CIDADE;COLISÃO TRASEIRA;1;1;0;0;0;0;0;0;0;1;0;Longo da via;Bom;Sem defeito;Perfeito estado;Seca;Perfeito estado;Não existe;Não há placas;;Dupla;Faixa contínua;;
202204597;03/03/2022;;COM VÍTIMA;FINALIZADA;BONGI;AV MANOEL GONCALVES DA LUZ;957;EST DO BONGI;BONGI;;;COLISÃO FRONTAL;2;0;0;0;0;0;0;0;0;1;0;Cruzamento;Bom;Não existe;Incompleta;Seca;Perfeito estado;Não existe;Não há placas;;Dupla;Faixa seccionada;;
202204599;03/03/2022;;COM VÍTIMA;FINALIZADA;APIPUCOS;RUA DE APIPUCOS;;;APIPUCOS;500;;COLISÃO TRASEIRA;0;1;0;0;0;0;1;0;0;1;0;Longo da via;Bom;Sem defeito;Perfeito estado;Seca;Perfeito estado;Agente;Não há placas;;Dupla;Faixa contínua;;