Protocolo;data;hora;natureza;situacao;bairro;endereco;numero;detalhe_endereco_acidente;bairro_cruzamento;num_semaforo;sentido_via;tipo;auto;moto;ciclom;ciclista;pedestre;onibus;caminhao;viatura;outros;vitimas;vitimasfatais;acidente_verificado;tempo_clima;situacao_semaforo;sinalizacao;condicao_via;conservacao_via;ponto_controle;situacao_placa;velocidade_max_via;mao_direcao;divisao_via1;divisao_via2;divisao_via3
202204612;03/03/2022;;COM VÍTIMA;FINALIZADA;TORRÕES;AV ENGENHEIRO ABDIAS DE CARVALHO;2716;EST DO FORTE DO ARRAIAL N. DO B. JESUS;TORRÕES;375;SUBURBIO;COLISÃO TRASEIRA;1;1;0;0;0;0;0;0;0;1;0;Cruzamento;Bom;Sem defeito;Incompleta;Seca;Perfeito estado;Faixa de pedestre;Outras;60 km/h;Dupla;Faixa contínua;Faixa seccionada;Canteiro central
202204643;03/03/2022;;COM VÍTIMA;FINALIZADA;SANTO AMARO;AV GOVERNADOR AGAMENON MAGALHAES;;;SANTO AMARO;;CIDADE;COLISÃO LATERAL;1;0;0;0;0;0;0;1;0;1;0;Longo da via;Bom;Não existe;Perfeito estado;Seca;Perfeito estado;Não existe;Não há placas;60 km/h;Dupla;Canteiro central;;
202204648;03/03/2022;;COM VÍTIMA;FINALIZADA;BOA VIAGEM;AVENIDA CELSO FURTADO (VIA MANGUE);;RUA PADRE BERNADINO PESSOA;BOA VIAGEM;;SUBURBIO;CHOQUE;0;1;0;0;0;0;0;0;0;1;0;Cruzamento;Bom;Não existe;Perfeito estado;Seca;Perfeito estado;Não existe;Outras;60 km/h;Única;Faixa seccionada;Blocos;
202204653;03/03/2022;;COM VÍTIMA;FINALIZADA;CORDEIRO;RUA GOMES TABORDA;;;CORDEIRO;;SUBURBIO;ATROPELAMENTO DE PESSOA;0;1;0;0;1;0;0;0;0;1;0;Longo da via;Bom;;;Seca;Mal conservada;;;;;;;
202204680;04/03/2022;;COM VÍTIMA;FINALIZADA;SANTO AMARO;PRC DO CAMPO SANTO;455;;SANTO AMARO;;CIDADE;COLISÃO LATERAL;1;1;0;0;0;0;0;0;0;1;0;Longo da via;Bom;Não existe;Perfeito estado;Seca;Perfeito estado;Faixa de pedestre;"Placas ""Pare""";;Dupla;Não existe;;
202204684;04/03/2022;;SEM VÍTIMA;FINALIZADA;BOA VISTA;RUA DO GIRIQUITI;155;;BOA VISTA;;CIDADE;;1;0;0;0;0;0;0;1;0;0;0;Longo da via;Bom;Não existe;Perfeito estado;Seca;Perfeito estado;Não existe;Outras;;Única;Não existe;;
202204731;04/03/2022;;SEM VÍTIMA;FINALIZADA;BOA VIAGEM;RUA BALTAZAR PASSOS;;RUA PROFESSOR AUGUSTO LINS E SILVA;BOA VIAGEM;;;COLISÃO LATERAL;1;1;0;0;0;0;0;0;0;0;0;;;;;;;;;;;;;
202204737;04/03/2022;;COM VÍTIMA;FINALIZADA;BOA VISTA;AV CONDE DA BOA VISTA;;RUA DO HOSPICIO;BOA VISTA;;SUBURBIO;ATROPELAMENTO DE PESSOA;0;0;0;0;1;1;0;0;0;1;0;Cruzamento;Bom;Sem defeito;Perfeito estado;Molhada;Perfeito estado;Faixa de pedestre;Outras;;Dupla;Canteiro central;;
202204760;04/03/2022;;SEM VÍTIMA;FINALIZADA;AFOGADOS;RUA IMPERIAL;;;AFOGADOS;510;;COLISÃO LATERAL;2;0;0;0;0;0;0;0;0;0;0;;;;;;;;;;;;;
202204764;05/03/2022;;COM VÍTIMA;FINALIZADA;ROSARINHO;AV NORTE MIGUEL ARRAES DE ALENCAR;;AV SANTOS DUMONT;ROSARINHO;81;CIDADE;COLISÃO LATERAL;1;1;0;0;0;0;0;0;0;1;0;Cruzamento;Chuvoso;Sem defeito;Perfeito estado;Molhada;Perfeito estado;Faixa de pedestre;Outras;;Dupla;Canteiro central;;
202204765;05/03/2022;;COM VÍTIMA;FINALIZADA;BOA VISTA;AV CONDE DA BOA VISTA;569;RUA GERVASIO PIRES;BOA VISTA;24;CIDADE;COLISÃO TRANSVERSAL;2;0;0;0;0;0;0;0;0;1;0;Cruzamento;Chuvoso;Sem defeito;Perfeito estado;Molhada;Perfeito estado;Faixa de pedestre;Outras;;Dupla;Canteiro central;;
202204788;05/03/2022;;COM VÍTIMA;FINALIZADA;AREIAS;AV DR JOSE RUFINO;790;;AREIAS;;SUBURBIO;COLISÃO TRANSVERSAL;1;1;0;0;0;0;0;0;0;1;0;Longo da via;Chuvoso;Não existe;Perfeito estado;Molhada;Perfeito estado;Não existe;Não há placas;;Dupla;Faixa contínua;;
202204792;05/03/2022;;COM VÍTIMA;FINALIZADA;CURADO;AV PREFEITO ANTONIO PEREIRA;231;RUA MINISTRO MARIO ANDREAZZA;CURADO;;SUBURBIO;COLISÃO TRANSVERSAL;1;0;0;0;0;1;0;0;0;2;0;Cruzamento;Chuvoso;Não existe;Não existente;Molhada;Perfeito estado;Não existe;Não há placas;;Dupla;Canteiro central;;
202204837;05/03/2022;;COM VÍTIMA;FINALIZADA;SAN MARTIN;RUA COMENDADOR FRANCO FERREIRA;307;RUA DUARTE FILHO;SAN MARTIN;;CIDADE;COLISÃO COM CICLISTA;1;0;0;1;0;0;0;0;0;1;0;Cruzamento;Chuvoso;Não existe;Ilegível;Molhada;Perfeito estado;Não existe;;30 km/h;Dupla;Não existe;;
202204862;06/03/2022;;SEM VÍTIMA;CANCELADA;BOA VIAGEM;AV BOA VIAGEM;;;BOA VIAGEM;;;COLISÃO TRASEIRA;2;0;0;0;0;0;0;0;0;0;0;;;;;;;;;;;;;
202204875;06/03/2022;;COM VÍTIMA;FINALIZADA;IBURA;RUA EMILIO MONTEIRO FONSECA;;;IBURA;;;COLISÃO LATERAL;1;1;0;0;0;0;0;0;0;1;0;Cruzamento;Chuvoso;Não existe;Incompleta;Molhada;Mal conservada;Não existe;Outras;40 km/h;Dupla;Não existe;;
202204930;06/03/2022;;COM VÍTIMA;FINALIZADA;TAMARINEIRA;AV NORTE MIGUEL ARRAES DE ALENCAR;382;;TAMARINEIRA;62;SUBURBIO;COLISÃO TRASEIRA;1;1;0;0;0;0;0;0;0;1;0;Longo da via;Bom;Sem defeito;Perfeito estado;Seca;Perfeito estado;Faixa de pedestre;Outras;;Dupla;Canteiro central;Blocos;
202204932;06/03/2022;;COM VÍTIMA;FINALIZADA;TORRE;RUA PIO NONO;435;RUA JOSE DE HOLANDA;TORRE;;SUBURBIO;COLISÃO TRANSVERSAL;1;1;0;0;0;0;0;0;0;1;0;Cruzamento;Bom;Não existe;Perfeito estado;Seca;Perfeito estado;Não existe;"Placas ""Pare""";20 km/h;Dupla;Não existe;;
202204934;06/03/2022;;COM VÍTIMA;CANCELADA;ÁGUA FRIA;AV BEBERIBE;;;ÁGUA FRIA;;;ATROPELAMENTO DE PESSOA;1;0;0;0;1;0;0;0;0;1;0;;;;;;;;;;;;;
202204944;07/03/2022;;COM VÍTIMA;CANCELADA;BOA VISTA;RUA VELHA;;;BOA VISTA;;;COLISÃO LATERAL;0;1;0;1;0;0;0;0;0;2;0;;;;;;;;;;;;;
202204966;07/03/2022;;COM VÍTIMA;FINALIZADA;GRAÇAS;RUA ALBERTO PAIVA;;RUA DO FUTURO;GRAÇAS;521;CIDADE;COLISÃO LATERAL;3;0;0;0;0;0;0;0;0;1;0;Cruzamento;Chuvoso;Sem defeito;Perfeito estado;Seca;Perfeito estado;Faixa de pedestre;Outras;;Única;Faixa contínua;Faixa seccionada;
202204983;07/03/2022;;COM VÍTIMA;FINALIZADA;BOA VIAGEM;AV BOA VIAGEM;4752;;BOA VIAGEM;;CIDADE;COLISÃO LATERAL;1;1;0;0;0;0;0;0;0;1;0;Longo da via;Bom;Não existe;Perfeito estado;Seca;Perfeito estado;Não existe;Outras;60 km/h;Única;Faixa seccionada;;
202204990;07/03/2022;;COM VÍTIMA;FINALIZADA;MUSTARDINHA;AV MANOEL GONCALVES DA LUZ;350;;MUSTARDINHA;;CIDADE;COLISÃO TRANSVERSAL;2;1;0;0;0;0;0;0;0;1;0;Cruzamento;Bom;Sem defeito;Incompleta;Seca;Mal conservada;Faixa de retenção;Outras;40 km/h;Dupla;Faixa seccionada;;
202205011;07/03/2022;;COM VÍTIMA;FINALIZADA;VÁRZEA;AV AFONSO OLINDENSE;1513;;VÁRZEA;;;COLISÃO FRONTAL;1;0;0;0;0;1;0;0;0;1;0;Longo da via;Bom;Não existe;Perfeito estado;Seca;Perfeito estado;Não existe;R-19;30 km/h;Dupla;Faixa contínua;;
202205083;08/03/2022;;COM VÍTIMA;CANCELADA;CORDEIRO;AV CAXANGA;;RUA DOM JOSE PEREIRA ALVES;CORDEIRO;;;COLISÃO LATERAL;1;1;0;0;0;0;0;0;0;1;0;;;;;;;;;;;;;
202205111;08/03/2022;;COM VÍTIMA;FINALIZADA;ILHA DO LEITE;RUA MARQUES AMORIM;;RUA ESPERANTO;ILHA DO LEITE;;;COLISÃO TRANSVERSAL;2;0;0;0;0;0;0;0;0;1;0;Cruzamento;Bom;Não existe;Perfeito estado;Seca;Perfeito estado;Faixa de pedestre;"Placas ""Pare""";;;Faixa seccionada;;
202205123;08/03/2022;;COM VÍTIMA;FINALIZADA;CASA AMARELA;AV NORTE MIGUEL ARRAES DE ALENCAR;;AV PROFESSOR JOSE DOS ANJOS;CASA AMARELA;364;SUBURBIO;COLISÃO FRONTAL;0;2;0;0;0;0;0;0;0;1;0;Ponte;Bom;Sem defeito;Ilegível;Seca;Perfeito estado;Faixa de pedestre;Outras;60 km/h;;Não existe;;
202205126;08/03/2022;;COM VÍTIMA;CANCELADA;ILHA DO RETIRO;RUA TABAIARES;;;ILHA DO RETIRO;;;COLISÃO LATERAL;0;1;0;0;0;0;0;0;1;2;0;;;;;;;;;;;;;
202205130;08/03/2022;;COM VÍTIMA;FINALIZADA;BAIRRO DO RECIFE;AV ALFREDO LISBOA;;;BAIRRO DO RECIFE;;CIDADE;COLISÃO LATERAL;0;2;0;0;0;0;0;0;0;1;0;Longo da via;Bom;Não existe;Perfeito estado;Seca;Perfeito estado;Faixa de pedestre;Não há placas;;Única;Não existe;;
202205179;09/03/2022;;COM VÍTIMA;FINALIZADA;SANTO AMARO;AV CRUZ CABUGA;449;RUA ARARIPINA;SANTO AMARO;;CIDADE;COLISÃO LATERAL;1;0;1;0;0;0;0;0;0;1;0;Longo da via;Bom;Não existe;Perfeito estado;Seca;Perfeito estado;Não existe;Não há placas;60 km/h;Dupla;Faixa contínua;;
202205212;09/03/2022;;COM VÍTIMA;FINALIZADA;BOA VISTA;RUA DO HOSPICIO;875;RUA JOAO LIRA;BOA VISTA;32;CIDADE;COLISÃO COM CICLISTA;0;1;0;1;0;0;0;0;0;1;0;Cruzamento;Bom;Sem defeito;Perfeito estado;Seca;Perfeito estado;Faixa de pedestre;Outras;;Dupla;Faixa contínua;;
202205213;09/03/2022;;COM VÍTIMA;FINALIZADA;BEBERIBE;RUA PORTAO DO GELO;;AV BEBERIBE;BEBERIBE;;SUBURBIO;CHOQUE;1;1;0;0;0;0;0;0;0;1;0;Longo da via;Bom;Não existe;Perfeito estado;Seca;Perfeito estado;Não existe;R-6a;;Dupla;Faixa contínua;;
202205246;09/03/2022;;COM VÍTIMA;FINALIZADA;SANTO ANTÔNIO;AV MARTINS DE BARROS;;PTE CONDE MAURICIO DE NASSAU;SANTO ANTÔNIO;194;SUBURBIO;ATROPELAMENTO DE PESSOA;0;1;0;0;1;0;0;0;0;1;0;Cruzamento;Bom;Sem defeito;Perfeito estado;Seca;Perfeito estado;Faixa de pedestre;Não há placas;;Única;Faixa seccionada;;
202205271;10/03/2022;;COM VÍTIMA;FINALIZADA;AFOGADOS;AV SUL;1562;RUA OSCAR MELO;AFOGADOS;;CIDADE;QUEDA;0;1;0;0;0;0;0;0;0;1;0;Longo da via;Bom;Sem defeito;Não existente;Molhada;Perfeito estado;Não existe;Não há placas;;Única;Canteiro central;;
202205276;10/03/2022;;COM VÍTIMA;FINALIZADA;ZUMBI;AV CAXANGA;;;ZUMBI;274;CIDADE;COLISÃO COM CICLISTA;0;0;0;1;0;1;0;0;0;1;0;Longo da via;Bom;Sem defeito;Perfeito estado;Seca;Perfeito estado;Não existe;Outras;50 km/h;Dupla;Canteiro central;;
202205303;10/03/2022;;COM VÍTIMA;FINALIZADA;CASA FORTE;AV DEZESSETE DE AGOSTO;500;;CASA FORTE;345;SUBURBIO;COLISÃO TRASEIRA;1;1;0;0;0;0;0;0;0;1;0;Longo da via;Bom;Sem defeito;Perfeito estado;Seca;Perfeito estado;Faixa de pedestre;Outras;;Dupla;Faixa contínua;;
202205304;11/03/2022;;COM VÍTIMA;FINALIZADA;SANTO ANTÔNIO;AV GUARARAPES;;AV DANTAS BARRETO;SANTO ANTÔNIO;15;;ATROPELAMENTO DE PESSOA;0;0;0;0;1;1;0;0;0;1;0;Cruzamento;Bom;Sem defeito;Perfeito estado;Seca;Perfeito estado;Faixa de pedestre;Outras;40 km/h;Dupla;Canteiro central;;
202205310;10/03/2022;;COM VÍTIMA;FINALIZADA;BOA VIAGEM;AV ENGENHEIRO DOMINGOS FERREIRA;2284;RUA DONA BENVINDA DE FARIAS;BOA VIAGEM;139;SUBURBIO;COLISÃO TRASEIRA;3;0;0;0;0;0;0;0;0;1;0;Cruzamento;Bom;Sem defeito;Perfeito estado;Seca;Perfeito estado;Faixa de pedestre;R-4a;;Única;Canteiro central;;
202205311;10/03/2022;;COM VÍTIMA;FINALIZADA;CAMPO GRANDE;RUA CATULO DA PAIXAO CEARENSE;480;RUA PROFESSOR FRANCISCO DA TRINDADE;CAMPO GRANDE;;CIDADE;COLISÃO LATERAL;1;1;0;0;0;0;0;0;0;2;0;Cruzamento;Bom;Não existe;Perfeito estado;Seca;Perfeito estado;Faixa de pedestre;"Placas ""Pare""";;Dupla;;;
202205330;10/03/2022;;COM VÍTIMA;CANCELADA;PONTO DE PARADA;RUA PROFESSOR JERONIMO GUEIROS;211;RUA PROFESSOR JOSE CARNEIRO;PONTO DE PARADA;;;COLISÃO LATERAL;1;1;0;0;0;0;0;0;0;1;0;;;;;;;;;;;;;
202205355;10/03/2022;;COM VÍTIMA;FINALIZADA;SANTO AMARO;RUA DOS PALMARES;263;RUA TREZE DE MAIO;SANTO AMARO;30;CIDADE;COLISÃO COM CICLISTA;1;0;0;1;0;0;0;0;0;1;0;;Chuvoso;Sem defeito;Perfeito estado;Molhada;Perfeito estado;Faixa de pedestre;Outras;;Dupla;Canteiro central;;
202205367;11/03/2022;;COM VÍTIMA;FINALIZADA;BOA VISTA;RUA GERVASIO PIRES;;AV MANOEL BORBA;BOA VISTA;169;SUBURBIO;COLISÃO TRANSVERSAL;0;0;0;0;0;2;0;0;0;1;0;Cruzamento;Bom;Com defeito;Perfeito estado;Seca;Perfeito estado;Faixa de pedestre;R-6a;;Única;Faixa seccionada;;
202205369;11/03/2022;;SEM VÍTIMA;FINALIZADA;PINA;RUA SAO LUIZ;316;;PINA;;;COLISÃO TRASEIRA;3;0;0;0;0;0;0;0;0;0;0;Longo da via;Bom;Não existe;Incompleta;Seca;Mal conservada;Não existe;Não há placas;;Dupla;Não existe;;
202205402;11/03/2022;;COM VÍTIMA;FINALIZADA;ESPINHEIRO;RUA GOMES PACHECO;239;RUA AFONSO BATISTA;ESPINHEIRO;;CIDADE;COLISÃO TRANSVERSAL;1;1;0;0;0;0;0;0;0;1;0;Cruzamento;Bom;Não existe;Ilegível;Seca;Mal conservada;Não existe;"Placas ""Pare""";;Dupla;Não existe;;
202205421;11/03/2022;;COM VÍTIMA;FINALIZADA;CAXANGÁ;AV CAXANGA;;;CAXANGÁ;;CIDADE;COLISÃO TRASEIRA;2;1;0;0;0;0;0;0;0;1;0;Longo da via;Bom;Não existe;Perfeito estado;Seca;Perfeito estado;Não existe;Não há placas;;Dupla;Canteiro central;;
202205423;11/03/2022;;COM VÍTIMA;FINALIZADA;PINA;AV ENGENHEIRO DOMINGOS FERREIRA;1183;RUA ANTONIO PEDRO DE FIGUEIREDO;PINA;324;SUBURBIO;COLISÃO TRASEIRA;1;1;0;0;0;0;0;0;0;1;0;Cruzamento;Bom;Sem defeito;Perfeito estado;Seca;Perfeito estado;Faixa de pedestre;Não há placas;60 km/h;Única;Faixa contínua;Canteiro central;
202205435;11/03/2022;;COM VÍTIMA;FINALIZADA;BOA VIAGEM;RUA VISCONDE DE JEQUITINHONHA;;;BOA VIAGEM;;SUBURBIO;COLISÃO TRASEIRA;1;1;0;0;0;0;0;0;0;1;0;Longo da via;Bom;Não existe;Não existente;Seca;Perfeito estado;Não existe;Não há placas;;Única;Faixa seccionada;;
202205457;11/03/2022;;COM VÍTIMA;FINALIZADA;CORDEIRO;AV INACIO MONTEIRO;;RUA DR MIGUEL VIEIRA FERREIRA;CORDEIRO;566;SUBURBIO;COLISÃO FRONTAL;1;1;0;0;0;0;0;0;0;1;0;Cruzamento;Bom;Sem defeito;Incompleta;Seca;Perfeito estado;Faixa de pedestre;Não há placas;;Dupla;Faixa contínua;;
202205466;11/03/2022;;COM VÍTIMA;FINALIZADA;VÁRZEA;AV PROFESSOR ARTUR DE SA;1190;;VÁRZEA;;CIDADE;COLISÃO TRANSVERSAL;1;1;0;0;0;0;0;0;0;1;0;Longo da via;Bom;Não existe;Perfeito estado;Seca;Perfeito estado;Não existe;Não há placas;;Dupla;Faixa contínua;;
202205499;12/03/2022;;COM VÍTIMA;FINALIZADA;BARRO;AV DR JOSE RUFINO;2365;;BARRO;;SUBURBIO;COLISÃO FRONTAL;1;1;0;0;0;0;0;0;0;2;0;Longo da via;Bom;Não existe;Incompleta;Seca;Perfeito estado;Não existe;Outras;;Dupla;Não existe;;
202205505;12/03/2022;;COM VÍTIMA;FINALIZADA;TORREÃO;RUA DJALMA FARIAS;365;RUA OTHON PARAISO;TORREÃO;;SUBURBIO;COLISÃO COM CICLISTA;1;0;0;1;0;0;0;0;0;1;0;Cruzamento;Bom;Não existe;Incompleta;Seca;Perfeito estado;Não existe;Outras;;Dupla;Canteiro central;;
202205514;12/03/2022;;SEM VÍTIMA;FINALIZADA;APIPUCOS;RUA DOIS IRMAOS;;;APIPUCOS;;;COLISÃO TRASEIRA;2;0;0;0;0;0;0;0;0;0;0;;;;;;;;;;;;;
202205523;12/03/2022;;COM VÍTIMA;FINALIZADA;MACAXEIRA;AV NORTE MIGUEL ARRAES DE ALENCAR;;;MACAXEIRA;;;COLISÃO LATERAL;1;1;0;0;0;0;0;0;0;1;0;;;;;;;;;;;;;
202205546;12/03/2022;;SEM VÍTIMA;FINALIZADA;POÇO DA PANELA;RUA LUIZ GUIMARAES;;;POÇO DA PANELA;;SUBURBIO;CHOQUE;1;0;0;0;0;0;0;1;0;0;0;Longo da via;Bom;Não existe;Perfeito estado;Seca;Perfeito estado;Não existe;R-6a;;Dupla;Não existe;;
202205547;12/03/2022;;SEM VÍTIMA;FINALIZADA;BOA VIAGEM;AV CONSELHEIRO AGUIAR;;RUA ANTONIO FALCAO;BOA VIAGEM;6;CIDADE;;1;0;0;0;0;0;0;1;0;0;0;Cruzamento;Bom;Sem defeito;Perfeito estado;Seca;Perfeito estado;Faixa de pedestre;Outras;;Única;Não existe;;
202205557;13/03/2022;;COM VÍTIMA;FINALIZADA;BOA VIAGEM;RUA RIBEIRO DE BRITO;1002;RUA TENENTE DOMINGOS DE BRITO;BOA VIAGEM;;CIDADE;COLISÃO TRANSVERSAL;1;0;0;0;0;1;0;0;0;1;0;Cruzamento;Chuvoso;Sem defeito;Perfeito estado;Molhada;Perfeito estado;Faixa de pedestre;Outras;;Única;Faixa seccionada;;
202205586;13/03/2022;;COM VÍTIMA;FINALIZADA;CAMPO GRANDE;RUA JERONIMO VILELA;409;RUA FRANKLIN TAVORA;CAMPO GRANDE;282;CIDADE;COLISÃO TRANSVERSAL;0;2;0;0;0;0;0;0;0;2;0;Cruzamento;Bom;Sem defeito;Perfeito estado;Seca;Perfeito estado;Faixa de pedestre;R-6a;;Dupla;Faixa contínua;Faixa seccionada;
202205592;13/03/2022;;VÍTIMA FATAL;FINALIZADA;APIPUCOS;RUA DOIS IRMAOS;389;;APIPUCOS;535;SUBURBIO;COLISÃO COM CICLISTA;0;0;0;1;0;1;0;0;0;0;1;Longo da via;Bom;Sem defeito;Perfeito estado;Seca;Perfeito estado;Faixa de pedestre;Outras;60 km/h;Dupla;Faixa contínua;Faixa seccionada;
202205606;13/03/2022;;SEM VÍTIMA;CANCELADA;PINA;AV ANTONIO DE GOES;218;;PINA;;;COLISÃO LATERAL;2;0;0;0;0;0;0;0;0;0;0;;;;;;;;;;;;;
202205608;13/03/2022;;COM VÍTIMA;FINALIZADA;IBURA;AV DOIS RIOS;;;IBURA;;SUBURBIO;COLISÃO TRANSVERSAL;1;1;0;0;0;0;0;0;0;1;0;Longo da via;Bom;Não existe;Perfeito estado;Seca;Perfeito estado;Não existe;Não há placas;;Dupla;Faixa seccionada;;
202205621;14/03/2022;;COM VÍTIMA;FINALIZADA;MUSTARDINHA;RUA VINTE E UM DE ABRIL;1321;;MUSTARDINHA;;SUBURBIO;COLISÃO TRANSVERSAL;1;1;0;0;0;0;0;0;0;1;0;Longo da via;Chuvoso;Sem defeito;Perfeito estado;Molhada;Perfeito estado;Não existe;Não há placas;;Dupla;Faixa seccionada;;
202205646;14/03/2022;;COM VÍTIMA;FINALIZADA;BAIRRO DO RECIFE;AV MILITAR;;;BAIRRO DO RECIFE;;SUBURBIO;QUEDA;0;1;0;0;0;0;0;0;0;1;0;Longo da via;Bom;Não existe;Perfeito estado;Seca;Perfeito estado;Não existe;Não há placas;;Única;Faixa seccionada;;
202205648;14/03/2022;;SEM VÍTIMA;FINALIZADA;SÃO JOSÉ;C SANTA RITA;;;SÃO JOSÉ;473;CIDADE;;5;0;0;0;0;0;0;0;0;0;0;Longo da via;Bom;Sem defeito;Perfeito estado;Seca;Perfeito estado;Não existe;Não há placas;;Dupla;Canteiro central;;
202205683;15/03/2022;;COM VÍTIMA;FINALIZADA;BARRO;AV DR JOSE RUFINO;2612;;BARRO;615;SUBURBIO;COLISÃO TRASEIRA;1;0;0;0;0;1;0;0;0;1;0;Longo da via;Bom;Sem defeito;Ilegível;Seca;Perfeito estado;Faixa de pedestre;Outras;40 km/h;Dupla;Faixa contínua;Faixa seccionada;
202205697;15/03/2022;;COM VÍTIMA;FINALIZADA;AFOGADOS;RUA JOAO IVO DA SILVA;120;RUA PADRE TEOFILO TWORZ;AFOGADOS;503;CIDADE;COLISÃO TRANSVERSAL;1;1;0;0;0;0;0;0;0;2;0;Cruzamento;Bom;Sem defeito;Perfeito estado;Seca;Perfeito estado;Não existe;R-32;;Dupla;Faixa contínua;Canteiro central;
202205719;15/03/2022;;COM VÍTIMA;FINALIZADA;IPUTINGA;RUA SAO MATEUS;344;;IPUTINGA;;SUBURBIO;COLISÃO FRONTAL;1;1;0;0;0;0;0;0;0;1;0;Longo da via;Bom;Não existe;Incompleta;Seca;Perfeito estado;Não existe;Não há placas;;Dupla;Não existe;;
202205722;15/03/2022;;COM VÍTIMA;FINALIZADA;BOA VIAGEM;AV ENGENHEIRO DOMINGOS FERREIRA;;RUA FELIX DE BRITO E MELO;BOA VIAGEM;545;SUBURBIO;COLISÃO TRANSVERSAL;1;1;0;0;0;0;0;0;0;1;0;Cruzamento;Bom;Sem defeito;Perfeito estado;Seca;Perfeito estado;Faixa de pedestre;Outras;60 km/h;Única;Faixa contínua;;
202205728;15/03/2022;;SEM VÍTIMA;FINALIZADA;CAXANGÁ;AV JOAQUIM RIBEIRO;;RUA RIBEIRO PESSOA;CAXANGÁ;281;CIDADE;COLISÃO TRANSVERSAL;2;0;0;0;0;0;0;0;0;0;0;Cruzamento;Bom;Sem defeito;Perfeito estado;Seca;Perfeito estado;Agente;Não há placas;60 km/h;Única;Canteiro central;;
202205747;15/03/2022;;COM VÍTIMA;FINALIZADA;DOIS IRMÃOS;RUA DOIS IRMAOS;;;DOIS IRMÃOS;;;COLISÃO LATERAL;1;1;0;0;0;0;0;0;0;2;0;Longo da via;Bom;Não existe;Não existente;Seca;Perfeito estado;Não existe;Não há placas;;Única;Não existe;;
202205750;15/03/2022;;SEM VÍTIMA;FINALIZADA;CABANGA;AV ENGENHEIRO JOSE ESTELITA;;;CABANGA;;;COLISÃO LATERAL;1;0;0;0;0;0;1;0;0;0;0;;;;;;;;;;;;;
202205760;15/03/2022;;COM VÍTIMA;FINALIZADA;ESPINHEIRO;RUA BARAO DE ITAMARACA;;RUA DO ESPINHEIRO;ESPINHEIRO;86;SUBURBIO;COLISÃO TRANSVERSAL;1;1;0;0;0;0;0;0;0;1;0;Cruzamento;Bom;Sem defeito;Perfeito estado;Seca;Perfeito estado;Faixa de pedestre;Outras;;Dupla;Faixa contínua;Faixa seccionada;
202205764;15/03/2022;;COM VÍTIMA;FINALIZADA;BOA VISTA;RUA DOM BOSCO;1000;;BOA VISTA;;CIDADE;COLISÃO LATERAL;1;1;0;0;0;0;0;0;0;1;0;Longo da via;Bom;Não existe;Perfeito estado;Seca;Perfeito estado;Não existe;Não há placas;;Dupla;Faixa contínua;;
202205767;15/03/2022;;COM VÍTIMA;FINALIZADA;CORDEIRO;AV ENGENHEIRO ABDIAS DE CARVALHO;;;CORDEIRO;688;SUBURBIO;COLISÃO TRASEIRA;0;2;0;0;0;0;0;0;0;1;0;Longo da via;Bom;Sem defeito;Perfeito estado;Seca;Perfeito estado;Faixa de retenção;Não há placas;60 km/h;Única;Faixa contínua;;
202205786;15/03/2022;;SEM VÍTIMA;FINALIZADA;SANTO AMARO;AV NORTE MIGUEL ARRAES DE ALENCAR;;RUA NUMA POMPILHO;SANTO AMARO;;;COLISÃO FRONTAL;0;0;0;0;0;0;0;0;0;0;0;;;;;;;;;;;;;
202205797;16/03/2022;;COM VÍTIMA;FINALIZADA;JOANA BEZERRA;AV CENTRAL;S/N;;JOANA BEZERRA;;SUBURBIO;ATROPELAMENTO DE PESSOA;1;0;0;0;1;0;0;0;0;1;0;Outros;Bom;Não existe;Não existente;Seca;Mal conservada;Não existe;Não há placas;;Dupla;Não existe;;
202205810;16/03/2022;;COM VÍTIMA;FINALIZADA;TAMARINEIRA;RUA PADRE ROMA;;;TAMARINEIRA;;SUBURBIO;COLISÃO TRASEIRA;0;2;0;0;0;0;0;0;0;1;0;Longo da via;Bom;Não existe;Perfeito estado;Seca;Perfeito estado;Não existe;R-6a;;Única;Faixa seccionada;Canteiro central;
202205816;16/03/2022;;COM VÍTIMA;FINALIZADA;CORDEIRO;RUA GOMES TABORDA;1644;RUA FIRMINO DE BARROS;CORDEIRO;;CIDADE;COLISÃO LATERAL;1;1;0;0;0;0;0;0;0;2;0;Cruzamento;Bom;Não existe;Incompleta;Seca;Perfeito estado;Não existe;Não há placas;;Dupla;Faixa seccionada;;