Protocolo;data;hora;natureza;situacao;bairro;endereco;numero;detalhe_endereco_acidente;bairro_cruzamento;num_semaforo;sentido_via;tipo;auto;moto;ciclom;ciclista;pedestre;onibus;caminhao;viatura;outros;vitimas;vitimasfatais;acidente_verificado;tempo_clima;situacao_semaforo;sinalizacao;condicao_via;conservacao_via;ponto_controle;situacao_placa;velocidade_max_via;mao_direcao;divisao_via1;divisao_via2;divisao_via3
202207994;09/04/2022;;COM VÍTIMA;FINALIZADA;BOA VIAGEM;RUA ERNESTO DE PAULA SANTOS;;;BOA VIAGEM;;AV BOA VIAGEM;ATROPELAMENTO DE PESSOA;1;0;0;0;1;0;0;0;0;1;0;Longo da via;Bom;Não existe;Perfeito estado;Seca;Perfeito estado;Não existe;Outras;;Única;Faixa seccionada;;
202207997;10/04/2022;;COM VÍTIMA;FINALIZADA;PINA;AV BRASILIA FORMOSA;;RUA PORAQUE;PINA;;SUBURBIO;CHOQUE;1;1;0;0;0;0;0;0;0;2;0;Longo da via;Bom;Não existe;Não existente;Seca;Perfeito estado;;Não há placas;40 km/h;Dupla;Faixa contínua;;
202208035;10/04/2022;;VÍTIMA FATAL;FINALIZADA;PINA;AV BOA VIAGEM;500;RUA PEREIRA DA COSTA;PINA;110;CIDADE;ATROPELAMENTO DE PESSOA;0;1;0;0;1;0;0;0;0;1;1;Cruzamento;Bom;Sem defeito;Perfeito estado;Seca;Perfeito estado;Faixa de pedestre;Outras;60 km/h;Única;Faixa contínua;;
202208045;10/04/2022;;COM VÍTIMA;FINALIZADA;CORDEIRO;AV ENGENHEIRO ABDIAS DE CARVALHO;;RUA ANTONIO VALDEVINO COSTA;CORDEIRO;688;SUBURBIO;COLISÃO LATERAL;1;1;0;0;0;0;0;0;0;1;0;Longo da via;Bom;Sem defeito;Perfeito estado;Seca;Perfeito estado;Faixa de retenção;R-5a;;Dupla;Blocos;;
202208065;10/04/2022;;COM VÍTIMA;CANCELADA;ALTO SANTA TERESINHA;RUA PROFESSOR JOSE AMARINO DOS REIS;315;;ALTO SANTA TERESINHA;;;COLISÃO TRASEIRA;1;1;0;0;0;0;0;0;0;1;0;;;;;;;;;;;;;
202208071;10/04/2022;;COM VÍTIMA;FINALIZADA;BONGI;EST DO BONGI;468;RUA SANTA EDWIRGES;BONGI;;;COLISÃO FRONTAL;1;1;0;0;0;0;0;0;0;1;0;Cruzamento;Bom;Não existe;Não existente;Seca;Mal conservada;Não existe;Não há placas;;Dupla;Não existe;;
202208072;10/04/2022;;COM VÍTIMA;CANCELADA;VASCO DA GAMA;RUA DOIS DE FEVEREIRO;187;;VASCO DA GAMA;;;COLISÃO FRONTAL;1;1;0;0;0;0;0;0;0;1;0;;;;;;;;;;;;;
202208074;10/04/2022;;COM VÍTIMA;FINALIZADA;CASA AMARELA;RUA ALTO JOSE BONIFACIO;192;;CASA AMARELA;;SUBURBIO;COLISÃO FRONTAL;2;0;0;0;0;0;0;0;0;1;0;Longo da via;Bom;Não existe;Não existente;Seca;Perfeito estado;Não existe;Não há placas;;Dupla;Não existe;;
202208096;11/04/2022;;COM VÍTIMA;FINALIZADA;BOA VISTA;RUA GERVASIO PIRES;271;AV CONDE DA BOA VISTA;BOA VISTA;24;CIDADE;COLISÃO LATERAL;1;1;0;0;0;0;0;0;0;2;0;Longo da via;Bom;Sem defeito;Perfeito estado;Seca;Perfeito estado;Agente;R-6a;;Única;Faixa seccionada;;
202208107;11/04/2022;;COM VÍTIMA;FINALIZADA;BOA VISTA;RUA IMPERADOR PEDRO SEGUNDO;376;;BOA VISTA;;SUBURBIO;COLISÃO LATERAL;2;1;0;0;0;0;0;0;0;1;0;Longo da via;Bom;Não existe;Perfeito estado;Seca;Perfeito estado;Não existe;Não há placas;;Única;Faixa seccionada;;
202208157;12/04/2022;;COM VÍTIMA;FINALIZADA;BOA VIAGEM;AV BOA VIAGEM;58;;BOA VIAGEM;84;SUBURBIO;COLISÃO LATERAL;1;1;0;0;0;0;0;0;0;1;0;Longo da via;Bom;Sem defeito;Perfeito estado;Seca;Perfeito estado;Faixa de pedestre;Outras;;Única;Faixa seccionada;;
202208162;12/04/2022;;COM VÍTIMA;FINALIZADA;BOA VISTA;RUA DOM BOSCO;1000;;BOA VISTA;;SUBURBIO;COLISÃO LATERAL;1;1;0;0;0;0;0;0;0;1;0;Longo da via;Bom;Não existe;Perfeito estado;Seca;Perfeito estado;Não existe;R-6a;;Dupla;Faixa contínua;;
202208163;12/04/2022;;SEM VÍTIMA;FINALIZADA;MACAXEIRA;AV NORTE MIGUEL ARRAES DE ALENCAR;;;MACAXEIRA;;;TOMBAMENTO;0;0;0;0;0;0;0;0;0;0;0;;;;;;;;;;;;;
202208164;12/04/2022;;SEM VÍTIMA;FINALIZADA;MACAXEIRA;AV NORTE MIGUEL ARRAES DE ALENCAR;;;MACAXEIRA;;;TOMBAMENTO;0;0;0;0;0;0;0;0;0;0;0;;;;;;;;;;;;;
202208167;12/04/2022;;COM VÍTIMA;FINALIZADA;IPUTINGA;AV CAXANGA;2811;;IPUTINGA;;CIDADE;COLISÃO TRASEIRA;3;0;0;0;0;0;0;0;0;1;0;Longo da via;Bom;Sem defeito;Perfeito estado;Seca;Perfeito estado;Não existe;Não há placas;60 km/h;Dupla;Canteiro central;;
202208173;12/04/2022;;COM VÍTIMA;FINALIZADA;BOA VIAGEM;AV CONSELHEIRO AGUIAR;4777;;BOA VIAGEM;;CIDADE;COLISÃO TRASEIRA;1;0;0;0;0;1;0;0;0;1;0;Longo da via;Bom;Não existe;Perfeito estado;Seca;Perfeito estado;Não existe;R-6a;60 km/h;Única;Faixa contínua;;
202208181;12/04/2022;;COM VÍTIMA;FINALIZADA;IPSEP;AV RECIFE;3460;;IPSEP;;SUBURBIO;ENGAVETAMENTO;4;0;0;0;0;0;0;0;0;1;0;Longo da via;Bom;Sem defeito;Perfeito estado;Seca;Perfeito estado;Faixa de pedestre;R-6a;60 km/h;Única;Faixa seccionada;;
202208182;12/04/2022;;COM VÍTIMA;FINALIZADA;IMBIRIBEIRA;AV SUL;;;IMBIRIBEIRA;;;COLISÃO TRASEIRA;0;0;0;0;0;2;0;0;0;5;0;Outros;Bom;Não existe;Não existente;Seca;Mal conservada;Não existe;Não há placas;;Única;;;
202208183;12/04/2022;;COM VÍTIMA;FINALIZADA;IPSEP;AV RECIFE;3045;;IPSEP;;SUBURBIO;ENGAVETAMENTO;4;0;0;0;0;0;0;0;0;1;0;Longo da via;Bom;Não existe;Perfeito estado;Seca;Perfeito estado;Não existe;Não há placas;;Dupla;Faixa contínua;Faixa seccionada;Canteiro central
202208185;12/04/2022;;COM VÍTIMA;FINALIZADA;JORDÃO;AV JULIO CESAR;;RUA ANTONIO ROCHA;JORDÃO;;SUBURBIO;COLISÃO TRANSVERSAL;3;0;0;0;0;0;0;0;0;2;0;Cruzamento;Bom;Não existe;Não existente;Seca;Perfeito estado;Não existe;Não há placas;;Dupla;Faixa seccionada;;
202208186;12/04/2022;;COM VÍTIMA;FINALIZADA;AFOGADOS;RUA COSME VIANA;122;RUA PROFESSOR FREDERICO CURIO;AFOGADOS;430;SUBURBIO;COLISÃO TRANSVERSAL;1;1;0;0;0;0;0;0;0;1;0;Cruzamento;Bom;Sem defeito;Incompleta;Seca;Perfeito estado;Faixa de pedestre;Outras;;Única;Faixa contínua;Faixa seccionada;
202208196;12/04/2022;;COM VÍTIMA;FINALIZADA;APIPUCOS;RUA DOIS IRMAOS;320;;APIPUCOS;;CIDADE;COLISÃO TRANSVERSAL;1;1;0;0;0;0;0;0;0;1;0;Longo da via;Bom;Sem defeito;Perfeito estado;Seca;Perfeito estado;Não existe;R-6a;;Dupla;Faixa contínua;;
202208231;13/04/2022;;SEM VÍTIMA;FINALIZADA;MUSTARDINHA;EST DO BONGI;955;AV MANOEL GONCALVES DA LUZ;MUSTARDINHA;;SUBURBIO;COLISÃO FRONTAL;2;0;0;0;0;0;0;0;0;0;0;Cruzamento;Bom;Não existe;Ilegível;Seca;Mal conservada;Não existe;Não há placas;;Dupla;Não existe;;
202208236;13/04/2022;;COM VÍTIMA;FINALIZADA;SANTO AMARO;AV MARIO MELO;;RUA SAO GERALDO;SANTO AMARO;;SUBURBIO;COLISÃO LATERAL;1;1;0;0;0;0;0;0;0;1;0;Longo da via;Bom;Não existe;Perfeito estado;Seca;Perfeito estado;Não existe;Outras;;Dupla;Canteiro central;;
202208275;13/04/2022;;COM VÍTIMA;FINALIZADA;IMBIRIBEIRA;AV ANTONIO TORRES GALVAO;221;RUA ALFREDO MARCONDES;IMBIRIBEIRA;442;SUBURBIO;COLISÃO TRANSVERSAL;1;1;0;0;0;0;0;0;0;1;0;Cruzamento;Bom;Intermitente;Perfeito estado;Seca;Perfeito estado;Não existe;R-19;;Única;Faixa seccionada;;
202208294;14/04/2022;;COM VÍTIMA;FINALIZADA;CORDEIRO;AV CAXANGA;2015;EST DO FORTE DO ARRAIAL N. DO B. JESUS;CORDEIRO;;CIDADE;COLISÃO COM CICLISTA;0;0;0;1;0;1;0;0;0;1;0;Cruzamento;Bom;Não existe;Perfeito estado;Seca;Perfeito estado;Não existe;Outras;60 km/h;Dupla;Faixa contínua;Faixa seccionada;Canteiro central
202208295;14/04/2022;;COM VÍTIMA;FINALIZADA;IPSEP;AV ENGENHEIRO ALVES DE SOUZA;;RUA ARQUITETO LUIZ NUNES;IPSEP;634;SUBURBIO;COLISÃO LATERAL;1;1;0;0;0;0;0;0;0;1;0;Cruzamento;Bom;Sem defeito;Perfeito estado;Seca;Perfeito estado;Faixa de pedestre;Outras;60 km/h;Dupla;Faixa contínua;;
202208302;14/04/2022;;COM VÍTIMA;FINALIZADA;IBURA;AV ENGENHO MURIBECA;370;RUA ENGENHO TERRA VERMELHA;IBURA;;SUBURBIO;COLISÃO TRASEIRA;0;1;0;0;0;0;1;0;0;1;0;Longo da via;Bom;Não existe;Perfeito estado;Seca;Perfeito estado;Não existe;Não há placas;;Única;Faixa seccionada;;
202208309;14/04/2022;;COM VÍTIMA;FINALIZADA;CORDEIRO;AV GENERAL SAN MARTIN;458;RUA COSTA AZEVEDO;CORDEIRO;;SUBURBIO;COLISÃO TRANSVERSAL;2;0;0;0;0;0;0;0;0;1;0;Longo da via;Bom;Não existe;Perfeito estado;Seca;Mal conservada;Não existe;Não há placas;;Dupla;Não existe;;
202208332;14/04/2022;;COM VÍTIMA;FINALIZADA;SANTO AMARO;AV CRUZ CABUGA;;;SANTO AMARO;202;SUBURBIO;COLISÃO LATERAL;0;1;0;0;0;1;0;0;0;1;0;Longo da via;Bom;Sem defeito;Perfeito estado;Seca;Perfeito estado;Não existe;Não há placas;;Dupla;Blocos;;
202208333;14/04/2022;;COM VÍTIMA;FINALIZADA;PRADO;AV ENGENHEIRO ABDIAS DE CARVALHO;120;;PRADO;;SUBURBIO;COLISÃO LATERAL;1;1;0;0;0;0;0;0;0;1;0;Longo da via;Bom;Não existe;Perfeito estado;Seca;Perfeito estado;Não existe;R-6a;60 km/h;Dupla;Faixa seccionada;Canteiro central;
202208356;15/04/2022;;SEM VÍTIMA;FINALIZADA;MADALENA;AV VISCONDE DE ALBUQUERQUE;411;;MADALENA;;SUBURBIO;CHOQUE;2;0;0;0;0;0;0;0;0;0;0;Longo da via;Bom;Não existe;Perfeito estado;Seca;Perfeito estado;Não existe;Não há placas;;Única;Faixa seccionada;;
202208357;15/04/2022;;SEM VÍTIMA;FINALIZADA;BOA VIAGEM;RUA FREI LEANDRO;;RUA RAUL AZEDO;BOA VIAGEM;;SUBURBIO;COLISÃO TRANSVERSAL;2;0;0;0;0;0;0;0;0;0;0;Cruzamento;Bom;Não existe;Perfeito estado;Seca;Perfeito estado;Faixa de pedestre;Outras;;Única;Não existe;;
202208398;15/04/2022;;COM VÍTIMA;FINALIZADA;TEJIPIÓ;AV DR JOSE RUFINO;3538;;TEJIPIÓ;;CIDADE;COLISÃO TRANSVERSAL;1;1;0;0;0;0;0;0;0;1;0;Longo da via;Bom;Não existe;Perfeito estado;Seca;Perfeito estado;;Não há placas;40 km/h;Dupla;Faixa contínua;;
202208399;15/04/2022;;COM VÍTIMA;FINALIZADA;BOA VIAGEM;RUA PROFESSOR MARIO CASTRO;389;;BOA VIAGEM;;SUBURBIO;COLISÃO TRANSVERSAL;2;1;0;0;0;0;0;0;0;1;0;Longo da via;Bom;Não existe;;Seca;Perfeito estado;Não existe;;;Dupla;Não existe;;
202208404;15/04/2022;;COM VÍTIMA;FINALIZADA;IMBIRIBEIRA;RUA ARQUITETO LUIZ NUNES;304;RUA ITALIA;IMBIRIBEIRA;;SUBURBIO;COLISÃO LATERAL;1;1;0;0;0;0;0;0;0;1;0;Longo da via;Bom;Não existe;Ilegível;Seca;Perfeito estado;Não existe;Outras;;Dupla;Faixa contínua;;
202208414;16/04/2022;;COM VÍTIMA;FINALIZADA;VÁRZEA;AV CAXANGA;46;;VÁRZEA;568;CIDADE;COLISÃO TRASEIRA;0;1;0;0;0;0;1;0;0;1;0;Longo da via;Bom;Sem defeito;Perfeito estado;Seca;Perfeito estado;Faixa de retenção;Outras;;Dupla;Faixa contínua;Faixa seccionada;
202208418;16/04/2022;;COM VÍTIMA;FINALIZADA;BOA VIAGEM;RUA VISCONDE DE JEQUITINHONHA;1656;RUA JOSE MOREIRA LEAL;BOA VIAGEM;;SUBURBIO;COLISÃO TRANSVERSAL;0;1;0;0;0;0;0;0;0;1;0;Longo da via;Bom;Não existe;Perfeito estado;Seca;Perfeito estado;Não existe;"Placas ""Pare""";30 km/h;Única;Canteiro central;;
202208428;16/04/2022;;COM VÍTIMA;CANCELADA;ENCRUZILHADA;AV BEBERIBE;59;;ENCRUZILHADA;;;COLISÃO LATERAL;0;2;0;0;0;0;0;0;0;1;0;;;;;;;;;;;;;
202208433;16/04/2022;;COM VÍTIMA;FINALIZADA;BOA VIAGEM;RUA TENENTE JOAO CICERO;486;RUA MINISTRO NELSON HUNGRIA;BOA VIAGEM;;CIDADE;COLISÃO TRANSVERSAL;2;0;0;0;0;0;0;0;0;1;0;Cruzamento;Bom;Não existe;Perfeito estado;Seca;Perfeito estado;Faixa de pedestre;"Placas ""Pare""";;Única;Faixa contínua;;
202208434;16/04/2022;;SEM VÍTIMA;FINALIZADA;VÁRZEA;RUA GASTAO VIDIGAL;;;VÁRZEA;;;COLISÃO TRASEIRA;1;0;0;0;0;0;1;0;0;0;0;;;;;;;;;;;;;
202208448;16/04/2022;;COM VÍTIMA;FINALIZADA;PAISSANDU;AV GOVERNADOR AGAMENON MAGALHAES;;;PAISSANDU;;BOA VIAGEM;COLISÃO LATERAL;1;1;0;0;0;0;0;0;0;1;0;;;;;;;;;;;;;
202208455;17/04/2022;;SEM VÍTIMA;FINALIZADA;TORRÕES;AV ENGENHEIRO ABDIAS DE CARVALHO;;;TORRÕES;;;CHOQUE;1;0;0;0;0;0;0;0;0;0;0;Longo da via;Chuvoso;Não existe;Perfeito estado;Molhada;Perfeito estado;Não existe;Outras;60 km/h;Dupla;Canteiro central;;
202208461;17/04/2022;;COM VÍTIMA;FINALIZADA;BOA VIAGEM;AV ENGENHEIRO DOMINGOS FERREIRA;273;RUA FELIX DE BRITO E MELO;BOA VIAGEM;545;CIDADE;COLISÃO TRANSVERSAL;1;1;0;0;0;0;0;0;0;1;0;Cruzamento;Bom;Sem defeito;Perfeito estado;Molhada;Perfeito estado;Faixa de retenção;Não há placas;60 km/h;Única;Faixa contínua;;
202208464;17/04/2022;;COM VÍTIMA;FINALIZADA;BOA VIAGEM;RUA ERNESTO DE PAULA SANTOS;75;RUA DOS NAVEGANTES;BOA VIAGEM;;CIDADE;COLISÃO LATERAL;1;1;0;0;0;0;0;0;0;2;0;Cruzamento;Bom;Não existe;Perfeito estado;Seca;Perfeito estado;Faixa de retenção;R-4b;;Única;Faixa seccionada;;
202208470;17/04/2022;;COM VÍTIMA;FINALIZADA;ÁGUA FRIA;AV BEBERIBE;2278;;ÁGUA FRIA;187;SUBURBIO;COLISÃO TRASEIRA;1;1;0;0;0;0;0;0;0;1;0;Longo da via;Bom;Sem defeito;Perfeito estado;Seca;Perfeito estado;Não existe;R-6a;;Dupla;Faixa contínua;;
202208472;17/04/2022;;COM VÍTIMA;FINALIZADA;TORREÃO;RUA NATIVIDADE SALDANHA;;;TORREÃO;;SUBURBIO;QUEDA;0;1;0;0;0;0;0;0;0;1;0;Longo da via;Bom;Não existe;Perfeito estado;Seca;Perfeito estado;Não existe;Outras;;Única;;;
202208484;17/04/2022;;COM VÍTIMA;FINALIZADA;FUNDÃO;AV BEBERIBE;2642;;FUNDÃO;;CIDADE;COLISÃO FRONTAL;1;1;0;0;0;0;0;0;0;1;0;Longo da via;Bom;Não existe;Perfeito estado;Seca;Perfeito estado;;Não há placas;;Dupla;Faixa;;
202208498;18/04/2022;;COM VÍTIMA;FINALIZADA;CORDEIRO;AV ENGENHEIRO ABDIAS DE CARVALHO;;AV GENERAL SAN MARTIN;CORDEIRO;58;SUBURBIO;COLISÃO TRANSVERSAL;2;0;0;0;0;0;0;0;0;1;0;Cruzamento;Bom;Sem defeito;Perfeito estado;Seca;Perfeito estado;Faixa de pedestre;R-4a;;Dupla;Canteiro central;;
202208505;18/04/2022;;COM VÍTIMA;FINALIZADA;IPUTINGA;AV CAXANGA;;AV PROFESSOR MORAES REGO;IPUTINGA;;CIDADE;COLISÃO LATERAL;1;1;0;0;0;0;0;0;0;1;0;Longo da via;Bom;Não existe;Perfeito estado;Seca;Perfeito estado;Não existe;Não há placas;60 km/h;Dupla;Canteiro central;;
202208510;18/04/2022;;SEM VÍTIMA;FINALIZADA;VÁRZEA;AV CAXANGA;5034;;VÁRZEA;;CIDADE;COLISÃO TRASEIRA;2;0;0;0;0;0;0;1;0;0;0;Longo da via;Bom;Não existe;Perfeito estado;Seca;Perfeito estado;Não existe;R-32;60 km/h;Dupla;Faixa contínua;Faixa seccionada;Canteiro central
202208526;18/04/2022;;SEM VÍTIMA;FINALIZADA;SANTO ANTÔNIO;;;;SANTO ANTÔNIO;473;CIDADE;CHOQUE;1;0;0;0;0;0;0;0;0;0;0;Longo da via;Bom;Sem defeito;Perfeito estado;Seca;Perfeito estado;;;;Dupla;Canteiro central;;
202208538;18/04/2022;;SEM VÍTIMA;CANCELADA;BOA VIAGEM;AV DOM JOAO VI;;;BOA VIAGEM;;;COLISÃO TRASEIRA;2;0;0;0;0;0;0;0;0;0;0;;;;;;;;;;;;;
202208544;18/04/2022;;COM VÍTIMA;FINALIZADA;IPUTINGA;RUA SAO MATEUS;;;IPUTINGA;;;COLISÃO LATERAL;1;1;0;0;0;0;0;0;0;1;0;;;;;;;;;;;;;
202208550;18/04/2022;;COM VÍTIMA;FINALIZADA;CIDADE UNIVERSITÁRIA;AV PROFESSOR LUIZ FREIRE;500;;CIDADE UNIVERSITÁRIA;;CIDADE;COLISÃO FRONTAL;1;1;0;0;0;0;0;0;0;1;0;;Bom;Não existe;;Seca;Perfeito estado;Não existe;Outras;;Dupla;Não existe;;
202208584;19/04/2022;;COM VÍTIMA;FINALIZADA;CAMPO GRANDE;AV GOVERNADOR AGAMENON MAGALHAES;;;CAMPO GRANDE;;CIDADE;COLISÃO TRASEIRA;1;1;0;0;0;0;0;0;0;1;0;Longo da via;Bom;Não existe;Incompleta;Seca;Perfeito estado;;;;Dupla;Canal;;
202208590;19/04/2022;;COM VÍTIMA;FINALIZADA;BOA VIAGEM;AV ENGENHEIRO DOMINGOS FERREIRA;2265;RUA DONA BENVINDA DE FARIAS;BOA VIAGEM;139;SUBURBIO;COLISÃO TRASEIRA;1;1;0;0;0;0;0;0;0;1;0;Longo da via;Bom;Sem defeito;Perfeito estado;Seca;Perfeito estado;Faixa de pedestre;R-4a;;Dupla;Canteiro central;;
202208615;19/04/2022;;COM VÍTIMA;CANCELADA;IPSEP;RUA ALVARO MOREYRA;;;IPSEP;;;COLISÃO FRONTAL;1;1;0;0;0;0;0;0;0;1;0;;;;;;;;;;;;;
202208632;19/04/2022;;COM VÍTIMA;FINALIZADA;SÃO JOSÉ;AV SUL;;;SÃO JOSÉ;311;CIDADE;COLISÃO LATERAL;0;2;0;0;0;0;0;0;0;2;0;Longo da via;Bom;Sem defeito;Perfeito estado;Seca;;Não existe;Não há placas;;Única;Não existe;;
202208703;20/04/2022;;COM VÍTIMA;FINALIZADA;IMBIRIBEIRA;AV ANTONIO TORRES GALVAO;615;RUA ALFREDO MARCONDES;IMBIRIBEIRA;442;CIDADE;QUEDA;0;1;0;0;0;0;0;0;0;1;0;Cruzamento;Chuvoso;Sem defeito;Perfeito estado;Molhada;Perfeito estado;Não existe;Não há placas;;Única;Não existe;;
202208706;20/04/2022;;SEM VÍTIMA;FINALIZADA;SANTO AMARO;RUA TREZE DE MAIO;318;RUA PEDRO AFONSO;SANTO AMARO;427;SUBURBIO;COLISÃO TRASEIRA;1;1;0;0;0;0;0;0;0;0;0;Cruzamento;Bom;Sem defeito;Perfeito estado;Seca;Perfeito estado;Faixa de pedestre;Não há placas;40 km/h;Dupla;Faixa contínua;;
202208721;20/04/2022;;SEM VÍTIMA;FINALIZADA;DOIS UNIDOS;RUA MAMEDE COELHO;847;;DOIS UNIDOS;;;COLISÃO LATERAL;2;0;0;0;0;0;0;0;0;0;0;;;;;;;;;;;;;
202208725;20/04/2022;;COM VÍTIMA;FINALIZADA;VÁRZEA;AV CAXANGA;;RUA RIBEIRO PESSOA;VÁRZEA;281;SUBURBIO;COLISÃO COM CICLISTA;1;0;0;1;0;0;0;0;0;1;0;Cruzamento;Chuvoso;Sem defeito;Perfeito estado;Molhada;Perfeito estado;Agente;Não há placas;60 km/h;Dupla;Canteiro central;;
202208734;20/04/2022;;SEM VÍTIMA;FINALIZADA;BOA VIAGEM;AV DOM JOAO VI;;;BOA VIAGEM;;SUBURBIO;COLISÃO TRASEIRA;3;0;0;0;0;0;0;1;0;0;0;Longo da via;Bom;Não existe;Perfeito estado;Seca;Mal iluminada;Não existe;;60 km/h;Dupla;Outros;;
202208736;20/04/2022;;SEM VÍTIMA;FINALIZADA;BOA VIAGEM;RUA JOSE MARIA DE MIRANDA;289;;BOA VIAGEM;;;COLISÃO TRASEIRA;1;1;0;0;0;0;0;0;0;0;0;;;;;;;;;;;;;
202208740;20/04/2022;;COM VÍTIMA;FINALIZADA;DERBY;RUA JENER DE SOUZA;206;;DERBY;;CIDADE;COLISÃO LATERAL;1;1;0;0;0;0;0;0;0;1;0;Longo da via;Bom;Não existe;Perfeito estado;Seca;Perfeito estado;Não existe;R-6a;;Única;Faixa seccionada;;
202208747;20/04/2022;;COM VÍTIMA;FINALIZADA;SAN MARTIN;AV GENERAL SAN MARTIN;;RUA JOSE VELOSO;SAN MARTIN;326;;COLISÃO LATERAL;1;1;0;0;0;0;0;0;0;2;0;Cruzamento;Bom;Sem defeito;Perfeito estado;Seca;Perfeito estado;Faixa de pedestre;R-6a;40 km/h;Dupla;Não existe;;
202208789;21/04/2022;;COM VÍTIMA;FINALIZADA;VÁRZEA;RUA GASTAO VIDIGAL;347;;VÁRZEA;;;COLISÃO FRONTAL;1;1;0;0;0;0;0;0;0;1;0;Longo da via;Bom;Não existe;Perfeito estado;Seca;Perfeito estado;Não existe;Não há placas;;Dupla;Faixa seccionada;;
202208800;21/04/2022;;SEM VÍTIMA;FINALIZADA;PINA;AV CONSELHEIRO AGUIAR;;AV HERCULANO BANDEIRA;PINA;138;CIDADE;COLISÃO TRANSVERSAL;2;0;0;0;0;0;0;0;0;0;0;Cruzamento;Bom;Sem defeito;Incompleta;Seca;Perfeito estado;Faixa de retenção;Não há placas;60 km/h;Única;Faixa contínua;;
202208817;21/04/2022;;COM VÍTIMA;FINALIZADA;IBURA;AV DOIS RIOS;;;IBURA;;SUBURBIO;COLISÃO FRONTAL;2;0;0;0;0;0;0;0;0;1;0;Cruzamento;Bom;Não existe;Ilegível;Seca;Perfeito estado;Não existe;"Placas ""Pare""";;Dupla;Não existe;;
202208843;22/04/2022;;SEM VÍTIMA;FINALIZADA;CABANGA;AV ENGENHEIRO JOSE ESTELITA;214;;CABANGA;;SUBURBIO;;0;0;0;0;0;1;0;1;0;0;0;Longo da via;Bom;Não existe;Perfeito estado;Seca;Perfeito estado;;;;Única;Canteiro central;;
202208847;22/04/2022;;COM VÍTIMA;FINALIZADA;DERBY;PRC DO DERBY;;RUA JENER DE SOUZA;DERBY;40;CIDADE;COLISÃO COM CICLISTA;0;0;0;1;0;1;0;0;0;1;0;Cruzamento;Bom;Sem defeito;Perfeito estado;Seca;Perfeito estado;Faixa de pedestre;;50 km/h;Dupla;Faixa seccionada;Canteiro central;
202208859;22/04/2022;;COM VÍTIMA;FINALIZADA;JIQUIÁ;RUA SAO MIGUEL;1452;RUA DRA ITAMAR DE MORAIS E SILVA;JIQUIÁ;;SUBURBIO;COLISÃO TRANSVERSAL;1;1;0;0;0;0;0;0;0;1;0;Cruzamento;Bom;Não existe;Perfeito estado;Seca;Perfeito estado;Não existe;Não há placas;;Dupla;Faixa contínua;Faixa seccionada;
202208860;22/04/2022;;COM VÍTIMA;FINALIZADA;SANTO AMARO;AV CRUZ CABUGA;;RUA FREI CASSIMIRO;SANTO AMARO;;SUBURBIO;COLISÃO LATERAL;0;1;0;0;0;1;0;0;0;1;0;Longo da via;Bom;Não existe;Perfeito estado;Seca;Perfeito estado;Não existe;Não há placas;;Dupla;Faixa seccionada;;
202208863;22/04/2022;;COM VÍTIMA;FINALIZADA;CASA AMARELA;AV NORTE MIGUEL ARRAES DE ALENCAR;5916;AV PEDRO ALLAIN;CASA AMARELA;95;CIDADE;ATROPELAMENTO DE PESSOA;1;0;0;0;1;0;0;0;0;1;0;Cruzamento;Bom;Sem defeito;Perfeito estado;Seca;Perfeito estado;Faixa de pedestre;Outras;60 km/h;Dupla;;Canteiro central;
202208874;22/04/2022;;COM VÍTIMA;FINALIZADA;TAMARINEIRA;AV NORTE MIGUEL ARRAES DE ALENCAR;3868;;TAMARINEIRA;;CIDADE;ATROPELAMENTO DE PESSOA;0;1;0;0;1;0;0;0;0;1;0;Longo da via;Bom;Não existe;Perfeito estado;Seca;Perfeito estado;Não existe;R-6a;60 km/h;Dupla;Faixa seccionada;Canteiro central;
202208901;22/04/2022;;COM VÍTIMA;CANCELADA;BOA VIAGEM;RUA ERNESTO DE PAULA SANTOS;172;;BOA VIAGEM;;;COLISÃO LATERAL;1;1;0;0;0;0;0;0;0;1;0;;;;;;;;;;;;;
202208903;22/04/2022;;COM VÍTIMA;FINALIZADA;BOA VIAGEM;AVENIDA CELSO FURTADO (VIA MANGUE);;;BOA VIAGEM;;CIDADE;COLISÃO TRASEIRA;1;1;0;0;0;0;0;0;0;1;0;Cruzamento;Bom;Não existe;Perfeito estado;Seca;Perfeito estado;Não existe;Outras;60 km/h;Dupla;Canteiro central;;
202208904;22/04/2022;;VÍTIMA FATAL;FINALIZADA;JOANA BEZERRA;RUA JARAGUARI;;;JOANA BEZERRA;;;COLISÃO LATERAL;0;1;0;0;0;1;0;0;0;0;1;Longo da via;Bom;Não existe;Não existente;Seca;Perfeito estado;Não existe;Não há placas;;Única;Não existe;;