Protocolo;data;hora;natureza;situacao;bairro;endereco;numero;detalhe_endereco_acidente;bairro_cruzamento;num_semaforo;sentido_via;tipo;auto;moto;ciclom;ciclista;pedestre;onibus;caminhao;viatura;outros;vitimas;vitimasfatais;acidente_verificado;tempo_clima;situacao_semaforo;sinalizacao;condicao_via;conservacao_via;ponto_controle;situacao_placa;velocidade_max_via;mao_direcao;divisao_via1;divisao_via2;divisao_via3
202208909;22/04/2022;;COM VÍTIMA;FINALIZADA;SANTO AMARO;RUA AURORA;;RUA JOAO LIRA;SANTO AMARO;;SUBURBIO;COLISÃO TRASEIRA;1;1;0;0;0;0;0;0;0;1;0;Cruzamento;Bom;Não existe;Não existente;Seca;Perfeito estado;Não existe;Não há placas;60 km/h;;;;
202208916;22/04/2022;;COM VÍTIMA;FINALIZADA;TEJIPIÓ;AV DR JOSE RUFINO;3131;;TEJIPIÓ;208;JABOATAO;COLISÃO TRANSVERSAL;1;2;0;0;0;0;0;0;0;1;0;Longo da via;Bom;Sem defeito;Incompleta;Seca;Mal conservada;Faixa de pedestre;Não há placas;;Dupla;Faixa contínua;;
202208917;22/04/2022;;SEM VÍTIMA;FINALIZADA;JOANA BEZERRA;AV GOVERNADOR AGAMENON MAGALHAES;;;JOANA BEZERRA;;;COLISÃO LATERAL;0;1;0;0;0;0;0;1;0;0;0;Longo da via;Bom;Não existe;Perfeito estado;Seca;Perfeito estado;Não existe;Outras;;Dupla;Canteiro central;;
202208923;22/04/2022;;COM VÍTIMA;FINALIZADA;CABANGA;AV SUL;;RUA CARLOS COELHO LEAL VALENTE;CABANGA;260;SUBURBIO;COLISÃO LATERAL;1;0;0;0;0;1;0;0;0;1;0;Cruzamento;Chuvoso;Sem defeito;Perfeito estado;Molhada;Perfeito estado;Faixa de retenção;Não há placas;;Dupla;Não existe;;
202208928;23/04/2022;;SEM VÍTIMA;FINALIZADA;BOA VIAGEM;AV ENGENHEIRO DOMINGOS FERREIRA;;RUA TOME GIBSON;BOA VIAGEM;200;;COLISÃO FRONTAL;2;0;0;0;0;0;0;0;0;0;0;Cruzamento;Chuvoso;Sem defeito;Perfeito estado;Molhada;Perfeito estado;Faixa de pedestre;;;Dupla;Canteiro central;;
202208944;23/04/2022;;COM VÍTIMA;FINALIZADA;BOA VIAGEM;RUA RIBEIRO DE BRITO;253;RUA CORONEL ANIZIO RODRIGUES COELHO;BOA VIAGEM;697;SUBURBIO;COLISÃO TRANSVERSAL;1;0;1;0;0;0;0;0;0;1;0;Cruzamento;Chuvoso;Sem defeito;Perfeito estado;Molhada;Perfeito estado;Faixa de retenção;Não há placas;;Única;Faixa contínua;;
202208963;23/04/2022;;COM VÍTIMA;FINALIZADA;TAMARINEIRA;RUA NETO DE MENDONCA;165;RUA CORONEL URIEL SERGIO GARDIM;TAMARINEIRA;;CIDADE;COLISÃO LATERAL;1;1;0;0;0;0;0;0;0;1;0;Esquina;Bom;Não existe;Perfeito estado;Seca;Perfeito estado;Faixa de pedestre;Outras;;Única;Não existe;;
202208991;23/04/2022;;COM VÍTIMA;FINALIZADA;BAIRRO DO RECIFE;AV MILITAR;;;BAIRRO DO RECIFE;;SUBURBIO;COLISÃO FRONTAL;1;1;0;0;0;0;0;0;0;1;0;Longo da via;Bom;Não existe;Ilegível;Seca;Perfeito estado;Não existe;Não há placas;;Única;Faixa seccionada;;
202208996;23/04/2022;;COM VÍTIMA;FINALIZADA;DERBY;AV GOVERNADOR AGAMENON MAGALHAES;;PRC DO DERBY;DERBY;417;SUBURBIO;COLISÃO FRONTAL;2;0;0;0;0;0;0;0;0;1;0;Longo da via;Chuvoso;Sem defeito;Perfeito estado;Molhada;Perfeito estado;Faixa de pedestre;Outras;;Única;Faixa seccionada;;
202209021;23/04/2022;;COM VÍTIMA;CANCELADA;PONTO DE PARADA;AV BEBERIBE;;;PONTO DE PARADA;;;COLISÃO LATERAL;1;0;0;0;0;0;0;0;0;1;0;;;;;;;;;;;;;
202209022;23/04/2022;;COM VÍTIMA;FINALIZADA;PRADO;RUA GOMES TABORDA;;;PRADO;;SUBURBIO;COLISÃO TRANSVERSAL;1;1;0;0;0;0;0;0;0;1;0;Longo da via;Bom;Não existe;Perfeito estado;Seca;Perfeito estado;Não existe;Outras;;Dupla;Faixa contínua;Faixa seccionada;
202209032;24/04/2022;;VÍTIMA FATAL;FINALIZADA;DOIS UNIDOS;AV HILDEBRANDO DE VASCONCELOS;296;;DOIS UNIDOS;;SUBURBIO;CHOQUE;0;1;0;0;0;0;0;0;0;1;1;Longo da via;Chuvoso;Não existe;Incompleta;Molhada;Perfeito estado;Não existe;R-6a;;Dupla;Não existe;;
202209068;24/04/2022;;COM VÍTIMA;FINALIZADA;CABANGA;AV SUL;20;;CABANGA;;CIDADE;COLISÃO LATERAL;0;1;0;0;0;0;0;1;0;1;0;Longo da via;Bom;Não existe;Perfeito estado;Seca;Perfeito estado;Não existe;Não há placas;40 km/h;Dupla;Faixa seccionada;Canteiro central;
202209071;24/04/2022;;SEM VÍTIMA;CANCELADA;JIQUIÁ;RUA JUAREZ MILLET;;;JIQUIÁ;;;COLISÃO FRONTAL;2;0;0;0;0;0;0;0;0;0;0;;;;;;;;;;;;;
202209081;24/04/2022;;COM VÍTIMA;FINALIZADA;BOA VIAGEM;RUA DOM JOSE LOPES;757;;BOA VIAGEM;;;COLISÃO FRONTAL;0;0;0;0;0;0;0;0;0;1;0;;;;;;;;;;;;;
202209083;24/04/2022;;COM VÍTIMA;FINALIZADA;IMBIRIBEIRA;RUA ITACARE;2284;AV MARECHAL MASCARENHAS DE MORAES;IMBIRIBEIRA;386;SUBURBIO;COLISÃO TRANSVERSAL;1;1;0;0;0;0;0;0;0;2;0;Cruzamento;Bom;Sem defeito;Perfeito estado;Seca;Perfeito estado;Faixa de pedestre;Não há placas;;Dupla;Faixa seccionada;Canteiro central;
202209101;25/04/2022;;COM VÍTIMA;FINALIZADA;MADALENA;RUA JOSE OSORIO;;AV VISCONDE DE ALBUQUERQUE;MADALENA;50;CIDADE;COLISÃO LATERAL;1;1;0;0;0;0;0;0;0;1;0;Cruzamento;Chuvoso;Sem defeito;Perfeito estado;Molhada;Perfeito estado;Faixa de pedestre;Outras;;Única;Faixa seccionada;;
202209104;25/04/2022;;COM VÍTIMA;FINALIZADA;IBURA;AV DOIS RIOS;1170;RUA ECOPORANGA;IBURA;475;;COLISÃO TRANSVERSAL;1;1;0;0;0;0;0;0;0;1;0;Longo da via;Bom;Sem defeito;Perfeito estado;Seca;Perfeito estado;Faixa de retenção;Não há placas;;Dupla;Faixa contínua;;
202209106;25/04/2022;;COM VÍTIMA;CANCELADA;VÁRZEA;RUA JORNALISTA MURILO MARROQUIM;220;;VÁRZEA;;;COLISÃO LATERAL;0;1;0;0;0;0;1;0;0;1;0;;;;;;;;;;;;;
202209110;25/04/2022;;COM VÍTIMA;FINALIZADA;BOA VIAGEM;AV ENGENHEIRO DOMINGOS FERREIRA;4659;RUA PROFESSOR ALOISIO PESSOA DE ARAUJO;BOA VIAGEM;;SUBURBIO;COLISÃO LATERAL;1;1;0;0;0;0;0;0;0;1;0;Cruzamento;Bom;Não existe;Perfeito estado;Seca;Perfeito estado;Não existe;"Placas ""Pare""";;Única;Canteiro central;;
202209111;25/04/2022;;SEM VÍTIMA;FINALIZADA;SANTO AMARO;RUA DOIS DE JULHO;;AV CRUZ CABUGA;SANTO AMARO;;;COLISÃO LATERAL;1;0;0;0;0;0;0;1;0;0;0;;;;;;;;;;;;;
202209113;25/04/2022;;COM VÍTIMA;DUPLICIDADE;CASA AMARELA;AV NORTE MIGUEL ARRAES DE ALENCAR;;;CASA AMARELA;;CIDADE;COLISÃO LATERAL;0;0;0;0;0;0;0;0;0;1;0;;;;;;;;;;;;;
202209116;25/04/2022;;COM VÍTIMA;FINALIZADA;CASA AMARELA;AV NORTE MIGUEL ARRAES DE ALENCAR;;;CASA AMARELA;;CIDADE;COLISÃO TRASEIRA;0;1;0;0;0;1;0;0;0;1;0;;;;;;;;;;;;;
202209122;25/04/2022;;COM VÍTIMA;FINALIZADA;BEBERIBE;AV BEBERIBE;2395;;BEBERIBE;153;CIDADE;COLISÃO LATERAL;0;2;0;0;0;0;0;0;0;1;0;Longo da via;Chuvoso;Sem defeito;Perfeito estado;Molhada;Perfeito estado;Não existe;Não há placas;;Dupla;Faixa contínua;;
202209131;25/04/2022;;COM VÍTIMA;FINALIZADA;SAN MARTIN;AV GENERAL SAN MARTIN;;AV ENGENHEIRO ABDIAS DE CARVALHO;SAN MARTIN;693;SUBURBIO;COLISÃO TRANSVERSAL;1;1;0;0;0;0;0;0;0;1;0;Cruzamento;Chuvoso;Sem defeito;Perfeito estado;Molhada;Perfeito estado;Faixa de pedestre;Outras;;Dupla;Outros;;
202209166;25/04/2022;;COM VÍTIMA;CANCELADA;IPSEP;AV RECIFE;;;IPSEP;;;COLISÃO FRONTAL;2;0;0;0;0;0;0;0;0;1;0;;;;;;;;;;;;;
202209184;25/04/2022;;COM VÍTIMA;FINALIZADA;BOA VIAGEM;RUA ANTONIO FALCAO;;RUA MINISTRO NELSON HUNGRIA;BOA VIAGEM;;SUBURBIO;COLISÃO TRANSVERSAL;1;1;0;0;0;0;0;0;0;1;0;Cruzamento;Bom;Não existe;Perfeito estado;Seca;Perfeito estado;Não existe;"Placas ""Pare""";;Única;Faixa seccionada;;
202209215;26/04/2022;;SEM VÍTIMA;FINALIZADA;AREIAS;AV DR JOSE RUFINO;1243;;AREIAS;;CIDADE;CHOQUE;0;0;0;0;0;0;1;0;0;0;0;Longo da via;Bom;Não existe;Perfeito estado;Seca;Outros;Não existe;R-6a;;Dupla;Faixa contínua;;
202209217;26/04/2022;;COM VÍTIMA;FINALIZADA;CABANGA;AV SUL;1500;;CABANGA;260;;COLISÃO LATERAL;1;1;0;0;0;0;0;0;0;1;0;Longo da via;Bom;Sem defeito;Perfeito estado;Seca;Perfeito estado;Não existe;Não há placas;;Única;Não existe;;
202209260;26/04/2022;;SEM VÍTIMA;FINALIZADA;IMBIRIBEIRA;AV MARECHAL MASCARENHAS DE MORAES;;;IMBIRIBEIRA;;;COLISÃO TRASEIRA;0;0;0;0;0;0;0;0;0;0;0;;;;;;;;;;;;;
202209264;26/04/2022;;COM VÍTIMA;FINALIZADA;BOA VIAGEM;RUA BARAO DE AGUA BRANCA;376;;BOA VIAGEM;;;COLISÃO FRONTAL;2;0;0;0;0;0;0;0;0;1;0;;;;;;;;;;;;;
202209269;26/04/2022;;SEM VÍTIMA;FINALIZADA;CAMPO GRANDE;RUA PROFESSOR FRANCISCO DA TRINDADE;;RUA SAO CAETANO;CAMPO GRANDE;;;COLISÃO FRONTAL;1;0;0;0;0;0;1;0;0;0;0;;;;;;;;;;;;;
202209295;26/04/2022;;COM VÍTIMA;FINALIZADA;BOA VIAGEM;AV ENGENHEIRO DOMINGOS FERREIRA;;RUA ARTUR MUNIZ;BOA VIAGEM;380;;COLISÃO TRANSVERSAL;1;1;0;0;0;0;0;0;0;1;0;Cruzamento;Bom;Sem defeito;Perfeito estado;Seca;Perfeito estado;Faixa de pedestre;R-6a;;Única;Não existe;;
202209376;27/04/2022;;COM VÍTIMA;FINALIZADA;CASA FORTE;AV DEZESSETE DE AGOSTO;;EST REAL DO POCO;CASA FORTE;;CIDADE;COLISÃO TRANSVERSAL;1;1;0;0;0;0;0;0;0;1;0;Esquina;Bom;Não existe;Perfeito estado;Seca;Perfeito estado;;Não há placas;40 km/h;Dupla;Faixa contínua;;
202209377;27/04/2022;;COM VÍTIMA;CANCELADA;SANTO AMARO;AV NORTE MIGUEL ARRAES DE ALENCAR;;RUA DA AURORA;SANTO AMARO;;;COLISÃO TRASEIRA;1;1;0;0;0;0;0;0;0;1;0;;;;;;;;;;;;;
202209378;27/04/2022;;COM VÍTIMA;FINALIZADA;BARRO;AV DR JOSE RUFINO;;;BARRO;;CIDADE;COLISÃO TRASEIRA;1;1;0;0;0;0;0;0;0;1;0;Longo da via;Bom;Não existe;Perfeito estado;Seca;Perfeito estado;Não existe;Não há placas;;Dupla;Faixa contínua;Faixa seccionada;
202209391;28/04/2022;;COM VÍTIMA;FINALIZADA;BOA VIAGEM;RUA PADRE CARAPUCEIRO;3575;AV CONSELHEIRO AGUIAR;BOA VIAGEM;115;CIDADE;COLISÃO TRASEIRA;2;0;0;1;0;0;0;0;0;1;0;Cruzamento;Bom;Sem defeito;Perfeito estado;Seca;Perfeito estado;Faixa de pedestre;R-6a;60 km/h;Única;Faixa contínua;;
202209396;28/04/2022;;COM VÍTIMA;FINALIZADA;ZUMBI;AV CAXANGA;426;;ZUMBI;489;CIDADE;ATROPELAMENTO DE PESSOA;0;0;0;0;1;1;0;0;0;1;0;Longo da via;Bom;Sem defeito;Perfeito estado;Seca;Perfeito estado;Faixa de pedestre;Não há placas;60 km/h;Dupla;Blocos;;
202209405;28/04/2022;;COM VÍTIMA;FINALIZADA;BOA VIAGEM;RUA ALMIRANTE TAMANDARE;230;RUA PADRE CABRAL;BOA VIAGEM;;SUBURBIO;COLISÃO TRANSVERSAL;1;1;0;0;0;0;0;0;0;2;0;Cruzamento;Bom;Não existe;Incompleta;Seca;Mal conservada;Não existe;Outras;;Única;Não existe;;
202209445;28/04/2022;;SEM VÍTIMA;FINALIZADA;AFOGADOS;RUA SAO MIGUEL;10;EST DOS REMEDIOS;AFOGADOS;53;SUBURBIO;;0;0;0;0;0;0;1;1;0;0;0;Cruzamento;Bom;Sem defeito;Perfeito estado;Seca;Perfeito estado;Não existe;R-3;;Dupla;Não existe;;
202209492;29/04/2022;;COM VÍTIMA;FINALIZADA;CASA AMARELA;AV NORTE MIGUEL ARRAES DE ALENCAR;5121;RUA CABO EPITACIO LUCENA;CASA AMARELA;677;SUBURBIO;COLISÃO LATERAL;1;1;0;0;0;0;0;0;0;1;0;Longo da via;Chuvoso;Sem defeito;Perfeito estado;Molhada;Perfeito estado;Faixa de pedestre;R-6a;60 km/h;Única;Faixa contínua;;
202209519;29/04/2022;;COM VÍTIMA;CANCELADA;AREIAS;AV DR JOSE RUFINO;;;AREIAS;;;COLISÃO FRONTAL;1;1;0;0;0;0;0;0;0;1;0;;;;;;;;;;;;;
202209524;29/04/2022;;COM VÍTIMA;FINALIZADA;ESTÂNCIA;AV RECIFE;;;ESTÂNCIA;259;SUBURBIO;COLISÃO TRANSVERSAL;1;1;0;0;0;0;0;0;0;1;0;Longo da via;Chuvoso;Sem defeito;Perfeito estado;Molhada;Perfeito estado;Agente;R-5a;60 km/h;Única;Não existe;;
202209534;29/04/2022;;SEM VÍTIMA;FINALIZADA;ILHA DO LEITE;RUA PAISSANDU;678;;ILHA DO LEITE;;SUBURBIO;COLISÃO TRASEIRA;2;0;0;0;0;0;0;0;0;0;0;Longo da via;Chuvoso;Não existe;Perfeito estado;Molhada;Perfeito estado;Não existe;R-6a;40 km/h;Dupla;Canteiro central;;
202209536;29/04/2022;;COM VÍTIMA;FINALIZADA;IBURA;AV DOIS RIOS;;;IBURA;;;COLISÃO FRONTAL;2;0;0;0;0;0;0;0;0;2;0;;;;;;;;;;;;;
202209549;29/04/2022;;COM VÍTIMA;FINALIZADA;JORDÃO;AV MARIA IRENE;405B;;JORDÃO;;CIDADE;COLISÃO LATERAL;0;2;0;0;0;0;0;0;0;1;0;Longo da via;Bom;Não existe;Incompleta;Seca;Perfeito estado;Não existe;Não há placas;;Dupla;Não existe;;
202209601;30/04/2022;;COM VÍTIMA;FINALIZADA;BOA VIAGEM;AV BOA VIAGEM;6166;;BOA VIAGEM;;CIDADE;COLISÃO LATERAL;1;1;0;0;0;0;0;0;0;2;0;Longo da via;Bom;Sem defeito;Perfeito estado;Seca;Perfeito estado;Não existe;R-19;60 km/h;Única;Faixa contínua;;
202209621;30/04/2022;;COM VÍTIMA;FINALIZADA;SÃO JOSÉ;RUA DO PEIXOTO;709;RUA FLORIANO PEIXOTO;SÃO JOSÉ;;;COLISÃO FRONTAL;0;1;0;0;0;1;0;0;0;1;0;Cruzamento;Bom;Não existe;Perfeito estado;Seca;Perfeito estado;Não existe;Não há placas;40 km/h;Única;Faixa;;
202209622;30/04/2022;;COM VÍTIMA;FINALIZADA;JAQUEIRA;RUA LEONARDO BEZERRA CAVALCANTE;300;;JAQUEIRA;;SUBURBIO;COLISÃO COM CICLISTA;1;0;0;1;0;0;0;0;0;1;0;Esquina;Bom;Não existe;Incompleta;Seca;Perfeito estado;Não existe;;;Única;Faixa contínua;;
202209637;30/04/2022;;COM VÍTIMA;CANCELADA;ESPINHEIRO;RUA DA HORA;;RUA SANTO ELIAS;ESPINHEIRO;;;COLISÃO COM CICLISTA;1;0;0;1;0;0;0;0;0;1;0;;;;;;;;;;;;;
202209639;30/04/2022;;COM VÍTIMA;FINALIZADA;IPUTINGA;AV CAXANGA;;RUA DR PAULO CORREIA;IPUTINGA;;CIDADE;COLISÃO LATERAL;1;1;0;0;0;0;0;0;0;2;0;Longo da via;Bom;Não existe;Incompleta;Seca;Perfeito estado;Não existe;Outras;60 km/h;Dupla;Faixa contínua;Faixa seccionada;Canteiro central
202209656;30/04/2022;;COM VÍTIMA;FINALIZADA;BOA VISTA;AV GOVERNADOR AGAMENON MAGALHAES;;PRC PARQUE AMORIM;BOA VISTA;;SUBURBIO;COLISÃO TRANSVERSAL;0;1;0;0;0;1;0;0;0;1;0;Esquina;Bom;Não existe;Perfeito estado;Seca;Perfeito estado;Outros;Não há placas;;Única;Faixa contínua;Faixa seccionada;Canteiro central
202209696;01/05/2022;;COM VÍTIMA;FINALIZADA;AFOGADOS;RUA MOTOCOLOMBO;184;;AFOGADOS;;SUBURBIO;COLISÃO FRONTAL;2;0;0;0;0;0;0;0;0;2;0;Longo da via;Bom;Não existe;Perfeito estado;Seca;Perfeito estado;Não existe;R-6a;;Única;Faixa seccionada;;
202209735;02/05/2022;;COM VÍTIMA;FINALIZADA;CASA AMARELA;AV NORTE MIGUEL ARRAES DE ALENCAR;6465;;CASA AMARELA;;CIDADE;COLISÃO TRASEIRA;0;1;0;0;0;1;0;0;0;1;0;Longo da via;Chuvoso;Não existe;Perfeito estado;Molhada;Perfeito estado;Não existe;Não há placas;;Dupla;Canteiro central;;
202209737;02/05/2022;;COM VÍTIMA;FINALIZADA;BOA VIAGEM;AV CONSELHEIRO AGUIAR;1951;;BOA VIAGEM;;CIDADE;COLISÃO TRASEIRA;1;1;0;0;0;0;0;0;0;1;0;Longo da via;Chuvoso;Não existe;Perfeito estado;Molhada;Perfeito estado;Não existe;Outras;;Única;Faixa seccionada;;
202209749;02/05/2022;;COM VÍTIMA;FINALIZADA;CAMPO GRANDE;AV GOVERNADOR AGAMENON MAGALHAES;;;CAMPO GRANDE;;;ATROPELAMENTO DE PESSOA;0;1;0;0;2;0;0;0;0;2;0;Longo da via;Bom;Não existe;Perfeito estado;Seca;Perfeito estado;Não existe;Outras;60 km/h;Dupla;Faixa seccionada;Outros;
202209759;02/05/2022;;COM VÍTIMA;FINALIZADA;MADALENA;RUA LOPES DE CARVALHO;256;RUA HERMOGENES DE MORAIS;MADALENA;;CIDADE;COLISÃO TRANSVERSAL;1;1;0;0;0;0;0;0;0;1;0;Esquina;Bom;Não existe;Perfeito estado;Seca;Perfeito estado;Não existe;"Placas ""Pare""";;Dupla;Não existe;;
202209760;02/05/2022;;COM VÍTIMA;FINALIZADA;BOA VIAGEM;AV CONSELHEIRO AGUIAR;960;RUA TOME GIBSON;BOA VIAGEM;2;CIDADE;COLISÃO LATERAL;1;1;0;0;0;0;0;0;0;1;0;Cruzamento;Bom;Sem defeito;Perfeito estado;Seca;Perfeito estado;Faixa de pedestre;Outras;60 km/h;Única;Faixa contínua;;
202209761;02/05/2022;;COM VÍTIMA;FINALIZADA;JAQUEIRA;RUA PADRE ROMA;195;RUA DO FUTURO;JAQUEIRA;223;;COLISÃO TRASEIRA;0;1;0;0;0;0;0;0;0;1;0;Esquina;Chuvoso;Sem defeito;Perfeito estado;Molhada;Perfeito estado;Faixa de pedestre;Outras;;Dupla;Faixa contínua;Faixa seccionada;Canteiro central
202209781;02/05/2022;;COM VÍTIMA;FINALIZADA;ESTÂNCIA;;168;;ESTÂNCIA;;;COLISÃO TRASEIRA;1;1;0;0;0;0;0;0;0;2;0;;;;;;;;;;;;;
202209783;02/05/2022;;COM VÍTIMA;FINALIZADA;IPSEP;AV RECIFE;;;IPSEP;;;COLISÃO TRASEIRA;0;0;0;0;0;2;0;0;0;7;0;;;;;;;;;;;;;
202209796;02/05/2022;;SEM VÍTIMA;FINALIZADA;BOA VISTA;AV MONTEVIDEU;196;PRC PARQUE AMORIM;BOA VISTA;;;COLISÃO TRASEIRA;2;0;0;0;0;0;0;0;0;0;0;;;;;;;;;;;;;
202209799;02/05/2022;;COM VÍTIMA;FINALIZADA;SANTO AMARO;AV GOVERNADOR AGAMENON MAGALHAES;;;SANTO AMARO;;CIDADE;COLISÃO TRASEIRA;1;1;0;0;0;0;0;0;0;1;0;Longo da via;Bom;Não existe;Perfeito estado;Seca;Perfeito estado;Não existe;Não há placas;60 km/h;Única;Faixa seccionada;;
202209806;02/05/2022;;SEM VÍTIMA;FINALIZADA;AFOGADOS;RUA COTUNGUBA;180;;AFOGADOS;;SUBURBIO;CHOQUE;1;0;0;0;0;0;1;0;0;0;0;Longo da via;Bom;Não existe;Não existente;Seca;Perfeito estado;Não existe;Não há placas;;Dupla;Não existe;;
202209821;02/05/2022;;COM VÍTIMA;FINALIZADA;SAN MARTIN;RUA DELMIRO GOUVEIA;;;SAN MARTIN;;;APOIO EMLURB;0;2;0;0;0;0;0;0;0;1;0;;;;;;;;;;;;;
202209824;03/05/2022;;SEM VÍTIMA;FINALIZADA;PRADO;RUA JOAO IVO DA SILVA;;;PRADO;;;MONITORAMENTO;0;0;0;0;0;0;0;0;0;0;0;;;;;;;;;;;;;
202209829;03/05/2022;;SEM VÍTIMA;FINALIZADA;ALTO DO MANDU;RUA IMBIRIBA;43;;ALTO DO MANDU;;;CHOQUE;1;1;0;0;0;0;0;0;0;0;0;;;;;;;;;;;;;
202209851;03/05/2022;;COM VÍTIMA;FINALIZADA;BOA VISTA;RUA VISCONDE DE GOIANA;234;RUA MARQUES AMORIM;BOA VISTA;;CIDADE;COLISÃO TRANSVERSAL;1;0;0;0;0;1;0;0;0;1;0;Cruzamento;Chuvoso;Não existe;Perfeito estado;Molhada;Perfeito estado;Faixa de pedestre;"Placas ""Pare""";;Única;Não existe;;
202209880;03/05/2022;;COM VÍTIMA;FINALIZADA;AREIAS;AV DR JOSE RUFINO;955;RUA COSTA HONORATO;AREIAS;;SUBURBIO;ATROPELAMENTO DE ANIMAL;0;1;0;0;0;0;0;0;0;1;0;Longo da via;Chuvoso;Não existe;Perfeito estado;Molhada;Perfeito estado;Não existe;R-6c;50 km/h;Dupla;Faixa contínua;Faixa seccionada;
202209905;03/05/2022;;COM VÍTIMA;FINALIZADA;ENCRUZILHADA;AV NORTE MIGUEL ARRAES DE ALENCAR;;RUA ALFREDO DE CASTRO;ENCRUZILHADA;665;SUBURBIO;COLISÃO LATERAL;1;1;0;0;0;0;0;0;0;1;0;Cruzamento;Bom;Sem defeito;Perfeito estado;Seca;Perfeito estado;Faixa de pedestre;Outras;;Dupla;Canteiro central;;
202209918;03/05/2022;;COM VÍTIMA;FINALIZADA;PORTO DA MADEIRA;AV BEBERIBE;3916;RUA DONA VIRTUOSA DE LUCENA;PORTO DA MADEIRA;;SUBURBIO;COLISÃO TRANSVERSAL;1;0;0;0;0;1;0;0;0;1;0;Longo da via;Bom;Não existe;Incompleta;Seca;Perfeito estado;Não existe;Não há placas;;Dupla;Faixa seccionada;;
202209926;03/05/2022;;SEM VÍTIMA;FINALIZADA;SÃO JOSÉ;RUA IMPERIAL;1524;;SÃO JOSÉ;87;SUBURBIO;COLISÃO TRASEIRA;1;0;0;0;0;0;0;1;0;0;0;Longo da via;Bom;Sem defeito;Perfeito estado;Seca;Perfeito estado;Não existe;;40 km/h;Única;Faixa seccionada;;
202209949;04/05/2022;;SEM VÍTIMA;FINALIZADA;PRADO;RUA JOAO IVO DA SILVA;;RUA PANDIA CALOGERAS;PRADO;;SUBURBIO;;1;0;0;0;0;0;0;1;0;0;0;;Bom;Não existe;Perfeito estado;Seca;Perfeito estado;Não existe;Não há placas;;Única;Canal;;
202209954;04/05/2022;;SEM VÍTIMA;FINALIZADA;BOA VIAGEM;AV BOA VIAGEM;6432;;BOA VIAGEM;;;COLISÃO LATERAL;1;1;0;0;0;0;0;0;0;0;0;;;;;;;;;;;;;
202209970;04/05/2022;;SEM VÍTIMA;CANCELADA;PINA;AV DR DIRCEU VELLOSO TOSCANO DE BRITO;;;PINA;;;COLISÃO LATERAL;0;0;0;0;0;0;2;0;0;0;0;;;;;;;;;;;;;
202209997;04/05/2022;;SEM VÍTIMA;FINALIZADA;DOIS IRMÃOS;RUA MANUEL DE MEDEIROS;;;DOIS IRMÃOS;;CIDADE;CHOQUE;0;1;0;0;0;0;0;1;0;0;0;Longo da via;Bom;Sem defeito;Perfeito estado;Seca;Perfeito estado;Não existe;Não há placas;;Dupla;Faixa seccionada;;
202210010;04/05/2022;;COM VÍTIMA;FINALIZADA;BOA VISTA;RUA AURORA;;RUA PRINCESA IZABEL;BOA VISTA;;CIDADE;COLISÃO TRASEIRA;1;1;0;0;0;0;0;0;0;1;0;Cruzamento;Bom;Sem defeito;Perfeito estado;Seca;Perfeito estado;Faixa de pedestre;R-6a;;Única;Faixa contínua;;
202210017;04/05/2022;;COM VÍTIMA;FINALIZADA;ILHA JOANA BEZERRA;PTE JOSE DE BARROS LIMA;;;ILHA JOANA BEZERRA;;;ATROPELAMENTO DE PESSOA;1;0;0;0;1;0;0;0;0;1;0;Viaduto;Bom;Não existe;Perfeito estado;Seca;Perfeito estado;;;;;;;
202210020;04/05/2022;;COM VÍTIMA;FINALIZADA;TORRÕES;AV ENGENHEIRO ABDIAS DE CARVALHO;461;;TORRÕES;272;CIDADE;COLISÃO TRASEIRA;1;1;0;0;0;0;0;0;0;1;0;Longo da via;Bom;Sem defeito;Perfeito estado;Seca;Perfeito estado;Faixa de pedestre;R-6a;60 km/h;Dupla;Faixa contínua;Canteiro central;
202210023;04/05/2022;;COM VÍTIMA;FINALIZADA;ARRUDA;AV BEBERIBE;;RUA DAS MOCAS;ARRUDA;;SUBURBIO;COLISÃO LATERAL;1;1;0;0;0;0;0;0;0;2;0;Cruzamento;Bom;Não existe;Perfeito estado;Seca;Perfeito estado;Não existe;Não há placas;;Dupla;Faixa contínua;Faixa seccionada;
202210029;04/05/2022;;COM VÍTIMA;FINALIZADA;IMBIRIBEIRA;RUA ARQUITETO LUIZ NUNES;;;IMBIRIBEIRA;;CIDADE;COLISÃO LATERAL;1;1;0;0;0;0;0;0;0;1;0;Outros;Bom;Não existe;Perfeito estado;Seca;Perfeito estado;Não existe;Não há placas;;Única;Faixa contínua;;
202210058;05/05/2022;;SEM VÍTIMA;FINALIZADA;TOTÓ;RUA ONZE DE AGOSTO;;;TOTÓ;;;CHOQUE;1;0;0;0;0;1;0;0;0;0;0;Outros;Bom;Não existe;Não existente;Seca;Mal conservada;Não existe;Não há placas;;Única;Não existe;;
202210060;05/05/2022;;COM VÍTIMA;FINALIZADA;PRADO;RUA PADRE TEOFILO TWORZ;;RUA CARLOS GOMES;PRADO;;CIDADE;COLISÃO TRANSVERSAL;1;1;0;0;0;0;0;0;0;1;0;Cruzamento;Bom;Não existe;Perfeito estado;Seca;Perfeito estado;Faixa de pedestre;Outras;40 km/h;Única;Não existe;;