Protocolo;data;hora;natureza;situacao;bairro;endereco;numero;detalhe_endereco_acidente;bairro_cruzamento;num_semaforo;sentido_via;tipo;auto;moto;ciclom;ciclista;pedestre;onibus;caminhao;viatura;outros;vitimas;vitimasfatais;acidente_verificado;tempo_clima;situacao_semaforo;sinalizacao;condicao_via;conservacao_via;ponto_controle;situacao_placa;velocidade_max_via;mao_direcao;divisao_via1;divisao_via2;divisao_via3
202210062;05/05/2022;;COM VÍTIMA;FINALIZADA;SANTO AMARO;AV GOVERNADOR AGAMENON MAGALHAES;;;SANTO AMARO;;;COLISÃO LATERAL;0;2;0;0;0;0;0;0;0;2;0;;;;;;;;;;;;;
202210063;05/05/2022;;COM VÍTIMA;FINALIZADA;CASA FORTE;AV DEZESSETE DE AGOSTO;892;;CASA FORTE;;SUBURBIO;COLISÃO LATERAL;1;1;0;0;0;0;0;0;0;1;0;Longo da via;Bom;Não existe;Perfeito estado;Seca;Perfeito estado;Não existe;R-6a;;Dupla;Faixa contínua;;
202210066;05/05/2022;;SEM VÍTIMA;FINALIZADA;CORDEIRO;RUA PEREIRA DE MORAES;748;RUA PAES CABRAL;CORDEIRO;;;;2;0;0;0;0;0;0;0;0;0;0;Cruzamento;Bom;Não existe;Não existente;Seca;Perfeito estado;Não existe;Não há placas;;Dupla;Não existe;;
202210072;05/05/2022;;COM VÍTIMA;FINALIZADA;CIDADE UNIVERSITÁRIA;AV PROFESSOR ARTUR DE SA;1118;;CIDADE UNIVERSITÁRIA;;SUBURBIO;COLISÃO TRANSVERSAL;1;1;0;0;0;0;0;0;0;1;0;Longo da via;Bom;Não existe;Perfeito estado;Seca;Perfeito estado;Não existe;Não há placas;;Dupla;Faixa contínua;;
202210081;05/05/2022;;SEM VÍTIMA;FINALIZADA;SANTO AMARO;AV GOVERNADOR AGAMENON MAGALHAES;;RUA BARROS BARRETO;SANTO AMARO;;SUBURBIO;;1;0;0;0;0;0;0;1;0;0;0;Longo da via;Bom;Não existe;Perfeito estado;Seca;Perfeito estado;Não existe;Não há placas;60 km/h;Dupla;Faixa seccionada;Canteiro central;Canal
202210085;05/05/2022;;COM VÍTIMA;FINALIZADA;IMBIRIBEIRA;AV MARECHAL MASCARENHAS DE MORAES;3421;;IMBIRIBEIRA;289;CIDADE;COLISÃO LATERAL;0;2;0;0;0;0;0;0;0;1;0;Longo da via;Bom;Sem defeito;Perfeito estado;Seca;Perfeito estado;Faixa de pedestre;Não há placas;60 km/h;Única;Faixa contínua;;
202210094;05/05/2022;;COM VÍTIMA;FINALIZADA;CAJUEIRO;AV CIDADE DE MONTEIRO;380;;CAJUEIRO;;;COLISÃO LATERAL;1;0;0;0;0;0;1;0;0;2;0;Longo da via;Bom;Não existe;Perfeito estado;Seca;Perfeito estado;Faixa de pedestre;Outras;;Dupla;Faixa contínua;;
202210100;05/05/2022;;COM VÍTIMA;FINALIZADA;BOA VISTA;RUA AURORA;;RUA PRINCESA IZABEL;BOA VISTA;22;;COLISÃO LATERAL;0;2;0;0;0;0;0;0;0;1;0;Cruzamento;Bom;Sem defeito;Perfeito estado;Seca;Perfeito estado;Faixa de pedestre;Outras;;Única;Faixa contínua;;
202210112;05/05/2022;;SEM VÍTIMA;CANCELADA;SANTO AMARO;AV GOVERNADOR AGAMENON MAGALHAES;;;SANTO AMARO;;OLINDA;COLISÃO TRASEIRA;3;0;0;0;0;0;0;0;0;0;0;;;;;;;;;;;;;
202210120;05/05/2022;;COM VÍTIMA;FINALIZADA;BEBERIBE;RUA URIEL DE HOLANDA;;RUA MELANIO DE BARROS CORREIA;BEBERIBE;;SUBURBIO;ATROPELAMENTO DE PESSOA;0;1;0;0;1;0;0;0;0;1;0;Longo da via;Bom;Não existe;Perfeito estado;Seca;Perfeito estado;Não existe;R-6a;40 km/h;Dupla;Não existe;;
202210121;05/05/2022;;COM VÍTIMA;FINALIZADA;MADALENA;RUA DEMOCRITO DE SOUZA FILHO;477;RUA PROFESSOR JOSE TORRES PIRES;MADALENA;;SUBURBIO;COLISÃO TRANSVERSAL;1;1;0;0;0;0;0;0;0;1;0;Cruzamento;Bom;Não existe;Incompleta;Seca;Perfeito estado;Não existe;Não há placas;;Única;Não existe;;
202210144;06/05/2022;;COM VÍTIMA;FINALIZADA;IBURA;AV DOIS RIOS;550C;;IBURA;;SUBURBIO;COLISÃO TRANSVERSAL;2;1;0;0;0;0;0;0;0;1;0;Longo da via;Bom;Não existe;Perfeito estado;Seca;Perfeito estado;Não existe;R-6a;;Dupla;Faixa contínua;;
202210162;06/05/2022;;COM VÍTIMA;FINALIZADA;BOA VISTA;RUA DA SOLEDADE;170;RUA DO PROGRESSO;BOA VISTA;578;AV CDE DA BOA VISTA;COLISÃO TRASEIRA;1;1;0;0;0;0;0;0;0;1;0;Longo da via;Bom;Sem defeito;Perfeito estado;Seca;Perfeito estado;Faixa de pedestre;Outras;30 km/h;Única;Não existe;;
202210166;06/05/2022;;COM VÍTIMA;FINALIZADA;SANTO AMARO;AV GOVERNADOR AGAMENON MAGALHAES;;;SANTO AMARO;;CIDADE;QUEDA;0;0;1;0;0;0;0;0;0;1;0;Longo da via;Bom;Não existe;Perfeito estado;;Mal conservada;Não existe;Não há placas;60 km/h;Dupla;Faixa seccionada;Canteiro central;
202210176;06/05/2022;;COM VÍTIMA;FINALIZADA;TORRÕES;AV ENGENHEIRO ABDIAS DE CARVALHO;;;TORRÕES;375;CIDADE;ATROPELAMENTO DE PESSOA;0;1;0;0;1;0;0;0;0;1;0;Longo da via;Bom;Sem defeito;Perfeito estado;Seca;Perfeito estado;Faixa de pedestre;Não há placas;60 km/h;Única;Canteiro central;;
202210183;06/05/2022;;COM VÍTIMA;FINALIZADA;SÃO JOSÉ;C SANTA RITA;;;SÃO JOSÉ;;;QUEDA;0;1;0;0;0;0;0;0;0;1;0;;;;;;;;;;;;;
202210197;06/05/2022;;COM VÍTIMA;FINALIZADA;SANTO AMARO;AV GOVERNADOR AGAMENON MAGALHAES;;;SANTO AMARO;;OLINDA;ATROPELAMENTO DE PESSOA;0;1;0;0;1;0;0;0;0;2;0;Viaduto;Bom;Não existe;Perfeito estado;Seca;Perfeito estado;Não existe;R-32;60 km/h;Dupla;Faixa contínua;Faixa seccionada;Canteiro central
202210226;06/05/2022;;COM VÍTIMA;FINALIZADA;APIPUCOS;RUA DE APIPUCOS;;;APIPUCOS;;CIDADE;COLISÃO LATERAL;1;1;0;0;0;0;0;0;0;2;0;Longo da via;Bom;Não existe;Perfeito estado;Seca;Perfeito estado;Não existe;Não há placas;;Dupla;Faixa contínua;;
202210245;07/05/2022;;COM VÍTIMA;FINALIZADA;BAIRRO DO RECIFE;CAIS DO APOLO;;AV MILITAR;BAIRRO DO RECIFE;436;CIDADE;QUEDA;0;1;0;0;0;0;0;0;0;1;0;Cruzamento;Bom;Sem defeito;Perfeito estado;Seca;Perfeito estado;Faixa de pedestre;Outras;;Única;Faixa contínua;;
202210258;07/05/2022;;COM VÍTIMA;FINALIZADA;JARDIM SÃO PAULO;RUA LEANDRO BARRETO;533;;JARDIM SÃO PAULO;;SUBURBIO;QUEDA;0;1;0;0;0;0;0;0;0;1;0;Longo da via;Chuvoso;Não existe;Ilegível;Molhada;Mal conservada;Não existe;Não há placas;40 km/h;Dupla;Faixa contínua;;
202210264;07/05/2022;;SEM VÍTIMA;FINALIZADA;TAMARINEIRA;RUA GUIMARAES PEIXOTO;80;;TAMARINEIRA;;;COLISÃO LATERAL;1;0;0;0;0;0;1;0;0;0;0;Longo da via;Chuvoso;Não existe;Perfeito estado;Molhada;Perfeito estado;;;20km/h;Única;Não existe;;
202210284;07/05/2022;;COM VÍTIMA;FINALIZADA;JAQUEIRA;AV RUI BARBOSA;405;RUA DEPUTADO PEDRO PIRES FERREIRA;JAQUEIRA;;;COLISÃO LATERAL;1;1;0;0;0;0;0;0;0;1;0;Cruzamento;Bom;Não existe;Perfeito estado;Molhada;Perfeito estado;Faixa de pedestre;R-6a;;Única;Faixa contínua;;
202210296;07/05/2022;;COM VÍTIMA;FINALIZADA;TAMARINEIRA;AV NORTE MIGUEL ARRAES DE ALENCAR;;RUA CONEGO BARATA;TAMARINEIRA;62;;COLISÃO TRANSVERSAL;1;1;0;0;0;0;0;0;0;1;0;Cruzamento;Bom;Sem defeito;Perfeito estado;Seca;Perfeito estado;Faixa de retenção;Outras;60 km/h;Dupla;Blocos;;
202210333;08/05/2022;;COM VÍTIMA;FINALIZADA;CAXANGÁ;AV CAXANGA;653;;CAXANGÁ;489;CIDADE;COLISÃO TRASEIRA;1;1;0;0;0;0;0;0;0;2;0;Longo da via;Bom;Sem defeito;Incompleta;Seca;Perfeito estado;Agente;Não há placas;60 km/h;Única;Não existe;;
202210344;08/05/2022;;COM VÍTIMA;FINALIZADA;JORDÃO;AV DONA CARENTINA;1479;RUA ATALAIA;JORDÃO;;SUBURBIO;COLISÃO LATERAL;1;1;0;0;0;0;0;0;0;1;0;Longo da via;Bom;Não existe;Incompleta;Seca;Mal conservada;Não existe;R-6a;;Dupla;Não existe;;
202210346;08/05/2022;;SEM VÍTIMA;FINALIZADA;SÃO JOSÉ;RUA IMPERIAL;1898;;SÃO JOSÉ;;;COLISÃO LATERAL;0;1;0;0;0;0;0;1;0;0;0;Cruzamento;Bom;Não existe;Perfeito estado;Seca;Perfeito estado;Não existe;Não há placas;60km/h;Única;Faixa seccionada;;
202210354;08/05/2022;;SEM VÍTIMA;FINALIZADA;BONGI;RUA ISAAC MARKMAN;;;BONGI;;;COLISÃO LATERAL;2;0;0;0;0;0;0;0;0;0;0;;;;;;;;;;;;;
202210355;08/05/2022;;SEM VÍTIMA;FINALIZADA;ÁGUA FRIA;RUA EGAS MUNIZ;206;;ÁGUA FRIA;;;CHOQUE;1;0;0;0;0;0;0;0;0;0;0;;;;;;;;;;;;;
202210361;08/05/2022;;COM VÍTIMA;FINALIZADA;IMBIRIBEIRA;AV MARECHAL MASCARENHAS DE MORAES;6133;;IMBIRIBEIRA;;CIDADE;CHOQUE;0;1;0;0;0;0;0;0;0;1;0;Longo da via;Bom;Não existe;Não existente;Seca;Perfeito estado;Não existe;Não há placas;;Única;Não existe;;
202210369;08/05/2022;;COM VÍTIMA;FINALIZADA;BOA VIAGEM;RUA SA E SOUZA;245;;BOA VIAGEM;;CIDADE;COLISÃO LATERAL;1;1;0;0;0;0;0;0;0;1;0;Longo da via;Chuvoso;Não existe;Perfeito estado;Molhada;Perfeito estado;Não existe;Não há placas;;Dupla;Faixa seccionada;;
202210375;09/05/2022;;COM VÍTIMA;FINALIZADA;IPUTINGA;AV CAXANGA;;;IPUTINGA;;;CHOQUE;1;0;0;0;0;0;0;0;0;1;0;;;;;;;;;;;;;
202210389;09/05/2022;;COM VÍTIMA;FINALIZADA;DOIS UNIDOS;AV HILDEBRANDO DE VASCONCELOS;121;;DOIS UNIDOS;;CIDADE;COLISÃO COM CICLISTA;0;0;0;1;0;1;0;0;0;1;0;Longo da via;Bom;Não existe;Não existente;Seca;Perfeito estado;Não existe;Não há placas;;Dupla;Não existe;;
202210395;09/05/2022;;COM VÍTIMA;FINALIZADA;IPSEP;AV RECIFE;2528;;IPSEP;;SUBURBIO;COLISÃO LATERAL;1;1;0;0;0;0;0;0;0;1;0;Longo da via;Bom;Não existe;Perfeito estado;Seca;Perfeito estado;Não existe;Outras;;Dupla;Faixa seccionada;;
202210402;09/05/2022;;COM VÍTIMA;FINALIZADA;JARDIM SÃO PAULO;AV SAO PAULO;655;;JARDIM SÃO PAULO;;SUBURBIO;COLISÃO LATERAL;1;1;0;0;0;0;0;0;0;1;0;Longo da via;Bom;Não existe;Ilegível;Seca;Mal conservada;Não existe;Não há placas;;Dupla;Faixa seccionada;;
202210421;09/05/2022;;SEM VÍTIMA;FINALIZADA;BAIRRO DO RECIFE;AV ALFREDO LISBOA;;;BAIRRO DO RECIFE;;;COLISÃO TRASEIRA;2;0;0;0;0;0;0;0;0;0;0;;;;;;;;;;;;;
202210447;09/05/2022;;COM VÍTIMA;FINALIZADA;BAIRRO DO RECIFE;AV MILITAR;70;;BAIRRO DO RECIFE;;SUBURBIO;COLISÃO TRANSVERSAL;1;1;0;0;0;0;0;0;0;1;0;Longo da via;Bom;Não existe;Perfeito estado;Seca;Perfeito estado;Não existe;Outras;60 km/h;;Faixa seccionada;;
202210450;09/05/2022;;SEM VÍTIMA;FINALIZADA;SÃO JOSÉ;RUA CORACAO DE MARIA;;;SÃO JOSÉ;;;COLISÃO TRASEIRA;1;0;0;0;0;0;0;1;0;0;0;Longo da via;Bom;Não existe;Perfeito estado;Seca;Perfeito estado;Não existe;Outras;;Dupla;Canteiro central;;
202210474;09/05/2022;;COM VÍTIMA;CANCELADA;IMBIRIBEIRA;AV RECIFE;;;IMBIRIBEIRA;;;COLISÃO LATERAL;0;1;0;0;0;0;1;0;0;1;0;;;;;;;;;;;;;
202210509;10/05/2022;;COM VÍTIMA;FINALIZADA;CORDEIRO;RUA DR JOAO LACERDA;588;RUA TEOTONIO FREIRE;CORDEIRO;;SUBURBIO;COLISÃO TRANSVERSAL;1;1;0;0;0;0;0;0;0;1;0;Cruzamento;Chuvoso;Não existe;Perfeito estado;Molhada;Perfeito estado;Não existe;"Placas ""Pare""";;Dupla;Não existe;;
202210564;10/05/2022;;SEM VÍTIMA;FINALIZADA;SOLEDADE;AV JOAO DE BARROS;;;SOLEDADE;;;COLISÃO LATERAL;2;0;0;0;0;0;0;0;0;0;0;Longo da via;Bom;Não existe;Perfeito estado;Seca;Perfeito estado;;;;Única;Canteiro central;;
202210569;10/05/2022;;COM VÍTIMA;FINALIZADA;PORTO DA MADEIRA;RUA DALVA DE OLIVEIRA;257;RUA NOVA ESPERANCA;PORTO DA MADEIRA;;CIDADE;COLISÃO TRANSVERSAL;1;1;0;0;0;0;0;0;0;1;0;Cruzamento;Bom;Não existe;Incompleta;Seca;Perfeito estado;Não existe;Outras;;Dupla;Não existe;;
202210582;10/05/2022;;SEM VÍTIMA;FINALIZADA;ÁGUA FRIA;RUA JORNALISTA JOSE CAMPELO JUNIOR;892;;ÁGUA FRIA;;;CHOQUE;0;0;0;0;0;0;1;0;0;0;0;Longo da via;Bom;Não existe;Perfeito estado;Seca;Perfeito estado;Não existe;Não há placas;;Dupla;Não existe;Faixa contínua;
202210596;11/05/2022;;COM VÍTIMA;FINALIZADA;BOA VISTA;RUA DA UNIAO;410;RUA MAMEDE SIMOES;BOA VISTA;;CIDADE;COLISÃO TRANSVERSAL;1;1;0;0;0;0;0;0;0;1;0;Cruzamento;Chuvoso;Não existe;Perfeito estado;Molhada;Perfeito estado;Não existe;"Placas ""Pare""";;Única;Não existe;;
202210597;11/05/2022;;SEM VÍTIMA;FINALIZADA;CAXANGÁ;AV CAXANGA;;;CAXANGÁ;232;CIDADE;COLISÃO LATERAL;1;0;0;0;0;0;0;1;0;0;0;Esquina;Bom;Sem defeito;Perfeito estado;Seca;Perfeito estado;Faixa de pedestre;Outras;;Dupla;Faixa seccionada;;
202210600;11/05/2022;;COM VÍTIMA;FINALIZADA;COELHOS;RUA DOS COELHOS;;;COELHOS;;CIDADE;QUEDA;0;1;0;0;1;0;0;0;0;1;0;Longo da via;Chuvoso;Não existe;Perfeito estado;Molhada;Perfeito estado;Faixa de pedestre;Outras;;Dupla;Canteiro central;;
202210607;11/05/2022;;SEM VÍTIMA;FINALIZADA;JARDIM SÃO PAULO;RUA DR HOLMES DO REGO BARROS;742;;JARDIM SÃO PAULO;;;COLISÃO LATERAL;1;0;0;0;0;0;1;0;0;0;0;Longo da via;Bom;Não existe;Não existente;Molhada;Mal iluminada;Não existe;Não há placas;;Dupla;Não existe;;
202210613;11/05/2022;;COM VÍTIMA;FINALIZADA;CAXANGÁ;AV CAXANGA;;AV PROFESSOR MORAES REGO;CAXANGÁ;;CIDADE;QUEDA;0;1;0;0;0;0;0;0;0;1;0;Longo da via;Bom;Sem defeito;Perfeito estado;Oleosa;Perfeito estado;Não existe;Outras;;Dupla;Faixa seccionada;;
202210623;11/05/2022;;SEM VÍTIMA;FINALIZADA;MADALENA;RUA REAL DA TORRE;562;;MADALENA;;;COLISÃO LATERAL;1;0;0;0;0;0;0;1;0;0;0;Esquina;Chuvoso;Não existe;Perfeito estado;Molhada;Perfeito estado;Não existe;;;Única;Faixa seccionada;;
202210640;11/05/2022;;COM VÍTIMA;FINALIZADA;IMBIRIBEIRA;RUA ARQUITETO LUIZ NUNES;673;;IMBIRIBEIRA;560;CIDADE;ATROPELAMENTO DE PESSOA;1;0;0;0;1;0;0;0;0;1;0;Longo da via;Bom;Sem defeito;Perfeito estado;Seca;Perfeito estado;Faixa de pedestre;R-19;30 km/h;Dupla;Faixa contínua;;
202210656;11/05/2022;;COM VÍTIMA;FINALIZADA;BOA VIAGEM;RUA DOS NAVEGANTES;2621;;BOA VIAGEM;;SUBURBIO;COLISÃO TRANSVERSAL;2;1;0;0;0;0;0;0;0;1;0;Longo da via;Bom;Não existe;Perfeito estado;Seca;Perfeito estado;Não existe;Não há placas;;Única;Não existe;;
202210657;11/05/2022;;SEM VÍTIMA;FINALIZADA;BOA VISTA;RUA DA UNIAO;397;;BOA VISTA;;;COLISÃO LATERAL;2;0;0;0;0;0;0;0;0;0;0;Cruzamento;Bom;Não existe;Perfeito estado;Seca;Perfeito estado;Não existe;"Placas ""Pare""";;Única;Não existe;;
202210672;11/05/2022;;COM VÍTIMA;FINALIZADA;PRADO;RUA RODRIGUES DE MENDONCA;31;RUA PANDIA CALOGERAS;PRADO;;CIDADE;COLISÃO TRANSVERSAL;0;2;0;0;0;0;0;0;0;1;0;Cruzamento;Bom;Não existe;Perfeito estado;Seca;Perfeito estado;Não existe;Outras;;Única;Não existe;;
202210697;11/05/2022;;COM VÍTIMA;FINALIZADA;MONTEIRO;AV DEZESSETE DE AGOSTO;261;;MONTEIRO;;;COLISÃO TRASEIRA;1;2;0;0;0;0;0;0;0;1;0;Longo da via;Bom;Não existe;Perfeito estado;Seca;Perfeito estado;Não existe;Outras;;Dupla;Faixa contínua;;
202210721;12/05/2022;;SEM VÍTIMA;FINALIZADA;BOA VIAGEM;RUA ERNESTO DE PAULA SANTOS;1368;;BOA VIAGEM;;;COLISÃO LATERAL;1;1;0;0;0;0;0;0;0;0;0;;;;;;;;;;;;;
202210752;12/05/2022;;COM VÍTIMA;FINALIZADA;PAISSANDU;AV GOVERNADOR AGAMENON MAGALHAES;;;PAISSANDU;;BOA VIAGEM;COLISÃO TRASEIRA;1;1;0;0;0;0;0;0;0;1;0;Longo da via;Bom;Sem defeito;Perfeito estado;Seca;Perfeito estado;Agente;Outras;60 km/h;Única;Canteiro central;;
202210756;12/05/2022;;COM VÍTIMA;FINALIZADA;CAMPO GRANDE;RUA ODORICO MENDES;188;RUA VISCONDE DE CAIRU;CAMPO GRANDE;;CIDADE;COLISÃO TRANSVERSAL;1;1;0;0;0;0;0;0;0;1;0;Cruzamento;Bom;Não existe;Perfeito estado;Seca;Perfeito estado;Não existe;Não há placas;;Dupla;Faixa;;
202210761;12/05/2022;;COM VÍTIMA;FINALIZADA;BOA VIAGEM;AV ENGENHEIRO DOMINGOS FERREIRA;3704;;BOA VIAGEM;;SUBURBIO;COLISÃO TRASEIRA;1;1;0;0;0;0;0;0;0;1;0;Longo da via;Bom;Não existe;Perfeito estado;Seca;Perfeito estado;Não existe;Outras;60 km/h;Única;Faixa seccionada;;
202210764;12/05/2022;;COM VÍTIMA;FINALIZADA;SANTO AMARO;RUA DO HOSPICIO;;RUA JOAO LIRA;SANTO AMARO;32;SUBURBIO;COLISÃO TRANSVERSAL;1;1;0;0;0;0;0;0;0;1;0;Cruzamento;Chuvoso;Sem defeito;Perfeito estado;Molhada;Perfeito estado;Faixa de pedestre;Outras;;Dupla;Faixa seccionada;Blocos;
202210769;12/05/2022;;COM VÍTIMA;FINALIZADA;ARRUDA;AV BEBERIBE;1253;RUA BOLIVAR;ARRUDA;;CIDADE;COLISÃO LATERAL;1;1;0;0;0;0;0;0;0;1;0;Cruzamento;Bom;Não existe;Perfeito estado;Seca;Perfeito estado;Não existe;R-6a;60 km/h;Dupla;Faixa contínua;Faixa seccionada;
202210774;12/05/2022;;COM VÍTIMA;FINALIZADA;BOA VISTA;AV GOVERNADOR AGAMENON MAGALHAES;1387;;BOA VISTA;174;SUBURBIO;COLISÃO TRASEIRA;1;1;0;0;0;0;0;0;0;1;0;Longo da via;Bom;Não existe;Perfeito estado;Molhada;Perfeito estado;Não existe;Não há placas;60 km/h;Única;Faixa seccionada;;
202210785;12/05/2022;;COM VÍTIMA;FINALIZADA;IPUTINGA;RUA QUIPAPA;222;;IPUTINGA;;SUBURBIO;COLISÃO LATERAL;0;1;0;0;0;1;0;0;0;1;0;Longo da via;Chuvoso;Não existe;Perfeito estado;Molhada;Perfeito estado;Não existe;Não há placas;;Única;Não existe;;
202210786;12/05/2022;;COM VÍTIMA;FINALIZADA;BOA VIAGEM;RUA JOAO CARDOSO AIRES;600;RUA ALMIRANTE BATISTA LEAO;BOA VIAGEM;;SUBURBIO;COLISÃO LATERAL;1;1;0;0;0;0;0;0;0;1;0;Cruzamento;Bom;Não existe;Perfeito estado;Seca;Perfeito estado;Não existe;Outras;;Única;Outros;;
202210802;13/05/2022;;COM VÍTIMA;FINALIZADA;ESTÂNCIA;AV RECIFE;5388;;ESTÂNCIA;;CIDADE;COLISÃO LATERAL;2;1;0;0;0;0;0;0;0;2;0;Longo da via;Chuvoso;Não existe;Perfeito estado;Molhada;Perfeito estado;Não existe;Não há placas;;Única;Faixa seccionada;;
202210833;13/05/2022;;COM VÍTIMA;FINALIZADA;GRAÇAS;AV RUI BARBOSA;;RUA ALBERTO PAIVA;GRAÇAS;305;;COLISÃO TRASEIRA;1;1;0;0;0;0;0;0;0;1;0;;;;;;;;;;;;;
202210860;13/05/2022;;COM VÍTIMA;FINALIZADA;ENCRUZILHADA;AV BEBERIBE;;RUA PEDRO ALVES;ENCRUZILHADA;186;SUBURBIO;COLISÃO TRANSVERSAL;1;1;0;0;0;0;0;0;0;1;0;Cruzamento;Bom;Sem defeito;Perfeito estado;Seca;Perfeito estado;Faixa de pedestre;R-6a;40 km/h;Dupla;Faixa contínua;;
202210861;13/05/2022;;COM VÍTIMA;FINALIZADA;PINA;AV BOA VIAGEM;328;;PINA;119;CIDADE;COLISÃO LATERAL;1;1;0;0;0;0;0;0;0;1;0;Longo da via;Bom;Sem defeito;Perfeito estado;Seca;Perfeito estado;Faixa de retenção;Não há placas;60 km/h;Única;Faixa contínua;;
202210868;13/05/2022;;COM VÍTIMA;FINALIZADA;SÃO JOSÉ;VDO DAS CINCO PONTAS;;;SÃO JOSÉ;;;QUEDA;0;0;0;1;0;0;0;0;0;1;0;;;;;;;;;;;;;
202210871;13/05/2022;;COM VÍTIMA;FINALIZADA;AFOGADOS;RUA SAO MIGUEL;1331;;AFOGADOS;;;COLISÃO LATERAL;0;0;0;0;0;0;0;0;0;1;0;;;;;;;;;;;;;
202210883;13/05/2022;;COM VÍTIMA;FINALIZADA;MADALENA;AV ENGENHEIRO ABDIAS DE CARVALHO;;EST DOS REMEDIOS;MADALENA;52;SUBURBIO;COLISÃO TRANSVERSAL;0;1;0;0;0;0;0;0;1;1;0;Cruzamento;Bom;Sem defeito;Perfeito estado;Seca;Perfeito estado;Faixa de pedestre;Não há placas;;Dupla;Canteiro central;;
202210890;13/05/2022;;SEM VÍTIMA;FINALIZADA;BOA VISTA;AV MANOEL BORBA;;;BOA VISTA;;;COLISÃO LATERAL;2;0;0;0;0;0;0;0;0;0;0;;;;;;;;;;;;;
202210893;14/05/2022;;VÍTIMA FATAL;FINALIZADA;CORDEIRO;AV MAURICIO DE NASSAU;;;CORDEIRO;;SUBURBIO;CHOQUE;1;0;0;0;0;0;0;0;0;1;1;Outros;Chuvoso;Não existe;Perfeito estado;Molhada;Perfeito estado;Não existe;Outras;;Dupla;Faixa contínua;;
202210905;14/05/2022;;COM VÍTIMA;FINALIZADA;AFOGADOS;EST DOS REMEDIOS;879;RUA CRISOPOLIS;AFOGADOS;;CIDADE;COLISÃO LATERAL;1;1;0;0;0;0;0;0;0;1;0;Longo da via;Chuvoso;Não existe;Perfeito estado;Molhada;Perfeito estado;Não existe;R-6a;;Única;Faixa seccionada;;
202210910;14/05/2022;;COM VÍTIMA;FINALIZADA;BOA VISTA;AV CONDE DA BOA VISTA;;RUA DA SAUDADE;BOA VISTA;;SUBURBIO;COLISÃO LATERAL;1;1;0;0;0;0;0;0;0;1;0;Longo da via;Chuvoso;Sem defeito;Perfeito estado;Molhada;Perfeito estado;Não existe;R-6c;40 km/h;Dupla;Faixa seccionada;Canteiro central;
202210915;14/05/2022;;COM VÍTIMA;FINALIZADA;ROSARINHO;AV NORTE MIGUEL ARRAES DE ALENCAR;;;ROSARINHO;;;COLISÃO LATERAL;1;1;0;0;0;0;0;0;0;1;0;;;;;;;;;;;;;
202210923;14/05/2022;;COM VÍTIMA;FINALIZADA;TOTÓ;RUA PAULINO DE FARIAS;591;;TOTÓ;;AV LIBERDADE;QUEDA;0;1;0;0;0;0;0;0;0;2;0;Longo da via;Bom;Não existe;Perfeito estado;Seca;Perfeito estado;Não existe;R-6a;;Dupla;Não existe;;
202210931;14/05/2022;;COM VÍTIMA;FINALIZADA;TEJIPIÓ;RUA FALCAO DE LACERDA;338;;TEJIPIÓ;;SUBURBIO;COLISÃO LATERAL;2;1;0;0;0;0;0;0;0;1;0;Longo da via;Bom;Não existe;Perfeito estado;Seca;Mal conservada;Não existe;Não há placas;;Dupla;Faixa contínua;;
202210953;14/05/2022;;COM VÍTIMA;FINALIZADA;BOA VIAGEM;AVENIDA CELSO FURTADO (VIA MANGUE);;;BOA VIAGEM;;SUBURBIO;COLISÃO LATERAL;1;1;0;0;0;0;0;0;0;2;0;Viaduto;Bom;Não existe;Incompleta;Seca;;Não existe;Não há placas;;Dupla;Faixa seccionada;;
202210963;14/05/2022;;SEM VÍTIMA;FINALIZADA;CAMPO GRANDE;RUA MARIA AUGUSTA DE SOUZA;300;;CAMPO GRANDE;;;COLISÃO LATERAL;2;0;0;0;0;0;0;0;0;0;0;;;;;;;;;;;;;
202210975;14/05/2022;;COM VÍTIMA;FINALIZADA;AFOGADOS;AV SUL;2372;;AFOGADOS;39;CIDADE;COLISÃO COM CICLISTA;0;0;0;1;0;1;0;0;0;1;0;Longo da via;Chuvoso;Sem defeito;Perfeito estado;Molhada;Perfeito estado;Não existe;Não há placas;;Única;Faixa seccionada;;
202210976;14/05/2022;;SEM VÍTIMA;CANCELADA;AREIAS;AV CAPITAO GREGORIO DE CALDAS;;;AREIAS;;;COLISÃO LATERAL;2;0;0;0;0;0;0;0;0;0;0;;;;;;;;;;;;;