Protocolo;data;hora;natureza;situacao;bairro;endereco;numero;detalhe_endereco_acidente;bairro_cruzamento;num_semaforo;sentido_via;tipo;auto;moto;ciclom;ciclista;pedestre;onibus;caminhao;viatura;outros;vitimas;vitimasfatais;acidente_verificado;tempo_clima;situacao_semaforo;sinalizacao;condicao_via;conservacao_via;ponto_controle;situacao_placa;velocidade_max_via;mao_direcao;divisao_via1;divisao_via2;divisao_via3
202210982;15/05/2022;;COM VÍTIMA;FINALIZADA;GRAÇAS;AV GOVERNADOR AGAMENON MAGALHAES;;RUA DR BANDEIRA FILHO;GRAÇAS;173;CIDADE;COLISÃO LATERAL;0;1;0;0;0;0;0;0;1;2;0;Cruzamento;Bom;Sem defeito;Perfeito estado;Seca;Perfeito estado;Faixa de pedestre;R-26;60 km/h;Dupla;Canteiro central;;
202210995;15/05/2022;;COM VÍTIMA;FINALIZADA;IPSEP;AV RECIFE;4880;;IPSEP;;CIDADE;COLISÃO TRASEIRA;1;1;0;0;0;0;0;0;0;1;0;Longo da via;Chuvoso;Sem defeito;Perfeito estado;Molhada;Perfeito estado;Não existe;Não há placas;60 km/h;Dupla;Canteiro central;;
202211002;15/05/2022;;COM VÍTIMA;FINALIZADA;BOA VIAGEM;AV CONSELHEIRO AGUIAR;1733;RUA SOLIDONIO LEITE;BOA VIAGEM;;CIDADE;COLISÃO TRANSVERSAL;3;0;0;0;0;0;0;0;0;2;0;Longo da via;Bom;Não existe;Perfeito estado;Seca;Perfeito estado;Não existe;Não há placas;60 km/h;Única;Faixa seccionada;;
202211003;15/05/2022;;COM VÍTIMA;FINALIZADA;CORDEIRO;AV GENERAL SAN MARTIN;;RUA GOMES TABORDA;CORDEIRO;67;;COLISÃO LATERAL;1;1;0;0;0;0;0;0;0;1;0;Cruzamento;Bom;Sem defeito;Incompleta;Seca;Mal conservada;Faixa de pedestre;R-6a;;Dupla;Faixa seccionada;;
202211013;15/05/2022;;SEM VÍTIMA;FINALIZADA;PAISSANDU;AV GOVERNADOR AGAMENON MAGALHAES;;RUA HENRIQUE DIAS;PAISSANDU;68;;;1;0;0;0;0;0;0;1;0;0;0;Cruzamento;Bom;Sem defeito;Perfeito estado;Seca;Perfeito estado;Faixa de pedestre;R-4a;60 km/h;Dupla;Faixa contínua;;
202211017;15/05/2022;;COM VÍTIMA;FINALIZADA;BOA VIAGEM;RUA SA E SOUZA;725;RUA DR LUIZ INACIO PESSOA DE MELO;BOA VIAGEM;;SUBURBIO;COLISÃO TRANSVERSAL;1;1;0;0;0;0;0;0;0;2;0;Cruzamento;Bom;Não existe;Perfeito estado;Seca;Perfeito estado;Faixa de retenção;"Placas ""Pare""";;Dupla;Faixa contínua;;
202211052;16/05/2022;;COM VÍTIMA;FINALIZADA;BONGI;EST DO BONGI;761;;BONGI;;SUBURBIO;COLISÃO TRANSVERSAL;1;1;0;0;0;0;0;0;0;2;0;Longo da via;Bom;Sem defeito;Perfeito estado;Seca;Perfeito estado;Não existe;R-6a;40 km/h;Dupla;Faixa contínua;;
202211095;16/05/2022;;COM VÍTIMA;DUPLICIDADE;ROSARINHO;AV SANTOS DUMONT;960;;ROSARINHO;;;QUEDA;0;1;0;0;0;0;0;0;0;1;0;;;;;;;;;;;;;
202211101;16/05/2022;;COM VÍTIMA;FINALIZADA;ROSARINHO;AV SANTOS DUMONT;960;RUA AMARO COUTINHO;ROSARINHO;;SUBURBIO;COLISÃO LATERAL;1;1;0;0;0;0;0;0;0;1;0;Cruzamento;Bom;Não existe;Perfeito estado;Seca;Perfeito estado;Não existe;"Placas ""Pare""";40 km/h;Única;Faixa seccionada;;
202211106;16/05/2022;;COM VÍTIMA;FINALIZADA;CURADO;RUA DR GEORGE WILLIAM BUTLER;675 / 51C;;CURADO;;CIDADE;COLISÃO FRONTAL;0;1;0;0;0;1;0;0;0;1;0;Longo da via;Bom;Não existe;Incompleta;Seca;Perfeito estado;Não existe;Não há placas;;Dupla;Não existe;;
202211114;16/05/2022;;COM VÍTIMA;FINALIZADA;SANTO AMARO;AV NORTE MIGUEL ARRAES DE ALENCAR;;RUA AURORA;SANTO AMARO;243;SUBURBIO;COLISÃO COM CICLISTA;1;0;0;1;0;0;0;0;0;1;0;Cruzamento;Bom;Sem defeito;Perfeito estado;Seca;Perfeito estado;Faixa de pedestre;R-6a;;Dupla;Faixa seccionada;Canteiro central;
202211133;17/05/2022;;COM VÍTIMA;FINALIZADA;CORDEIRO;AV CAXANGA;1052;;CORDEIRO;;SUBURBIO;COLISÃO TRASEIRA;1;0;1;0;0;0;0;0;0;1;0;Longo da via;Bom;Sem defeito;Perfeito estado;Seca;Perfeito estado;Não existe;Outras;;Dupla;Faixa seccionada;;
202211135;17/05/2022;;COM VÍTIMA;FINALIZADA;CASA AMARELA;AV NORTE MIGUEL ARRAES DE ALENCAR;;;CASA AMARELA;677;SUBURBIO;COLISÃO LATERAL;1;1;0;0;0;0;0;0;0;1;0;Longo da via;Bom;Sem defeito;Perfeito estado;Seca;Perfeito estado;Faixa de pedestre;R-6a;;Dupla;Blocos;;
202211166;17/05/2022;;COM VÍTIMA;FINALIZADA;JORDÃO;AV MARIA IRENE;25;;JORDÃO;;CIDADE;ATROPELAMENTO DE PESSOA;0;0;0;0;1;0;0;1;0;1;0;Longo da via;Bom;Não existe;Perfeito estado;Seca;Perfeito estado;Não existe;Não há placas;;Dupla;Faixa contínua;;
202211174;17/05/2022;;SEM VÍTIMA;FINALIZADA;JARDIM SÃO PAULO;EST DO CURADO;55;AV LIBERDADE;JARDIM SÃO PAULO;;SUBURBIO;;1;0;0;0;0;1;0;0;0;0;0;Cruzamento;Bom;Não existe;Não existente;Seca;Mal conservada;Não existe;"Placas ""Pare""";40 km/h;Dupla;Não existe;;
202211180;17/05/2022;;COM VÍTIMA;FINALIZADA;CORDEIRO;AV CAXANGA;1214;RUA GREGORIO JUNIOR;CORDEIRO;236;SUBURBIO;COLISÃO COM CICLISTA;0;1;0;1;0;0;0;0;0;2;0;Cruzamento;Bom;Sem defeito;Perfeito estado;Seca;Perfeito estado;Faixa de pedestre;Não há placas;60 km/h;Única;Faixa contínua;;
202211200;17/05/2022;;COM VÍTIMA;FINALIZADA;BOA VISTA;AV GOVERNADOR AGAMENON MAGALHAES;;AV RUI BARBOSA;BOA VISTA;;BOA VIAGEM;COLISÃO LATERAL;1;1;0;0;0;0;0;0;0;1;0;Longo da via;Bom;Sem defeito;Perfeito estado;Seca;Perfeito estado;Faixa de pedestre;R-4b;60 km/h;Única;Faixa contínua;;
202211208;17/05/2022;;COM VÍTIMA;FINALIZADA;MANGUEIRA;RUA VINTE E UM DE ABRIL;1205;RUA NELSON AVILA;MANGUEIRA;;CIDADE;COLISÃO FRONTAL;1;1;0;0;0;0;0;0;0;1;0;Longo da via;Bom;Não existe;Perfeito estado;Seca;Perfeito estado;Não existe;Outras;;Dupla;Faixa seccionada;;
202211209;17/05/2022;;COM VÍTIMA;FINALIZADA;BOA VIAGEM;RUA VISCONDE DE JEQUITINHONHA;;RUA BALTAZAR PASSOS;BOA VIAGEM;154;;ATROPELAMENTO DE PESSOA;1;0;0;0;1;0;0;0;0;1;0;;;;;;;;;;;;;
202211210;17/05/2022;;COM VÍTIMA;FINALIZADA;MACAXEIRA;AV JOSE AMERICO DE ALMEIDA;79;;MACAXEIRA;;CIDADE;COLISÃO LATERAL;0;1;0;0;0;1;0;0;0;1;0;Longo da via;Bom;Não existe;Incompleta;Seca;Perfeito estado;Não existe;Não há placas;;Dupla;Não existe;;
202211229;18/05/2022;;COM VÍTIMA;FINALIZADA;AREIAS;AV CAPITAO GREGORIO DE CALDAS;;AV RECIFE;AREIAS;494;SUBURBIO;ATROPELAMENTO DE PESSOA;0;0;0;0;2;1;0;0;0;2;0;Cruzamento;Bom;Sem defeito;Não existente;Seca;Perfeito estado;Outros;Não há placas;30 km/h;Dupla;Canteiro central;;
202211233;18/05/2022;;COM VÍTIMA;FINALIZADA;AFOGADOS;AV SUL;S/N;;AFOGADOS;;CIDADE;COLISÃO TRASEIRA;2;0;0;0;0;0;0;0;0;1;0;Longo da via;Bom;Não existe;Perfeito estado;Seca;Mal iluminada;Não existe;Não há placas;;Única;Faixa seccionada;;
202211236;18/05/2022;;COM VÍTIMA;FINALIZADA;AREIAS;AV RECIFE;29;;AREIAS;620;BR-101;COLISÃO LATERAL;2;1;0;0;0;0;0;0;0;1;0;Longo da via;Bom;Sem defeito;Perfeito estado;Seca;Perfeito estado;Não existe;R-6a;;Dupla;Faixa seccionada;Canteiro central;
202211244;18/05/2022;;SEM VÍTIMA;CANCELADA;SANTO AMARO;AV GOVERNADOR AGAMENON MAGALHAES;;;SANTO AMARO;;;COLISÃO TRASEIRA;1;0;0;0;0;0;0;1;0;0;0;;;;;;;;;;;;;
202211255;18/05/2022;;SEM VÍTIMA;CANCELADA;ESPINHEIRO;RUA SANTO ELIAS;450;;ESPINHEIRO;;;COLISÃO TRASEIRA;1;0;0;0;0;0;1;0;0;0;0;;;;;;;;;;;;;
202211259;18/05/2022;;COM VÍTIMA;FINALIZADA;JOANA BEZERRA;VIADUTO CAPITAO TEMUDO;;;JOANA BEZERRA;;BOA VIAGEM;COLISÃO TRASEIRA;1;1;0;0;0;0;0;0;0;1;0;Viaduto;Bom;Não existe;Perfeito estado;Seca;Perfeito estado;Não existe;Não há placas;60 km/h;Dupla;Canteiro central;;
202211276;18/05/2022;;SEM VÍTIMA;FINALIZADA;GRAÇAS;RUA DR BANDEIRA FILHO;;;GRAÇAS;;;COLISÃO LATERAL;2;0;0;0;0;0;0;0;0;0;0;;;;;;;;;;;;;
202211294;18/05/2022;;SEM VÍTIMA;FINALIZADA;BOA VIAGEM;RUA BRUNO VELOSO;;;BOA VIAGEM;;;COLISÃO LATERAL;2;0;0;0;0;0;0;0;0;0;0;;;;;;;;;;;;;
202211297;18/05/2022;;COM VÍTIMA;FINALIZADA;PORTO DA MADEIRA;AV BEBERIBE;3433;RUA PASCOAL SIVINI;PORTO DA MADEIRA;;;COLISÃO TRANSVERSAL;1;1;0;0;0;0;0;0;0;1;0;Longo da via;Bom;Não existe;Perfeito estado;Seca;Perfeito estado;Não existe;R-6a;;Dupla;Faixa contínua;Faixa seccionada;
202211338;19/05/2022;;SEM VÍTIMA;FINALIZADA;SÃO JOSÉ;RUA IMPERIAL;889;;SÃO JOSÉ;511;SUBURBIO;COLISÃO TRASEIRA;1;0;0;0;0;0;0;1;0;0;0;Longo da via;Bom;Sem defeito;Perfeito estado;Seca;Perfeito estado;Faixa de pedestre;Não há placas;;Única;Faixa contínua;;
202211339;19/05/2022;;COM VÍTIMA;FINALIZADA;NOVA DESCOBERTA;RUA DA PAZ;;AV CHAGAS FERREIRA;NOVA DESCOBERTA;;SUBURBIO;COLISÃO FRONTAL;0;1;0;0;0;1;0;0;0;1;0;Ponte;Bom;Não existe;Não existente;Seca;Mal conservada;Não existe;Não há placas;;Dupla;Não existe;;
202211361;19/05/2022;;COM VÍTIMA;FINALIZADA;BOA VIAGEM;RUA DOS NAVEGANTES;785;RUA ERNESTO DE PAULA SANTOS;BOA VIAGEM;;;COLISÃO TRANSVERSAL;2;0;0;0;0;0;0;0;0;3;0;Cruzamento;Bom;Não existe;Perfeito estado;Seca;Perfeito estado;Faixa de retenção;"Placas ""Pare""";;Única;Faixa seccionada;;
202211369;19/05/2022;;COM VÍTIMA;FINALIZADA;DERBY;AV GOVERNADOR AGAMENON MAGALHAES;;;DERBY;;;COLISÃO TRASEIRA;0;1;0;0;0;1;0;0;0;1;0;Longo da via;Bom;Não existe;Perfeito estado;Seca;Perfeito estado;Agente;Outras;60 km/h;Única;Faixa seccionada;;
202211386;19/05/2022;;SEM VÍTIMA;FINALIZADA;SANTO AMARO;RUA ALMEIDA CUNHA;;;SANTO AMARO;;;COLISÃO LATERAL;2;0;0;0;0;0;0;0;0;0;0;;;;;;;;;;;;;
202211425;20/05/2022;;COM VÍTIMA;FINALIZADA;IMBIRIBEIRA;RUA ARQUITETO LUIZ NUNES;233;AV ENGENHEIRO ALVES DE SOUZA;IMBIRIBEIRA;634;CIDADE;COLISÃO TRANSVERSAL;1;1;0;0;0;0;0;0;0;1;0;Cruzamento;Bom;Sem defeito;Perfeito estado;Seca;Perfeito estado;Faixa de pedestre;Não há placas;40 km/h;Dupla;Faixa contínua;Faixa seccionada;
202211483;21/05/2022;;SEM VÍTIMA;FINALIZADA;CASA FORTE;RUA JADER DE ANDRADE;43;;CASA FORTE;;;;1;1;0;0;0;0;0;0;0;0;0;Longo da via;Chuvoso;Não existe;Não existente;Molhada;Perfeito estado;Não existe;Não há placas;;Dupla;Não existe;;
202211506;21/05/2022;;COM VÍTIMA;FINALIZADA;ARRUDA;RUA DO MACHADO;32;RUA DAS MOCAS;ARRUDA;;CIDADE;COLISÃO FRONTAL;1;1;0;0;0;0;0;0;0;1;0;Longo da via;Bom;Não existe;Perfeito estado;Seca;Perfeito estado;Faixa de pedestre;"Placas ""Pare""";30 km/h;Dupla;Não existe;;
202211544;21/05/2022;;COM VÍTIMA;FINALIZADA;APIPUCOS;RUA DE APIPUCOS;685;;APIPUCOS;;SUBURBIO;COLISÃO TRASEIRA;1;1;0;0;0;0;0;0;0;1;0;Longo da via;Bom;Não existe;Perfeito estado;Seca;Perfeito estado;Não existe;R-6a;;Dupla;Faixa contínua;;
202211545;21/05/2022;;COM VÍTIMA;CANCELADA;IMBIRIBEIRA;AV SUL;S/N;;IMBIRIBEIRA;;;COLISÃO FRONTAL;0;1;0;0;0;0;0;0;0;2;0;;;;;;;;;;;;;
202211547;21/05/2022;;COM VÍTIMA;FINALIZADA;MADALENA;AV JOSE GONCALVES DE MEDEIROS;;;MADALENA;;CIDADE;COLISÃO LATERAL;1;1;0;0;0;0;0;0;0;2;0;Longo da via;Bom;Não existe;Incompleta;Seca;Perfeito estado;Não existe;R-6a;;Única;Não existe;;
202211549;21/05/2022;;SEM VÍTIMA;FINALIZADA;SANTO AMARO;AV CRUZ CABUGA;;RUA DR JOAO VIEIRA DE MENEZES;SANTO AMARO;674;SUBURBIO;CHOQUE;1;0;0;0;0;0;0;0;0;0;0;Cruzamento;Bom;Sem defeito;Perfeito estado;Seca;Perfeito estado;Não existe;Não há placas;;Dupla;Faixa seccionada;;
202211552;21/05/2022;;SEM VÍTIMA;CANCELADA;ESPINHEIRO;AV GOVERNADOR AGAMENON MAGALHAES;;;ESPINHEIRO;;BOA VIAGEM;COLISÃO LATERAL;2;0;0;0;0;0;0;0;0;0;0;;;;;;;;;;;;;
202211575;21/05/2022;;COM VÍTIMA;FINALIZADA;TORRE;RUA PROFESSOR TRAJANO DE MENDONCA;;;TORRE;;CIDADE;COLISÃO COM CICLISTA;1;0;0;1;0;0;0;0;0;1;0;Longo da via;Bom;Não existe;Perfeito estado;Seca;Perfeito estado;Não existe;Não há placas;;Única;Faixa seccionada;;
202211581;22/05/2022;;COM VÍTIMA;FINALIZADA;MADALENA;EST DOS REMEDIOS;;AV JOSE GONCALVES DE MEDEIROS;MADALENA;353;CIDADE;COLISÃO TRANSVERSAL;1;1;0;0;0;0;0;0;0;1;0;Cruzamento;Bom;Sem defeito;Perfeito estado;Seca;Perfeito estado;Faixa de pedestre;"Placas ""Pare""";;Única;Faixa seccionada;;
202211604;22/05/2022;;COM VÍTIMA;FINALIZADA;AFOGADOS;RUA SAO MIGUEL;;RUA LUIZ PEREIRA DE FARIAS;AFOGADOS;;CIDADE;ATROPELAMENTO DE PESSOA;0;1;0;0;1;0;0;0;0;2;0;Cruzamento;Bom;Não existe;Perfeito estado;Seca;Perfeito estado;;;60 km/h;Dupla;Faixa contínua;;
202211608;22/05/2022;;COM VÍTIMA;FINALIZADA;VÁRZEA;AV AFONSO OLINDENSE;72;AV CAXANGA;VÁRZEA;568;SUBURBIO;COLISÃO LATERAL;1;1;0;0;0;0;0;0;0;1;0;Longo da via;Bom;Sem defeito;Incompleta;Seca;Perfeito estado;Faixa de pedestre;R-6a;30 km/h;Dupla;Faixa contínua;Faixa seccionada;
202211635;22/05/2022;;COM VÍTIMA;FINALIZADA;MACAXEIRA;RUA MARIA AMALIA;7;SUB DA UNIAO;MACAXEIRA;;CIDADE;COLISÃO LATERAL;1;1;0;0;0;0;0;0;0;1;0;Longo da via;Chuvoso;Não existe;Não existente;Seca;Mal conservada;Não existe;Não há placas;;Dupla;Não existe;;
202211636;22/05/2022;;SEM VÍTIMA;FINALIZADA;IPUTINGA;AV CAXANGA;;RUA MANOEL JOAQUIM DE ALMEIDA;IPUTINGA;533;;;1;1;0;0;0;0;0;0;0;0;0;Cruzamento;Bom;Sem defeito;Perfeito estado;;;Faixa de pedestre;Não há placas;;Dupla;Canteiro central;;
202211649;22/05/2022;;COM VÍTIMA;FINALIZADA;BOA VIAGEM;RUA RIBEIRO DE BRITO;;RUA TENENTE DOMINGOS DE BRITO;BOA VIAGEM;331;;COLISÃO TRANSVERSAL;1;1;0;0;0;0;0;0;0;2;0;Cruzamento;Chuvoso;Sem defeito;Perfeito estado;Molhada;Perfeito estado;Faixa de pedestre;Não há placas;;Única;Não existe;;
202211650;22/05/2022;;COM VÍTIMA;FINALIZADA;JAQUEIRA;AV CONS ROSA E SILVA;1847;RUA NETO DE MENDONCA;JAQUEIRA;686;SUBURBIO;COLISÃO TRANSVERSAL;0;2;0;0;0;0;0;0;0;1;0;Longo da via;Bom;Sem defeito;Perfeito estado;Seca;Perfeito estado;Faixa de retenção;Não há placas;60 km/h;Única;Faixa seccionada;;
202211667;23/05/2022;;COM VÍTIMA;FINALIZADA;CORDEIRO;AV CAXANGA;2255;;CORDEIRO;235;SUBURBIO;ATROPELAMENTO DE PESSOA;1;0;0;0;1;1;0;0;0;1;0;Longo da via;Chuvoso;Sem defeito;Perfeito estado;Molhada;Perfeito estado;Não existe;Outras;;Dupla;Faixa seccionada;;
202211669;23/05/2022;;COM VÍTIMA;DUPLICIDADE;CAXANGÁ;AV CAXANGA;;;CAXANGÁ;;;ATROPELAMENTO DE PESSOA;0;0;0;0;1;1;0;0;0;1;0;;;;;;;;;;;;;
202211671;23/05/2022;;COM VÍTIMA;FINALIZADA;PARNAMIRIM;RUA DA ESTRELA;164;;PARNAMIRIM;;SUBURBIO;COLISÃO LATERAL;1;1;0;0;0;0;0;0;0;2;0;Longo da via;Chuvoso;Não existe;Perfeito estado;Molhada;Perfeito estado;Não existe;Outras;30 km/h;Dupla;Não existe;;
202211683;23/05/2022;;COM VÍTIMA;FINALIZADA;TORRE;RUA JOSE BONIFACIO;851;;TORRE;301;SUBURBIO;COLISÃO TRASEIRA;1;1;0;0;0;0;0;0;0;1;0;Longo da via;Bom;Sem defeito;Perfeito estado;Seca;Perfeito estado;Faixa de pedestre;Não há placas;;Única;Faixa seccionada;;
202211684;23/05/2022;;COM VÍTIMA;FINALIZADA;BOA VISTA;RUA DOM BOSCO;;;BOA VISTA;;SUBURBIO;COLISÃO TRANSVERSAL;1;1;0;0;0;0;0;0;0;1;0;Longo da via;Bom;Sem defeito;Perfeito estado;Seca;Perfeito estado;Não existe;Não há placas;40 km/h;Única;Faixa seccionada;;
202211687;23/05/2022;;COM VÍTIMA;FINALIZADA;PINA;RUA MANOEL DE BRITO;243;;PINA;;CIDADE;COLISÃO COM CICLISTA;1;0;0;1;0;0;0;0;0;1;0;Longo da via;Bom;Não existe;Perfeito estado;Seca;Perfeito estado;Outros;Não há placas;;Única;Faixa seccionada;;
202211691;23/05/2022;;COM VÍTIMA;CANCELADA;BOA VIAGEM;AV ENGENHEIRO DOMINGOS FERREIRA;;;BOA VIAGEM;;;ATROPELAMENTO DE PESSOA;1;0;0;0;1;0;0;0;0;1;0;;;;;;;;;;;;;
202211729;23/05/2022;;COM VÍTIMA;CANCELADA;TORRE;RUA JOSE OSORIO;;;TORRE;;;COLISÃO FRONTAL;1;1;0;0;0;0;0;0;0;1;0;;;;;;;;;;;;;
202211739;23/05/2022;;COM VÍTIMA;CANCELADA;NOVA DESCOBERTA;RUA TEREZA CARNEIRO;;;NOVA DESCOBERTA;;;COLISÃO LATERAL;0;1;0;0;0;0;1;0;0;1;0;;;;;;;;;;;;;
202211746;23/05/2022;;COM VÍTIMA;FINALIZADA;JOANA BEZERRA;VDO PAPA JOAO PAULO II;;;JOANA BEZERRA;;SUBURBIO;ATROPELAMENTO DE PESSOA;3;0;0;0;1;0;0;0;0;1;0;Viaduto;Chuvoso;Não existe;Não existente;Molhada;Perfeito estado;Não existe;Não há placas;60 km/h;Única;;;
202211747;23/05/2022;;SEM VÍTIMA;CANCELADA;IPUTINGA;AV PROFESSOR MORAES REGO;;;IPUTINGA;;;COLISÃO TRASEIRA;3;0;0;0;0;0;0;0;0;0;0;;;;;;;;;;;;;
202211777;24/05/2022;;SEM VÍTIMA;FINALIZADA;GRAÇAS;RUA AMARO BEZERRA;410;RUA JOAQUIM NABUCO;GRAÇAS;;CIDADE;;1;0;0;0;0;0;0;0;0;0;0;Longo da via;Chuvoso;Não existe;Perfeito estado;Molhada;Perfeito estado;Não existe;Outras;;Única;Não existe;;
202211825;24/05/2022;;COM VÍTIMA;FINALIZADA;TORRÕES;RUA QUINZE DE MARCO;594;RUA VINTE E UM DE ABRIL;TORRÕES;;SUBURBIO;CHOQUE;1;0;0;0;0;0;0;0;0;1;0;Cruzamento;Chuvoso;Não existe;Perfeito estado;Molhada;Mal conservada;Não existe;Não há placas;60 km/h;Dupla;Faixa seccionada;;
202211826;24/05/2022;;COM VÍTIMA;FINALIZADA;IMBIRIBEIRA;AV MARECHAL MASCARENHAS DE MORAES;;PRC MINISTRO SALGADO FILHO;IMBIRIBEIRA;;SUBURBIO;CAPOTAMENTO;1;0;0;0;0;0;0;0;0;1;0;Longo da via;Chuvoso;Não existe;Perfeito estado;Molhada;Perfeito estado;Não existe;Outras;;Única;Não existe;;
202211834;24/05/2022;;COM VÍTIMA;FINALIZADA;ESTÂNCIA;AV RECIFE;5680;RUA LAURA BANDEIRA DE MELO;ESTÂNCIA;705;SUBURBIO;COLISÃO LATERAL;0;1;0;0;0;0;1;0;0;1;0;Cruzamento;Chuvoso;Sem defeito;Perfeito estado;Molhada;Perfeito estado;Agente;R-19;50 km/h;Dupla;Canteiro central;;
202211848;24/05/2022;;SEM VÍTIMA;FINALIZADA;BOA VIAGEM;AVENIDA CELSO FURTADO (VIA MANGUE);;;BOA VIAGEM;;;CAPOTAMENTO;0;0;0;0;0;0;0;0;0;0;0;;;;;;;;;;;;;
202211852;24/05/2022;;COM VÍTIMA;FINALIZADA;SAN MARTIN;AV CONSUL VILARES FRAGOSO;375;;SAN MARTIN;;;COLISÃO LATERAL;1;1;0;0;0;0;0;0;0;1;0;;;;;;;;;;;;;
202211854;24/05/2022;;COM VÍTIMA;FINALIZADA;VÁRZEA;AV CAXANGA;;AV AFONSO OLINDENSE;VÁRZEA;568;SUBURBIO;COLISÃO COM CICLISTA;0;0;0;1;0;1;0;0;0;1;0;Longo da via;Chuvoso;Sem defeito;Perfeito estado;Molhada;Perfeito estado;Faixa de pedestre;Outras;;Dupla;Faixa contínua;;
202211916;25/05/2022;;COM VÍTIMA;FINALIZADA;CASA AMARELA;RUA DA HARMONIA;518;;CASA AMARELA;;SUBURBIO;COLISÃO FRONTAL;2;0;0;0;0;0;0;0;0;1;0;Longo da via;Chuvoso;Não existe;Perfeito estado;Seca;Perfeito estado;Faixa de pedestre;Outras;30 km/h;Dupla;Faixa contínua;;
202211946;26/05/2022;;SEM VÍTIMA;FINALIZADA;BOA VIAGEM;RUA AVIADOR SEVERIANO LINS;;;BOA VIAGEM;;SUBURBIO;COLISÃO TRANSVERSAL;3;0;0;0;0;0;0;0;0;0;0;Longo da via;Chuvoso;Não existe;Não existente;Molhada;Perfeito estado;Não existe;Não há placas;;Dupla;Não existe;;
202211948;26/05/2022;;SEM VÍTIMA;DUPLICIDADE;BOA VIAGEM;RUA AVIADOR SEVERIANO LINS;;;BOA VIAGEM;;;COLISÃO TRASEIRA;3;0;0;0;0;0;0;0;0;0;0;;;;;;;;;;;;;
202211981;26/05/2022;;COM VÍTIMA;FINALIZADA;BARRO;AV DR JOSE RUFINO;2221;RUA PALMEIRA;BARRO;539;CIDADE;COLISÃO FRONTAL;3;0;0;0;0;0;0;0;0;1;0;Cruzamento;Bom;Sem defeito;Incompleta;Seca;Mal conservada;Faixa de pedestre;R-6a;40 km/h;Dupla;Faixa contínua;Faixa seccionada;
202211991;26/05/2022;;SEM VÍTIMA;FINALIZADA;MADALENA;RUA SPORT CLUBE DO RECIFE;;;MADALENA;481;CIDADE;COLISÃO TRASEIRA;3;0;0;0;0;0;0;0;0;0;0;Longo da via;Bom;Sem defeito;Perfeito estado;Seca;Perfeito estado;Outros;Não há placas;;Dupla;Canteiro central;;
202211999;26/05/2022;;COM VÍTIMA;FINALIZADA;GRAÇAS;AV GOVERNADOR AGAMENON MAGALHAES;;;GRAÇAS;;CIDADE;COLISÃO LATERAL;1;2;0;0;0;0;0;0;0;2;0;Longo da via;Chuvoso;Sem defeito;Perfeito estado;Molhada;Perfeito estado;Faixa de pedestre;Não há placas;;Dupla;Canteiro central;Canal;
202212018;26/05/2022;;COM VÍTIMA;FINALIZADA;ALTO SANTA TERESINHA;RUA PROFESSOR JOSE AMARINO DOS REIS;2322;;ALTO SANTA TERESINHA;;;COLISÃO FRONTAL;1;1;0;0;0;0;0;0;0;1;0;Longo da via;Chuvoso;Não existe;Perfeito estado;Molhada;Perfeito estado;Não existe;Não há placas;;Dupla;Faixa seccionada;;
202212019;26/05/2022;;COM VÍTIMA;FINALIZADA;CASA AMARELA;AV DR EURICO CHAVES;171;;CASA AMARELA;;SUBURBIO;COLISÃO FRONTAL;0;2;0;0;0;0;0;0;0;1;0;Longo da via;Chuvoso;Não existe;Perfeito estado;Molhada;Perfeito estado;Não existe;Não há placas;;Dupla;Faixa seccionada;;
202212050;27/05/2022;;COM VÍTIMA;FINALIZADA;DERBY;AV GOVERNADOR AGAMENON MAGALHAES;;;DERBY;174;SUBURBIO;COLISÃO TRASEIRA;1;1;0;0;0;0;0;0;0;1;0;Longo da via;Chuvoso;Sem defeito;Perfeito estado;Molhada;Perfeito estado;Faixa de pedestre;R-6a;60 km/h;Dupla;Canteiro central;;
202212064;27/05/2022;;COM VÍTIMA;FINALIZADA;DERBY;PRC DO DERBY;;RUA JENER DE SOUZA;DERBY;40;CIDADE;COLISÃO TRASEIRA;1;1;0;0;0;0;0;0;0;1;0;Cruzamento;Chuvoso;Sem defeito;Perfeito estado;Molhada;Perfeito estado;Faixa de pedestre;Não há placas;;Única;Faixa contínua;Faixa seccionada;
202212073;27/05/2022;;COM VÍTIMA;FINALIZADA;IMBIRIBEIRA;AV MARECHAL MASCARENHAS DE MORAES;3547;;IMBIRIBEIRA;289;CIDADE;COLISÃO LATERAL;2;1;0;0;0;0;0;0;0;1;0;Longo da via;Chuvoso;Sem defeito;Perfeito estado;Molhada;Perfeito estado;Outros;Outras;;Dupla;Canteiro central;;