Protocolo;data;hora;natureza;situacao;bairro;endereco;numero;detalhe_endereco_acidente;bairro_cruzamento;num_semaforo;sentido_via;tipo;auto;moto;ciclom;ciclista;pedestre;onibus;caminhao;viatura;outros;vitimas;vitimasfatais;acidente_verificado;tempo_clima;situacao_semaforo;sinalizacao;condicao_via;conservacao_via;ponto_controle;situacao_placa;velocidade_max_via;mao_direcao;divisao_via1;divisao_via2;divisao_via3
202212074;27/05/2022;;COM VÍTIMA;FINALIZADA;CABANGA;RUA GUTIUBA;175;;CABANGA;;SUBURBIO;COLISÃO FRONTAL;1;1;0;0;0;0;0;0;0;1;0;Cruzamento;Chuvoso;Não existe;Perfeito estado;Seca;Perfeito estado;Não existe;Não há placas;40 km/h;Dupla;Não existe;;
202212081;27/05/2022;;SEM VÍTIMA;FINALIZADA;CORDEIRO;AV GENERAL SAN MARTIN;;RUA GOMES TABORDA;CORDEIRO;;;COLISÃO LATERAL;2;0;0;0;0;0;0;0;0;0;0;;;;;;;;;;;;;
202212083;27/05/2022;;SEM VÍTIMA;CANCELADA;VÁRZEA;AV AFONSO OLINDENSE;709;;VÁRZEA;;;COLISÃO LATERAL;1;0;0;0;0;0;0;1;0;0;0;;;;;;;;;;;;;
202212084;27/05/2022;;COM VÍTIMA;FINALIZADA;BOA VIAGEM;AV ENGENHEIRO DOMINGOS FERREIRA;;;BOA VIAGEM;;SUBURBIO;ATROPELAMENTO DE PESSOA;0;1;0;0;1;0;0;0;0;1;0;Longo da via;Chuvoso;;Perfeito estado;Molhada;Mal conservada;Não existe;Outras;;Única;Faixa contínua;Faixa seccionada;
202212211;30/05/2022;;COM VÍTIMA;FINALIZADA;PORTO DA MADEIRA;AV BEBERIBE;3390;;PORTO DA MADEIRA;388;SUBURBIO;COLISÃO TRANSVERSAL;1;1;0;0;0;0;0;0;0;1;0;Longo da via;Chuvoso;Sem defeito;Perfeito estado;Molhada;Perfeito estado;Faixa de pedestre;R-6a;;Dupla;Faixa contínua;Faixa seccionada;
202212233;30/05/2022;;COM VÍTIMA;FINALIZADA;DERBY;AV GOVERNADOR AGAMENON MAGALHAES;53;RUA HENRIQUE DIAS;DERBY;68;;ATROPELAMENTO DE PESSOA;0;0;0;0;1;1;0;0;0;1;0;Longo da via;Chuvoso;Sem defeito;Perfeito estado;Molhada;Perfeito estado;Agente;;60 km/h;Dupla;Canal;;
202212259;30/05/2022;;COM VÍTIMA;FINALIZADA;AREIAS;RUA JOSE NATARIO;175;;AREIAS;;;COLISÃO LATERAL;0;1;0;0;0;0;1;0;0;1;0;Longo da via;Chuvoso;Não existe;Ilegível;Seca;Perfeito estado;Não existe;R-6a;40 km/h;Dupla;Faixa seccionada;;
202212287;30/05/2022;;SEM VÍTIMA;CANCELADA;;AV SUL;;;;;;COLISÃO TRASEIRA;3;0;0;0;0;0;0;0;0;0;0;;;;;;;;;;;;;
202212325;31/05/2022;;COM VÍTIMA;FINALIZADA;CASA AMARELA;AV NORTE MIGUEL ARRAES DE ALENCAR;5786;;CASA AMARELA;;CIDADE;COLISÃO TRASEIRA;1;1;0;0;0;0;1;0;0;1;0;Longo da via;Chuvoso;Sem defeito;Perfeito estado;Molhada;Perfeito estado;Não existe;Não há placas;;Dupla;Faixa seccionada;;
202212372;31/05/2022;;COM VÍTIMA;FINALIZADA;DOIS IRMÃOS;RUA DOIS IRMAOS;;AV DA RECUPERACAO;DOIS IRMÃOS;416;SUBURBIO;CHOQUE;0;0;0;0;0;1;0;0;0;1;0;Longo da via;Bom;Sem defeito;Perfeito estado;Molhada;Perfeito estado;Faixa de pedestre;R-6a;;Dupla;Faixa contínua;;
202212377;01/06/2022;;COM VÍTIMA;CANCELADA;ÁGUA FRIA;EST VELHA DE AGUA FRIA;;;ÁGUA FRIA;;;QUEDA;0;1;0;0;0;0;0;0;0;1;0;;;;;;;;;;;;;
202212378;01/06/2022;;SEM VÍTIMA;FINALIZADA;TORRE;RUA CONDE DE IRAJA;108;;TORRE;630;SUBURBIO;;2;0;0;0;0;0;0;0;0;0;0;Longo da via;Chuvoso;Sem defeito;Perfeito estado;Molhada;Perfeito estado;Não existe;R-3;;Única;Faixa seccionada;;
202212434;01/06/2022;;COM VÍTIMA;CANCELADA;IMBIRIBEIRA;VIADUTO TANCREDO NEVES;;;IMBIRIBEIRA;;SUBURBIO;COLISÃO LATERAL;1;1;0;0;0;0;0;0;0;1;0;;;;;;;;;;;;;
202212444;01/06/2022;;COM VÍTIMA;FINALIZADA;CASA AMARELA;AV NORTE MIGUEL ARRAES DE ALENCAR;0;AV NORTE MIGUEL ARRAES DE ALENCAR;CASA AMARELA;;SUBURBIO;ATROPELAMENTO DE PESSOA;0;1;0;0;1;0;0;0;0;1;0;Longo da via;Bom;Não existe;Perfeito estado;Seca;Perfeito estado;Não existe;Não há placas;;Dupla;Canteiro central;;
202212447;01/06/2022;;COM VÍTIMA;FINALIZADA;IMBIRIBEIRA;AV PINHEIROS;;;IMBIRIBEIRA;;;COLISÃO LATERAL;2;0;0;0;0;0;0;0;0;2;0;;;;;;;;;;;;;
202212452;01/06/2022;;COM VÍTIMA;CANCELADA;ENCRUZILHADA;AV BEBERIBE;;;ENCRUZILHADA;;;ATROPELAMENTO DE PESSOA;0;0;0;0;0;1;0;0;0;1;0;;;;;;;;;;;;;
202212456;02/06/2022;;COM VÍTIMA;FINALIZADA;SÃO JOSÉ;AV DANTAS BARRETO;1186;RUA SAO JOAO;SÃO JOSÉ;54;SUBURBIO;COLISÃO TRANSVERSAL;1;0;0;0;0;1;0;0;0;2;0;Cruzamento;Chuvoso;Sem defeito;Perfeito estado;Molhada;Perfeito estado;Faixa de pedestre;Não há placas;;Dupla;Faixa contínua;;
202212461;02/06/2022;;COM VÍTIMA;FINALIZADA;ILHA DO RETIRO;AV ENGENHEIRO ABDIAS DE CARVALHO;;AV JOSE GONCALVES DE MEDEIROS;ILHA DO RETIRO;355;SUBURBIO;COLISÃO COM CICLISTA;0;1;0;1;0;0;0;0;0;2;0;Cruzamento;Bom;Sem defeito;Perfeito estado;Molhada;Perfeito estado;Faixa de pedestre;Não há placas;60 km/h;Dupla;Canteiro central;;
202212472;02/06/2022;;COM VÍTIMA;FINALIZADA;ENCRUZILHADA;AV NORTE MIGUEL ARRAES DE ALENCAR;2459;;ENCRUZILHADA;43;CIDADE;ATROPELAMENTO DE PESSOA;0;1;0;0;1;0;0;0;0;2;0;Longo da via;Bom;Sem defeito;Perfeito estado;Seca;Perfeito estado;;R-6a;;Dupla;Blocos;;
202212473;02/06/2022;;COM VÍTIMA;FINALIZADA;PINA;AV ENGENHEIRO DOMINGOS FERREIRA;50;AV HERCULANO BANDEIRA;PINA;;SUBURBIO;COLISÃO LATERAL;3;1;0;0;0;0;0;0;0;1;0;Longo da via;Bom;Não existe;Não existente;Seca;Perfeito estado;Não existe;Não há placas;60 km/h;Única;Não existe;;
202212486;02/06/2022;;COM VÍTIMA;DUPLICIDADE;ENCRUZILHADA;AV NORTE MIGUEL ARRAES DE ALENCAR;;;ENCRUZILHADA;;;ATROPELAMENTO DE PESSOA;0;1;0;0;1;0;0;0;0;2;0;;;;;;;;;;;;;
202212495;02/06/2022;;COM VÍTIMA;FINALIZADA;ENCRUZILHADA;EST DE BELEM;164;RUA DONA JULIETA;ENCRUZILHADA;;CIDADE;QUEDA;0;1;0;0;0;0;0;0;0;2;0;Longo da via;Bom;Não existe;Perfeito estado;Seca;Perfeito estado;Não existe;R-6a;;Dupla;Faixa contínua;Faixa seccionada;
202212514;02/06/2022;;COM VÍTIMA;FINALIZADA;AREIAS;AV DR JOSE RUFINO;2465;;AREIAS;;;ATROPELAMENTO DE PESSOA;0;1;0;0;1;0;0;0;0;1;0;;;;;;;;;;;;;
202212548;03/06/2022;;SEM VÍTIMA;FINALIZADA;AREIAS;AV RECIFE;272;;AREIAS;;;CHOQUE;1;0;0;0;0;0;0;0;0;0;0;Longo da via;Chuvoso;Não existe;Não existente;Molhada;Mal conservada;Não existe;Não há placas;50 km/h;Dupla;Canteiro central;;
202212582;03/06/2022;;COM VÍTIMA;FINALIZADA;PRADO;AV ENGENHEIRO ABDIAS DE CARVALHO;;RUA CARLOS GOMES;PRADO;57;SUBURBIO;COLISÃO TRASEIRA;1;1;0;0;0;0;0;0;0;1;0;Cruzamento;Chuvoso;Sem defeito;Perfeito estado;Molhada;Perfeito estado;;;60 km/h;Única;Faixa seccionada;;
202212594;03/06/2022;;COM VÍTIMA;FINALIZADA;CAMPO GRANDE;AV GOVERNADOR AGAMENON MAGALHAES;;RUA ODORICO MENDES;CAMPO GRANDE;49;CIDADE;COLISÃO TRANSVERSAL;2;0;0;0;0;0;0;0;0;1;0;Cruzamento;Bom;Sem defeito;Perfeito estado;Seca;Perfeito estado;Faixa de pedestre;Não há placas;60 km/h;Dupla;Faixa contínua;;
202212621;03/06/2022;;SEM VÍTIMA;FINALIZADA;IMBIRIBEIRA;RUA ARQUITETO LUIZ NUNES;539;;IMBIRIBEIRA;;SUBURBIO;COLISÃO TRASEIRA;1;1;0;0;0;0;0;0;0;0;0;;;;;;;;;;;;;
202212622;03/06/2022;;COM VÍTIMA;FINALIZADA;CASA FORTE;AV DEZESSETE DE AGOSTO;99;;CASA FORTE;;;COLISÃO LATERAL;1;1;0;0;0;0;0;0;0;1;0;Longo da via;Bom;Não existe;Perfeito estado;Seca;Perfeito estado;Outros;Outras;;Dupla;Faixa contínua;;
202212630;03/06/2022;;COM VÍTIMA;FINALIZADA;TEJIPIÓ;RUA SARGENTO JUVENCIO;130;RUA DO SANCHO;TEJIPIÓ;;;COLISÃO LATERAL;1;1;0;0;0;0;0;0;0;1;0;;;;;;;;;;;;;
202212639;03/06/2022;;COM VÍTIMA;FINALIZADA;CAXANGÁ;AV CAXANGA;;;CAXANGÁ;;SUBURBIO;ENGAVETAMENTO;2;0;0;0;0;1;0;0;0;2;0;;;;;;;;;;;;;
202212642;04/06/2022;;SEM VÍTIMA;FINALIZADA;ENCRUZILHADA;AV BEBERIBE;;;ENCRUZILHADA;;;COLISÃO TRANSVERSAL;1;1;0;0;0;0;0;0;0;0;0;;;;;;;;;;;;;
202212643;04/06/2022;;COM VÍTIMA;FINALIZADA;CAMPO GRANDE;RUA JERONIMO VILELA;803;AV PROFESSOR JOSE DOS ANJOS;CAMPO GRANDE;642;;COLISÃO LATERAL;2;0;0;0;0;0;0;0;0;1;0;Cruzamento;Chuvoso;Sem defeito;Perfeito estado;Molhada;Perfeito estado;Faixa de pedestre;;40 km/h;Dupla;Canteiro central;;
202212655;04/06/2022;;COM VÍTIMA;CANCELADA;ESPINHEIRO;RUA DR FERNANDO ALLAIN;;;ESPINHEIRO;;;COLISÃO LATERAL;1;1;0;0;0;0;0;0;0;1;0;;;;;;;;;;;;;
202212670;04/06/2022;;COM VÍTIMA;FINALIZADA;PINA;AV HERCULANO BANDEIRA;627;;PINA;;SUBURBIO;COLISÃO TRASEIRA;1;1;0;0;0;0;0;0;0;1;0;Longo da via;Chuvoso;Não existe;Perfeito estado;Molhada;Mal conservada;Não existe;R-6a;;Única;Faixa contínua;Faixa seccionada;
202212679;04/06/2022;;COM VÍTIMA;FINALIZADA;AFOGADOS;RUA SAO MIGUEL;685;RUA CARVALHO DE MENDONCA;AFOGADOS;391;CIDADE;COLISÃO LATERAL;1;1;0;0;0;0;0;0;0;1;0;Esquina;Chuvoso;Sem defeito;Perfeito estado;Molhada;Perfeito estado;Faixa de pedestre;Outras;;Dupla;Faixa contínua;;
202212685;04/06/2022;;SEM VÍTIMA;DATA / HORA (PREENCHER);CASA AMARELA;AV NORTE MIGUEL ARRAES DE ALENCAR;991;RUA MANDACARU;CASA AMARELA;;CIDADE;;2;0;0;0;0;0;0;0;0;0;0;Longo da via;Bom;Não existe;Não existente;Seca;Perfeito estado;Não existe;Não há placas;;Única;Não existe;;
202212686;04/06/2022;;COM VÍTIMA;FINALIZADA;CASA AMARELA;AV NORTE MIGUEL ARRAES DE ALENCAR;;COR DO BARTOLOMEU;CASA AMARELA;79;CIDADE;COLISÃO TRANSVERSAL;0;2;0;0;0;0;0;0;0;2;0;Longo da via;Chuvoso;Sem defeito;Perfeito estado;Molhada;Perfeito estado;Faixa de pedestre;R-6a;;Dupla;Blocos;;
202212711;05/06/2022;;COM VÍTIMA;FINALIZADA;MANGABEIRA;RUA JACOB;306;RUA DO CINEMA;MANGABEIRA;;SUBURBIO;COLISÃO TRASEIRA;1;0;0;0;0;0;0;1;0;1;0;Longo da via;Chuvoso;Não existe;Incompleta;Molhada;Perfeito estado;Não existe;Outras;;Dupla;Não existe;;
202212729;05/06/2022;;SEM VÍTIMA;FINALIZADA;ÁGUA FRIA;RUA SAO BENTO;325;EST VELHA DE AGUA FRIA;ÁGUA FRIA;;SUBURBIO;COLISÃO TRASEIRA;2;0;0;0;0;0;0;0;0;0;0;;Bom;Não existe;Incompleta;Seca;Perfeito estado;;R-6a;;Única;Outros;;
202212739;05/06/2022;;COM VÍTIMA;FINALIZADA;BOA VIAGEM;RUA DEZ DE JULHO;115;RUA CAMBOIM;BOA VIAGEM;;CIDADE;COLISÃO TRANSVERSAL;1;1;0;0;0;0;0;0;0;1;0;Cruzamento;Bom;Não existe;Perfeito estado;Seca;Perfeito estado;Faixa de pedestre;"Placas ""Pare""";;Única;Faixa seccionada;;
202212767;05/06/2022;;COM VÍTIMA;FINALIZADA;ARRUDA;AV BEBERIBE;975;;ARRUDA;;SUBURBIO;COLISÃO LATERAL;1;1;0;0;0;0;0;0;0;1;0;Longo da via;Bom;Não existe;Perfeito estado;Seca;Perfeito estado;Não existe;Não há placas;;Dupla;Faixa seccionada;;
202212790;06/06/2022;;COM VÍTIMA;FINALIZADA;TEJIPIÓ;RUA GENERAL MANUEL RABELO;498;;TEJIPIÓ;;SUBURBIO;COLISÃO COM CICLISTA;1;1;0;1;0;0;0;0;0;3;0;Longo da via;Chuvoso;Não existe;Perfeito estado;Molhada;Perfeito estado;Não existe;Não há placas;;Dupla;Faixa contínua;;
202212859;06/06/2022;;COM VÍTIMA;CANCELADA;CAXANGÁ;AV CAXANGA;;;CAXANGÁ;;SUBURBIO;COLISÃO LATERAL;0;0;0;0;0;0;0;0;0;1;0;;;;;;;;;;;;;
202212876;06/06/2022;;COM VÍTIMA;FINALIZADA;IPSEP;RUA JEAN EMILE FAVRE;1001;;IPSEP;;CIDADE;COLISÃO TRANSVERSAL;1;1;0;0;0;0;0;0;0;1;0;Longo da via;Chuvoso;Não existe;;Molhada;Perfeito estado;Não existe;R-6a;;Dupla;Faixa contínua;;
202212881;06/06/2022;;SEM VÍTIMA;FINALIZADA;MADALENA;AV BEIRA RIO;879;RUA JANUARIO BARBOSA;MADALENA;;SUBURBIO;;2;0;0;0;0;0;0;0;0;0;0;Longo da via;Chuvoso;Não existe;Perfeito estado;Molhada;Perfeito estado;Faixa de pedestre;Não há placas;;Dupla;Não existe;;
202212884;06/06/2022;;SEM VÍTIMA;FINALIZADA;CIDADE UNIVERSITÁRIA;RUA EMILIANO BRAGA;;;CIDADE UNIVERSITÁRIA;;;COLISÃO LATERAL;1;0;0;0;0;0;1;0;0;0;0;;;;;;;;;;;;;
202212913;07/06/2022;;COM VÍTIMA;FINALIZADA;CASA AMARELA;AV NORTE MIGUEL ARRAES DE ALENCAR;6465;AV NORTE MIGUEL ARRAES DE ALENCAR;CASA AMARELA;256;SUBURBIO;COLISÃO TRASEIRA;1;1;0;0;0;0;0;0;0;1;0;Esquina;Chuvoso;Sem defeito;Perfeito estado;Molhada;Perfeito estado;Faixa de pedestre;R-6a;60 km/h;Dupla;Faixa contínua;Canteiro central;
202212920;07/06/2022;;COM VÍTIMA;FINALIZADA;BOA VISTA;AV GOVERNADOR AGAMENON MAGALHAES;;RUA DOM BOSCO;BOA VISTA;174;SUBURBIO;COLISÃO TRANSVERSAL;1;1;0;0;0;0;0;0;0;1;0;Cruzamento;Chuvoso;Sem defeito;Incompleta;Molhada;Mal conservada;Agente;;60 km/h;Dupla;Canal;;
202212922;07/06/2022;;COM VÍTIMA;FINALIZADA;MADALENA;RUA JANUARIO BARBOSA;;AV VISCONDE DE ALBUQUERQUE;MADALENA;;SUBURBIO;COLISÃO LATERAL;1;1;0;0;0;0;0;0;0;1;0;Cruzamento;Chuvoso;Não existe;Perfeito estado;Molhada;Perfeito estado;Não existe;R-6a;;Única;Faixa seccionada;;
202212927;07/06/2022;;SEM VÍTIMA;FINALIZADA;DERBY;AV BEIRA RIO;;;DERBY;;CIDADE;COLISÃO TRANSVERSAL;0;0;0;0;0;0;0;0;0;0;0;;;;;;;;;;;;;
202212951;07/06/2022;;COM VÍTIMA;FINALIZADA;ESTÂNCIA;AV DR JOSE RUFINO;846;;ESTÂNCIA;;SUBURBIO;COLISÃO LATERAL;1;1;0;0;0;0;0;0;0;1;0;;;;;;;;;;;;;
202212958;07/06/2022;;COM VÍTIMA;FINALIZADA;CASA FORTE;AV DEZESSETE DE AGOSTO;50;;CASA FORTE;;CIDADE;COLISÃO TRANSVERSAL;1;1;0;0;0;0;0;0;0;1;0;Longo da via;Bom;Não existe;Perfeito estado;Seca;Perfeito estado;Outros;Outras;;Dupla;Faixa contínua;;
202212966;07/06/2022;;COM VÍTIMA;FINALIZADA;AREIAS;AV RECIFE;1040;;AREIAS;;;COLISÃO LATERAL;0;1;0;0;0;0;0;1;0;1;0;Longo da via;Bom;Não existe;Perfeito estado;Seca;;Não existe;Não há placas;60 km/h;Dupla;Canteiro central;;
202213000;07/06/2022;;SEM VÍTIMA;FINALIZADA;VÁRZEA;AV AFONSO OLINDENSE;320;;VÁRZEA;;CIDADE;CHOQUE;2;0;0;0;0;0;0;0;0;0;0;Longo da via;Bom;Sem defeito;Perfeito estado;Seca;Perfeito estado;Faixa de pedestre;R-6a;40 km/h;Única;Faixa seccionada;;
202213002;07/06/2022;;COM VÍTIMA;FINALIZADA;BOA VISTA;RUA GERVASIO PIRES;125;AV MANOEL BORBA;BOA VISTA;169;SUBURBIO;COLISÃO TRASEIRA;2;0;0;0;0;0;0;0;0;1;0;Cruzamento;Bom;Com defeito;Perfeito estado;Seca;Perfeito estado;Faixa de pedestre;;;Única;Faixa contínua;;
202213007;08/06/2022;;COM VÍTIMA;FINALIZADA;FUNDÃO;AV BEBERIBE;2960;;FUNDÃO;;SUBURBIO;COLISÃO FRONTAL;1;1;0;0;0;0;0;0;0;1;0;Longo da via;Chuvoso;Não existe;Não existente;Molhada;Perfeito estado;Não existe;Não há placas;;Dupla;Canteiro central;;
202213030;08/06/2022;;COM VÍTIMA;FINALIZADA;ILHA DO RETIRO;RUA ASTORGA;70B;EST DOS REMEDIOS;ILHA DO RETIRO;;CIDADE;COLISÃO LATERAL;1;1;0;0;0;0;0;0;0;1;0;Longo da via;Bom;Não existe;Perfeito estado;Seca;Perfeito estado;Não existe;Não há placas;30 km/h;Dupla;Não existe;;
202213034;08/06/2022;;COM VÍTIMA;FINALIZADA;ILHA DO RETIRO;RUA SPORT CLUBE DO RECIFE;;RUA PAISSANDU;ILHA DO RETIRO;367;CIDADE;COLISÃO LATERAL;0;0;0;0;0;0;0;0;0;1;0;;;;;;;;;;;;;
202213065;08/06/2022;;SEM VÍTIMA;FINALIZADA;SÃO JOSÉ;RUA BARAO DA VITORIA;487;;SÃO JOSÉ;;;COLISÃO TRASEIRA;1;0;0;0;0;0;0;1;0;0;0;Longo da via;Bom;Sem defeito;Perfeito estado;Seca;Perfeito estado;Não existe;Não há placas;;Única;Não existe;;
202213070;08/06/2022;;SEM VÍTIMA;FINALIZADA;;AV CAXANGA;;RUA GENERAL POLIDORO;;231;CIDADE;COLISÃO TRANSVERSAL;2;0;0;0;0;0;0;0;0;0;0;Cruzamento;Bom;Sem defeito;Perfeito estado;Seca;Perfeito estado;Faixa de pedestre;Outras;60 km/h;Dupla;Canteiro central;;
202213073;08/06/2022;;SEM VÍTIMA;FINALIZADA;SANTO AMARO;AV CRUZ CABUGA;165;RUA CAPITAO LIMA;SANTO AMARO;;SUBURBIO;;0;0;0;0;0;1;0;1;0;0;0;Cruzamento;Bom;Não existe;Perfeito estado;Seca;Perfeito estado;Faixa de retenção;"Placas ""Pare""";;Dupla;Faixa contínua;;
202213075;08/06/2022;;COM VÍTIMA;CANCELADA;PINA;AV HERCULANO BANDEIRA;825;;PINA;;;COLISÃO FRONTAL;1;1;0;0;0;0;0;0;0;1;0;;;;;;;;;;;;;
202213081;08/06/2022;;COM VÍTIMA;FINALIZADA;IPUTINGA;AV CAXANGA;3860;;IPUTINGA;;SUBURBIO;ATROPELAMENTO DE PESSOA;1;1;0;0;1;0;0;0;0;1;0;Longo da via;Bom;Não existe;Perfeito estado;Seca;Perfeito estado;Não existe;Não há placas;60 km/h;Única;Faixa seccionada;;
202213116;08/06/2022;;COM VÍTIMA;FINALIZADA;BOA VIAGEM;AV BOA VIAGEM;914;;BOA VIAGEM;;CIDADE;COLISÃO TRASEIRA;1;1;0;0;0;0;0;0;0;1;0;Longo da via;Bom;Sem defeito;Perfeito estado;Seca;Perfeito estado;Faixa de pedestre;Não há placas;60 km/h;Única;;;
202213119;08/06/2022;;COM VÍTIMA;FINALIZADA;SÃO JOSÉ;AV DANTAS BARRETO;1090;;SÃO JOSÉ;;SUBURBIO;ATROPELAMENTO DE PESSOA;0;0;0;0;1;1;0;0;0;1;0;Longo da via;Bom;Não existe;Perfeito estado;Seca;Perfeito estado;Não existe;Outras;;Dupla;Faixa contínua;;
202213123;08/06/2022;;COM VÍTIMA;FINALIZADA;GRAÇAS;RUA ALBERTO PAIVA;;AV RUI BARBOSA;GRAÇAS;;SUBURBIO;COLISÃO TRASEIRA;1;1;0;0;0;0;0;0;0;1;0;Longo da via;Bom;Não existe;Perfeito estado;Seca;Perfeito estado;Não existe;R-6a;;Única;Faixa seccionada;;
202213138;09/06/2022;;COM VÍTIMA;FINALIZADA;SÍTIO DOS PINTOS;EST DOS PINTOS;23;;SÍTIO DOS PINTOS;;DOIS IRMÃOS;COLISÃO FRONTAL;0;1;0;0;0;1;0;0;0;1;0;Longo da via;Nublado;Não existe;Incompleta;Seca;Perfeito estado;Não existe;Outras;;Dupla;Não existe;;
202213139;09/06/2022;;COM VÍTIMA;FINALIZADA;TEJIPIÓ;AV DR JOSE RUFINO;;;TEJIPIÓ;434;SUBURBIO;COLISÃO TRANSVERSAL;1;1;0;0;0;0;0;0;0;1;0;Longo da via;Bom;Sem defeito;Incompleta;Seca;Perfeito estado;Faixa de pedestre;;;;Faixa contínua;;
202213211;09/06/2022;;COM VÍTIMA;CANCELADA;CORDEIRO;AV CAXANGA;;;CORDEIRO;;SUBURBIO;ATROPELAMENTO DE PESSOA;0;1;0;0;1;0;0;0;0;1;0;;;;;;;;;;;;;
202213212;09/06/2022;;COM VÍTIMA;CANCELADA;PINA;AV ENGENHEIRO DOMINGOS FERREIRA;1274;;PINA;;SUBURBIO;COLISÃO FRONTAL;1;0;0;1;0;1;0;0;0;1;0;;;;;;;;;;;;;
202213216;09/06/2022;;COM VÍTIMA;FINALIZADA;CAXANGÁ;RUA RIBEIRO PESSOA;324;;CAXANGÁ;;SUBURBIO;COLISÃO TRANSVERSAL;1;1;0;0;0;0;0;0;0;1;0;Longo da via;Bom;Não existe;Perfeito estado;Seca;Perfeito estado;;;60 km/h;Dupla;Faixa seccionada;;
202213231;09/06/2022;;COM VÍTIMA;FINALIZADA;ESTÂNCIA;AV DR JOSE RUFINO;892;;ESTÂNCIA;;SUBURBIO;ATROPELAMENTO DE PESSOA;1;0;0;0;1;0;0;0;0;1;0;Longo da via;Bom;Sem defeito;Perfeito estado;Seca;Perfeito estado;Faixa de pedestre;Outras;50 km/h;Dupla;Faixa contínua;;
202213234;10/06/2022;;COM VÍTIMA;FINALIZADA;BOA VIAGEM;AV BOA VIAGEM;5212;;BOA VIAGEM;;CIDADE;COLISÃO LATERAL;5;0;0;0;0;0;0;0;0;1;0;Longo da via;Bom;Não existe;Perfeito estado;Seca;Perfeito estado;Não existe;Não há placas;;Única;Faixa seccionada;;
202213242;10/06/2022;;SEM VÍTIMA;FINALIZADA;BOA VIAGEM;RUA FRANCISCO DA CUNHA;;RUA PROFESSOR JOSE BRANDAO;BOA VIAGEM;;;COLISÃO LATERAL;2;0;0;0;1;0;0;0;0;0;0;;;;;;;;;;;;;
202213262;10/06/2022;;COM VÍTIMA;FINALIZADA;SANTO AMARO;AV GOVERNADOR AGAMENON MAGALHAES;118A;;SANTO AMARO;;SUBURBIO;COLISÃO LATERAL;1;1;0;0;0;0;0;0;0;1;0;Viaduto;Bom;Não existe;Não existente;Seca;Perfeito estado;Não existe;Outras;;Dupla;Canteiro central;;
202213269;10/06/2022;;COM VÍTIMA;FINALIZADA;CAMPO GRANDE;AV GOVERNADOR AGAMENON MAGALHAES;;RUA ODORICO MENDES;CAMPO GRANDE;49;CIDADE;COLISÃO TRANSVERSAL;2;0;0;1;0;0;0;0;0;2;0;Cruzamento;Bom;Com defeito;Perfeito estado;Seca;Perfeito estado;Outros;Outras;;Dupla;Faixa contínua;;
202213290;10/06/2022;;COM VÍTIMA;FINALIZADA;SANTO AMARO;RUA DOS PALMARES;;RUA ARNOBIO MARQUES;SANTO AMARO;;SUBURBIO;COLISÃO TRANSVERSAL;1;1;0;0;0;0;0;0;0;1;0;Cruzamento;Bom;Não existe;Perfeito estado;Seca;Perfeito estado;Não existe;Não há placas;60 km/h;Única;Faixa seccionada;;
202213298;10/06/2022;;COM VÍTIMA;FINALIZADA;SANTO AMARO;RUA DA AURORA;703;;SANTO AMARO;429;SUBURBIO;COLISÃO TRASEIRA;2;0;0;0;0;2;0;0;0;3;0;Longo da via;Bom;Sem defeito;Perfeito estado;Seca;Perfeito estado;Não existe;R-6a;;Única;Canteiro central;;
202213314;10/06/2022;;COM VÍTIMA;FINALIZADA;BOA VIAGEM;RUA DOS NAVEGANTES;4558;RUA CORONEL BENEDITO CHAVES;BOA VIAGEM;;SUBURBIO;COLISÃO TRANSVERSAL;1;1;0;0;0;0;0;0;0;2;0;Cruzamento;Bom;Sem defeito;Perfeito estado;Seca;Perfeito estado;;"Placas ""Pare""";;Única;Não existe;;
202213316;10/06/2022;;COM VÍTIMA;FINALIZADA;CASA AMARELA;AV NORTE MIGUEL ARRAES DE ALENCAR;;;CASA AMARELA;364;SUBURBIO;COLISÃO TRANSVERSAL;1;1;0;0;0;0;0;0;0;1;0;Longo da via;Bom;Sem defeito;Perfeito estado;Seca;Perfeito estado;Faixa de pedestre;"Placas ""Pare""";;Dupla;Canteiro central;;
202213317;10/06/2022;;COM VÍTIMA;FINALIZADA;JORDÃO;AV MARIA IRENE;26;RUA ANTONIO ROCHA;JORDÃO;;SUBURBIO;COLISÃO FRONTAL;1;1;0;0;0;0;0;0;0;1;0;Esquina;Bom;Não existe;Não existente;Molhada;Mal conservada;;Não há placas;30 km/h;Dupla;Faixa contínua;;
202213325;11/06/2022;;COM VÍTIMA;FINALIZADA;IMBIRIBEIRA;AV MARECHAL MASCARENHAS DE MORAES;;;IMBIRIBEIRA;;CIDADE;ATROPELAMENTO DE PESSOA;0;0;0;0;1;1;0;0;0;1;0;Longo da via;Chuvoso;Não existe;;Molhada;;Não existe;Não há placas;;Única;Faixa seccionada;;
202213372;11/06/2022;;SEM VÍTIMA;FINALIZADA;ALTO SANTA TERESINHA;RUA TAMBOARA;548;;ALTO SANTA TERESINHA;;;COLISÃO TRASEIRA;1;1;0;0;0;0;0;0;0;0;0;Longo da via;Chuvoso;Não existe;Não existente;Molhada;Perfeito estado;Não existe;Não há placas;;Dupla;;;