Protocolo;data;hora;natureza;situacao;bairro;endereco;numero;detalhe_endereco_acidente;bairro_cruzamento;num_semaforo;sentido_via;tipo;auto;moto;ciclom;ciclista;pedestre;onibus;caminhao;viatura;outros;vitimas;vitimasfatais;acidente_verificado;tempo_clima;situacao_semaforo;sinalizacao;condicao_via;conservacao_via;ponto_controle;situacao_placa;velocidade_max_via;mao_direcao;divisao_via1;divisao_via2;divisao_via3
202213373;11/06/2022;;COM VÍTIMA;FINALIZADA;HIPÓDROMO;RUA MADRE ROSA GATTORNO;110;;HIPÓDROMO;;;COLISÃO LATERAL;1;1;0;0;0;0;0;0;0;1;0;;;;;;;;;;;;;
202213374;11/06/2022;;COM VÍTIMA;FINALIZADA;MUSTARDINHA;AV MANOEL GONCALVES DA LUZ;272;;MUSTARDINHA;;SUBURBIO;COLISÃO LATERAL;1;1;0;0;0;0;0;0;0;1;0;Longo da via;Chuvoso;Não existe;Incompleta;Molhada;Mal conservada;Não existe;R-6a;;Dupla;Faixa seccionada;;
202213388;11/06/2022;;COM VÍTIMA;FINALIZADA;JAQUEIRA;RUA PADRE ROMA;;RUA DO FUTURO;JAQUEIRA;223;SUBURBIO;COLISÃO COM CICLISTA;0;0;0;1;0;1;0;0;0;1;0;Longo da via;Chuvoso;Sem defeito;Perfeito estado;Molhada;Perfeito estado;Faixa de retenção;R-4b;;Dupla;Canteiro central;;
202213393;11/06/2022;;COM VÍTIMA;FINALIZADA;AFOGADOS;EST DOS REMEDIOS;;;AFOGADOS;;;COLISÃO TRASEIRA;2;0;0;0;0;0;0;0;0;1;0;;;;;;;;;;;;;
202213404;12/06/2022;;COM VÍTIMA;FINALIZADA;SANTO AMARO;AV DR JAYME DA FONTE;;RUA MARIO ALBUQUERQUE CAVALCANTI;SANTO AMARO;;SUBURBIO;ATROPELAMENTO DE PESSOA;1;0;0;0;1;0;0;0;0;1;0;Longo da via;Bom;Não existe;Perfeito estado;Seca;Perfeito estado;Não existe;Não há placas;;Dupla;Faixa seccionada;Canteiro central;
202213423;12/06/2022;;COM VÍTIMA;FINALIZADA;PINA;RUA ARTUR MUNIZ;602;;PINA;;CIDADE;CHOQUE;1;1;0;0;0;0;0;0;0;1;0;Longo da via;Bom;Não existe;Não existente;Seca;Perfeito estado;Não existe;Não há placas;30 km/h;Dupla;Não existe;;
202213424;12/06/2022;;COM VÍTIMA;FINALIZADA;MADALENA;RUA REAL DA TORRE;538;RUA DR ARTUR GONCALVES;MADALENA;;CIDADE;COLISÃO TRANSVERSAL;2;0;0;0;0;0;0;0;0;1;0;Longo da via;Bom;Não existe;Perfeito estado;Seca;Perfeito estado;Não existe;R-6a;;Única;Faixa seccionada;;
202213453;12/06/2022;;COM VÍTIMA;FINALIZADA;IMBIRIBEIRA;AV MARECHAL MASCARENHAS DE MORAES;841;;IMBIRIBEIRA;;CIDADE;COLISÃO LATERAL;2;0;0;0;0;0;0;0;0;1;0;Cruzamento;Bom;Sem defeito;Perfeito estado;Seca;Perfeito estado;Faixa de pedestre;Não há placas;;Dupla;Canteiro central;;
202213455;12/06/2022;;COM VÍTIMA;FINALIZADA;TOTÓ;AV LIBERDADE;1420;;TOTÓ;;CIDADE;ATROPELAMENTO DE PESSOA;1;0;0;0;1;0;0;0;0;1;0;;;;;;;;;;;;;
202213456;12/06/2022;;COM VÍTIMA;FINALIZADA;BOMBA DO HEMETÉRIO;RUA ARLINDO CISNEIRO;20;;BOMBA DO HEMETÉRIO;;SUBURBIO;ATROPELAMENTO DE PESSOA;1;0;0;0;2;0;0;0;0;2;0;Rotatória;Bom;Não existe;Incompleta;Seca;Perfeito estado;Não existe;Não há placas;;Dupla;Não existe;;
202213458;12/06/2022;;COM VÍTIMA;FINALIZADA;CORDEIRO;EST DO FORTE DO ARRAIAL N. DO B. JESUS;750;RUA DR MIGUEL VIEIRA FERREIRA;CORDEIRO;249;SUBURBIO;COLISÃO FRONTAL;1;1;0;0;0;0;0;0;0;1;0;Cruzamento;Bom;Sem defeito;Perfeito estado;Seca;Perfeito estado;Faixa de pedestre;Não há placas;30 km/h;Dupla;Faixa contínua;;
202213459;13/06/2022;;SEM VÍTIMA;FINALIZADA;SANTO AMARO;AV GOVERNADOR AGAMENON MAGALHAES;;;SANTO AMARO;;SUBURBIO;CHOQUE;0;0;0;0;0;0;0;1;0;0;0;Longo da via;Bom;Não existe;Não existente;Seca;Perfeito estado;Não existe;Não há placas;30KM/H;Única;;;
202213468;13/06/2022;;SEM VÍTIMA;FINALIZADA;AFOGADOS;RUA DORMENTOS;;RUA IMPERIAL;AFOGADOS;;;COLISÃO TRASEIRA;2;0;0;0;0;0;0;0;0;0;0;Longo da via;Bom;Não existe;Perfeito estado;Seca;Perfeito estado;Não existe;Não há placas;;Única;Faixa seccionada;;
202213473;13/06/2022;;COM VÍTIMA;FINALIZADA;PINA;AVENIDA CELSO FURTADO (VIA MANGUE);;;PINA;;SUBURBIO;COLISÃO TRASEIRA;0;2;0;0;0;0;0;0;0;2;0;Viaduto;Bom;Não existe;Perfeito estado;Seca;Perfeito estado;Não existe;Não há placas;60 km/h;Única;Faixa seccionada;;
202213500;13/06/2022;;SEM VÍTIMA;FINALIZADA;BOA VIAGEM;RUA PROFESSOR JOAO MEDEIROS;;RUA ERNESTO DE PAULA SANTOS;BOA VIAGEM;;;COLISÃO LATERAL;1;0;0;0;0;0;1;0;0;0;0;Esquina;Bom;Sem defeito;Perfeito estado;Seca;Perfeito estado;Faixa de pedestre;;;Única;Faixa seccionada;;
202213502;13/06/2022;;SEM VÍTIMA;FINALIZADA;BOA VIAGEM;RUA CONEGO ROMEU;;;BOA VIAGEM;;;COLISÃO TRANSVERSAL;1;0;0;0;0;0;0;1;0;0;0;Longo da via;Bom;Não existe;Incompleta;Seca;Mal iluminada;Não existe;Não há placas;40KM/H;Dupla;Faixa contínua;;
202213521;13/06/2022;;SEM VÍTIMA;FINALIZADA;CAMPO GRANDE;1TR MARQUES DE BAIPENDI;;;CAMPO GRANDE;;SUBURBIO;COLISÃO LATERAL;1;0;0;0;0;0;0;1;0;0;0;Cruzamento;Bom;Sem defeito;Perfeito estado;Seca;Perfeito estado;Faixa de pedestre;Não há placas;;Dupla;Faixa contínua;;
202213531;13/06/2022;;COM VÍTIMA;CANCELADA;IPSEP;AV RAIMUNDO DINIZ;;AV RECIFE;IPSEP;247;SUBURBIO;COLISÃO TRASEIRA;0;0;0;0;0;0;0;0;0;1;0;;;;;;;;;;;;;
202213556;14/06/2022;;COM VÍTIMA;FINALIZADA;BONGI;AV ENGENHEIRO ABDIAS DE CARVALHO;;RUA CARLOS GOMES;BONGI;57;CIDADE;COLISÃO COM CICLISTA;0;1;0;1;0;0;0;0;0;1;0;Cruzamento;Bom;Sem defeito;Perfeito estado;Seca;Perfeito estado;Não existe;Não há placas;30 km/h;Única;Não existe;;
202213562;14/06/2022;;COM VÍTIMA;FINALIZADA;IBURA;AV DOIS RIOS;673;;IBURA;;SUBURBIO;COLISÃO LATERAL;0;1;0;0;0;0;1;0;0;1;0;Longo da via;Bom;Sem defeito;Ilegível;Seca;Mal conservada;;;;Dupla;Não existe;;
202213583;14/06/2022;;COM VÍTIMA;FINALIZADA;JARDIM SÃO PAULO;AV SAO PAULO;625;;JARDIM SÃO PAULO;;CIDADE;COLISÃO LATERAL;1;1;0;0;0;0;0;0;0;1;0;Longo da via;Bom;Não existe;Incompleta;Seca;Perfeito estado;Não existe;Não há placas;;Dupla;Não existe;;
202213585;14/06/2022;;COM VÍTIMA;FINALIZADA;IPUTINGA;AV CAXANGA;;EST DO BARBALHO;IPUTINGA;533;SUBURBIO;COLISÃO TRANSVERSAL;0;2;0;0;0;0;0;0;0;3;0;Cruzamento;Bom;Sem defeito;Perfeito estado;Seca;Perfeito estado;Agente;Não há placas;60 km/h;Única;Canteiro central;;
202213591;14/06/2022;;SEM VÍTIMA;FINALIZADA;CORDEIRO;AV GENERAL SAN MARTIN;;RUA GOMES TABORDA;CORDEIRO;67;;COLISÃO TRASEIRA;1;0;0;0;0;0;1;0;0;0;0;Cruzamento;Bom;Sem defeito;Ilegível;Seca;Mal conservada;Faixa de pedestre;Não há placas;;Dupla;Não existe;;
202213592;14/06/2022;;COM VÍTIMA;FINALIZADA;CORDEIRO;AV GENERAL SAN MARTIN;;;CORDEIRO;;CORDEIRO;COLISÃO TRASEIRA;0;2;0;0;0;0;0;0;0;1;0;Longo da via;Bom;Não existe;Perfeito estado;Seca;Perfeito estado;Não existe;Não há placas;40 km/h;Dupla;Faixa contínua;;
202213594;14/06/2022;;COM VÍTIMA;FINALIZADA;CAMPO GRANDE;RUA PROFESSOR FRANCISCO DA TRINDADE;290;RUA SAO CAETANO;CAMPO GRANDE;;SUBURBIO;COLISÃO TRANSVERSAL;2;0;0;0;0;0;0;0;0;1;0;Não informado;Bom;Não existe;Não existente;Seca;Perfeito estado;Não existe;Não há placas;;Dupla;Não existe;;
202213603;14/06/2022;;COM VÍTIMA;FINALIZADA;CORDEIRO;AV CAXANGA;;;CORDEIRO;;SUBURBIO;COLISÃO TRASEIRA;1;1;0;0;0;0;0;0;0;2;0;Longo da via;Bom;Não existe;Perfeito estado;Seca;Perfeito estado;Não existe;Não há placas;;Dupla;Canteiro central;;
202213618;14/06/2022;;COM VÍTIMA;FINALIZADA;MANGUEIRA;RUA DR JOAO ELISIO;294;RUA HORIZONTINA;MANGUEIRA;;SUBURBIO;COLISÃO TRANSVERSAL;0;2;0;0;0;0;0;0;0;2;0;Longo da via;Bom;Não existe;Ilegível;Seca;Mal conservada;Não existe;Não há placas;;Dupla;Não existe;;
202213642;15/06/2022;;COM VÍTIMA;FINALIZADA;BEBERIBE;AV BEBERIBE;4024;;BEBERIBE;;CIDADE;COLISÃO LATERAL;0;2;0;0;0;0;0;0;0;3;0;Longo da via;Bom;Não existe;Perfeito estado;Seca;Perfeito estado;Outros;Não há placas;;Dupla;Faixa contínua;Faixa seccionada;
202213652;15/06/2022;;COM VÍTIMA;FINALIZADA;BOA VIAGEM;AV ENGENHEIRO DOMINGOS FERREIRA;;RUA CORONEL BENEDITO CHAVES;BOA VIAGEM;128;SUBURBIO;COLISÃO TRASEIRA;1;1;0;0;0;0;0;0;0;1;0;Cruzamento;Bom;Sem defeito;Perfeito estado;Seca;Perfeito estado;Faixa de pedestre;Outras;60 km/h;Única;Faixa contínua;;
202213662;15/06/2022;;COM VÍTIMA;FINALIZADA;MADALENA;AV CAXANGA;;RUA JOAO IVO DA SILVA;MADALENA;257;CIDADE;COLISÃO TRANSVERSAL;0;2;0;0;0;0;0;0;0;2;0;Cruzamento;Bom;Sem defeito;Perfeito estado;Seca;Perfeito estado;Outros;Não há placas;60 km/h;Única;Faixa contínua;;
202213671;15/06/2022;;SEM VÍTIMA;FINALIZADA;CORDEIRO;RUA OCIDENTAL;109;RUA XAVIER DE BRITO;CORDEIRO;;;COLISÃO LATERAL;1;1;0;0;0;0;0;0;0;0;0;Cruzamento;Bom;Não existe;Não existente;Seca;Perfeito estado;Não existe;Não há placas;30KM/H;Única;Canteiro central;;
202213674;15/06/2022;;SEM VÍTIMA;FINALIZADA;DERBY;PRC DO DERBY;;;DERBY;;SUBURBIO;COLISÃO LATERAL;0;0;0;0;0;1;0;1;0;0;0;Longo da via;Bom;Não existe;Perfeito estado;Seca;Perfeito estado;Não existe;Não há placas;50KM/H;Dupla;Canteiro central;;
202213675;15/06/2022;;COM VÍTIMA;FINALIZADA;TORRE;RUA PROFESSOR TRAJANO DE MENDONCA;200;;TORRE;;CIDADE;COLISÃO LATERAL;2;1;0;0;0;0;0;0;0;1;0;Longo da via;Bom;Não existe;Perfeito estado;Seca;Perfeito estado;Não existe;R-6a;;Única;Faixa seccionada;;
202213696;15/06/2022;;COM VÍTIMA;FINALIZADA;SANTO AMARO;RUA FRANCISCO JACINTO;366;;SANTO AMARO;;CIDADE;COLISÃO TRANSVERSAL;1;1;0;0;0;0;0;0;0;1;0;Longo da via;Bom;Não existe;Não existente;Seca;Perfeito estado;Não existe;Não há placas;;Dupla;Não existe;;
202213700;15/06/2022;;SEM VÍTIMA;FINALIZADA;IMBIRIBEIRA;AV PRESIDENTE DUTRA;;;IMBIRIBEIRA;;;COLISÃO TRASEIRA;2;0;0;0;0;0;0;1;0;0;0;;;;;;;;;;;;;
202213705;15/06/2022;;COM VÍTIMA;FINALIZADA;SAN MARTIN;AV GENERAL SAN MARTIN;2482;;SAN MARTIN;;SUL;COLISÃO COM CICLISTA;1;0;0;1;0;0;0;0;0;1;0;Longo da via;Bom;Não existe;Perfeito estado;Seca;Perfeito estado;Não existe;Não há placas;40 km/h;Dupla;Faixa seccionada;;
202213706;15/06/2022;;COM VÍTIMA;FINALIZADA;GRAÇAS;AV RUI BARBOSA;;;GRAÇAS;;;COLISÃO TRASEIRA;1;1;0;0;0;0;0;0;0;1;0;;;;;;;;;;;;;
202213708;15/06/2022;;COM VÍTIMA;FINALIZADA;BOA VIAGEM;RUA RIBEIRO DE BRITO;1507;;BOA VIAGEM;;SUBURBIO;ATROPELAMENTO DE ANIMAL;0;1;0;0;0;0;0;0;0;1;0;Longo da via;Bom;Não existe;Perfeito estado;Seca;Perfeito estado;Agente;Não há placas;;Única;Faixa seccionada;;
202213728;15/06/2022;;SEM VÍTIMA;FINALIZADA;CAMPINA DO BARRETO;AV POETA VINICIUS DE MORAIS;;RUA NOVA ESPERANCA;CAMPINA DO BARRETO;;;COLISÃO TRASEIRA;0;0;0;0;0;0;0;2;0;0;0;Longo da via;Bom;Não existe;Perfeito estado;Seca;Perfeito estado;Não existe;Não há placas;;Dupla;Faixa seccionada;;
202213731;15/06/2022;;SEM VÍTIMA;FINALIZADA;CAMPO GRANDE;RUA ODORICO MENDES;700;;CAMPO GRANDE;;;COLISÃO LATERAL;1;0;0;0;0;0;0;1;0;0;0;;;;;;;;;;;;;
202213732;16/06/2022;;COM VÍTIMA;FINALIZADA;BOA VIAGEM;AV ENGENHEIRO DOMINGOS FERREIRA;287;RUA PADRE BERNADINO PESSOA;BOA VIAGEM;144;SUBURBIO;COLISÃO TRANSVERSAL;2;0;0;0;0;0;0;0;0;3;0;Cruzamento;Chuvoso;Sem defeito;Perfeito estado;Molhada;Perfeito estado;Faixa de pedestre;Não há placas;;Única;Canteiro central;;
202213759;16/06/2022;;COM VÍTIMA;FINALIZADA;SANTO AMARO;AV NORTE MIGUEL ARRAES DE ALENCAR;890A;RUA SAO SEBASTIAO;SANTO AMARO;397;SUBURBIO;ATROPELAMENTO DE PESSOA;0;1;0;0;1;0;0;0;0;1;0;Longo da via;Bom;Sem defeito;Perfeito estado;Seca;Perfeito estado;Faixa de pedestre;Não há placas;60 km/h;Dupla;Canteiro central;;
202213774;16/06/2022;;COM VÍTIMA;FINALIZADA;ENCRUZILHADA;AV NORTE MIGUEL ARRAES DE ALENCAR;5050;;ENCRUZILHADA;;;COLISÃO TRASEIRA;1;1;0;0;0;0;0;0;0;1;0;Longo da via;Chuvoso;Não existe;Incompleta;Seca;Perfeito estado;Não existe;Não há placas;;Dupla;Blocos;;
202213821;16/06/2022;;COM VÍTIMA;FINALIZADA;DERBY;AV GOVERNADOR CARLOS DE LIMA CAVALCANTI;;AV GOVERNADOR AGAMENON MAGALHAES;DERBY;75;CIDADE;ATROPELAMENTO DE PESSOA;0;0;0;0;1;1;0;0;0;1;0;Cruzamento;Bom;Sem defeito;Perfeito estado;Seca;Perfeito estado;Faixa de pedestre;R-25d;;Única;Canteiro central;;
202213839;17/06/2022;;COM VÍTIMA;FINALIZADA;JARDIM SÃO PAULO;RUA LORENA;104;;JARDIM SÃO PAULO;;;COLISÃO FRONTAL;1;1;0;0;0;0;0;0;0;1;0;;;;;;;;;;;;;
202213840;17/06/2022;;COM VÍTIMA;FINALIZADA;ESTÂNCIA;AV DR JOSE RUFINO;523;RUA BARAO DE BUIQUE;ESTÂNCIA;;CIDADE;COLISÃO TRANSVERSAL;1;1;0;0;0;0;0;0;0;1;0;Cruzamento;Bom;Não existe;Incompleta;Seca;Mal conservada;Não existe;"Placas ""Pare""";60 km/h;Dupla;Faixa seccionada;;
202213847;17/06/2022;;COM VÍTIMA;FINALIZADA;BOA VIAGEM;AV MARECHAL JUAREZ TAVORA;;RUA BALTAZAR PASSOS;BOA VIAGEM;556;CIDADE;COLISÃO FRONTAL;1;1;0;0;0;0;0;0;0;1;0;Cruzamento;Bom;Com defeito;Perfeito estado;Seca;Perfeito estado;Faixa de pedestre;R-24a;30 km/h;Única;Faixa contínua;Faixa seccionada;
202213858;17/06/2022;;COM VÍTIMA;FINALIZADA;IBURA;AV DOIS RIOS;;RUA RIO JURUA;IBURA;;SUBURBIO;COLISÃO LATERAL;0;2;0;0;0;0;0;0;0;1;0;Cruzamento;Bom;Não existe;Perfeito estado;Seca;Perfeito estado;Não existe;Outras;;Dupla;Faixa contínua;;
202213874;17/06/2022;;COM VÍTIMA;FINALIZADA;SÃO JOSÉ;C SANTA RITA;;;SÃO JOSÉ;76;CIDADE;QUEDA;1;1;0;0;0;0;0;0;0;1;0;Longo da via;Bom;Sem defeito;Perfeito estado;Seca;Perfeito estado;Não existe;Não há placas;60 km/h;Única;Faixa seccionada;;
202213884;17/06/2022;;COM VÍTIMA;FINALIZADA;SÃO JOSÉ;AV DANTAS BARRETO;1326;RUA DO PEIXOTO;SÃO JOSÉ;181;CIDADE;COLISÃO TRANSVERSAL;0;1;0;0;0;1;0;0;0;1;0;Cruzamento;Bom;Sem defeito;Perfeito estado;Seca;Perfeito estado;Faixa de pedestre;Outras;60 km/h;Dupla;Faixa contínua;;
202213905;17/06/2022;;COM VÍTIMA;FINALIZADA;ÁGUA FRIA;RUA LADEIRA DE PEDRA;498;;ÁGUA FRIA;;SUBURBIO;ATROPELAMENTO DE PESSOA;0;0;0;0;1;1;0;0;0;1;0;Longo da via;Bom;Não existe;Perfeito estado;Seca;Mal conservada;Não existe;Outras;;Dupla;Faixa seccionada;;
202213916;17/06/2022;;COM VÍTIMA;FINALIZADA;ILHA DO LEITE;AV GOVERNADOR AGAMENON MAGALHAES;;;ILHA DO LEITE;;SUBURBIO;QUEDA;0;1;0;0;0;0;0;0;0;1;0;;;;;;;;;;;;;
202213930;17/06/2022;;COM VÍTIMA;FINALIZADA;BOA VISTA;RUA DO PRINCIPE;446;RUA GENERAL JOSE SEMEAO;BOA VISTA;;CIDADE;COLISÃO LATERAL;1;1;0;0;0;0;0;0;0;1;0;Longo da via;Bom;Não existe;Perfeito estado;Seca;Perfeito estado;Não existe;Outras;;Única;Faixa seccionada;;
202213956;18/06/2022;;COM VÍTIMA;FINALIZADA;MADALENA;RUA LOPES DE CARVALHO;401;AV VISCONDE DE ALBUQUERQUE;MADALENA;;SUBURBIO;COLISÃO TRANSVERSAL;1;1;0;0;0;0;0;0;0;1;0;Cruzamento;Bom;Não existe;Perfeito estado;Seca;Perfeito estado;Outros;Outras;;Única;Faixa seccionada;;
202213995;18/06/2022;;COM VÍTIMA;CANCELADA;IMBIRIBEIRA;RUA PAMPULHA;251;;IMBIRIBEIRA;;;COLISÃO LATERAL;1;1;0;0;0;0;0;0;0;1;0;;;;;;;;;;;;;
202213996;18/06/2022;;COM VÍTIMA;CANCELADA;IMBIRIBEIRA;RUA PARIS;552;;IMBIRIBEIRA;;;COLISÃO LATERAL;1;1;0;0;0;0;0;0;0;1;0;;;;;;;;;;;;;
202213999;18/06/2022;;COM VÍTIMA;CANCELADA;ESPINHEIRO;RUA DA HORA;;AV JOAO DE BARROS;ESPINHEIRO;;;COLISÃO TRASEIRA;2;0;0;0;0;0;0;0;0;1;0;;;;;;;;;;;;;
202214000;18/06/2022;;COM VÍTIMA;FINALIZADA;IPUTINGA;RUA BOM PASTOR;126;RUA COMENDADOR ALVARES DE CARVALHO;IPUTINGA;254;CIDADE;COLISÃO LATERAL;1;1;0;0;0;0;0;0;0;1;0;Cruzamento;Bom;Sem defeito;Perfeito estado;Seca;Perfeito estado;Faixa de pedestre;R-6a;;Dupla;Faixa contínua;Faixa seccionada;
202214001;18/06/2022;;COM VÍTIMA;CANCELADA;CASA FORTE;AV DEZESSETE DE AGOSTO;;;CASA FORTE;469;;COLISÃO COM CICLISTA;0;1;0;1;0;0;0;0;0;1;0;;;;;;;;;;;;;
202214013;18/06/2022;;COM VÍTIMA;FINALIZADA;IPUTINGA;AV CAXANGA;;RUA MANOEL JOAQUIM DE ALMEIDA;IPUTINGA;533;CIDADE;COLISÃO LATERAL;1;1;0;0;0;0;0;0;0;1;0;Cruzamento;Bom;Sem defeito;Perfeito estado;Seca;Perfeito estado;Não existe;Outras;;Dupla;Canteiro central;;
202214019;18/06/2022;;SEM VÍTIMA;FINALIZADA;CASA AMARELA;EST DO ARRAIAL;2626;RUA GOMES COUTINHO;CASA AMARELA;;SUBURBIO;;2;0;0;0;0;0;0;0;0;0;0;Longo da via;Bom;Não existe;Perfeito estado;Seca;Perfeito estado;;;;Única;;;
202214031;18/06/2022;;COM VÍTIMA;FINALIZADA;SANTO AMARO;AV NORTE MIGUEL ARRAES DE ALENCAR;;;SANTO AMARO;;SUBURBIO;COLISÃO TRASEIRA;1;1;0;0;0;0;0;0;0;2;0;Longo da via;Bom;Não existe;Perfeito estado;Seca;Perfeito estado;Não existe;R-6a;;Dupla;Canteiro central;;
202214032;18/06/2022;;COM VÍTIMA;FINALIZADA;ÁGUA FRIA;AV BEBERIBE;2175;RUA DA REGENERACAO;ÁGUA FRIA;187;SUBURBIO;ATROPELAMENTO DE PESSOA;0;1;0;0;1;0;0;0;0;1;0;Cruzamento;Bom;Sem defeito;Perfeito estado;Seca;Perfeito estado;Faixa de pedestre;;;;;;
202214035;19/06/2022;;COM VÍTIMA;FINALIZADA;BOA VIAGEM;AV DES JOSE NEVES;;AV JOAQUIM RIBEIRO;BOA VIAGEM;567;SUBURBIO;COLISÃO TRANSVERSAL;2;0;0;0;0;0;0;0;0;4;0;Longo da via;Chuvoso;Sem defeito;Perfeito estado;Molhada;Mal iluminada;Faixa de pedestre;;;Única;Faixa seccionada;;
202214065;19/06/2022;;COM VÍTIMA;FINALIZADA;SANTO AMARO;RUA CAPITAO LIMA;;RUA DA FUNDICAO;SANTO AMARO;;;COLISÃO TRANSVERSAL;1;1;0;0;0;0;0;0;0;1;0;Cruzamento;Bom;Não existe;Perfeito estado;Seca;Perfeito estado;Faixa de pedestre;"Placas ""Pare""";;;Faixa contínua;Faixa seccionada;
202214094;19/06/2022;;COM VÍTIMA;FINALIZADA;JORDÃO;AV MARECHAL MASCARENHAS DE MORAES;161B;;JORDÃO;;SUBURBIO;COLISÃO LATERAL;0;2;0;0;0;0;0;0;0;1;0;Longo da via;Bom;Não existe;Incompleta;Seca;Mal iluminada;;Não há placas;60 km/h;Dupla;;;
202214097;19/06/2022;;SEM VÍTIMA;FINALIZADA;MORRO DA CONCEIÇÃO;RUA ITACOATIARA;;;MORRO DA CONCEIÇÃO;;SUBURBIO;CHOQUE;1;0;0;0;0;0;0;0;0;0;0;Longo da via;Chuvoso;Não existe;Não existente;Molhada;Perfeito estado;Não existe;Não há placas;;Única;Não existe;;
202214099;19/06/2022;;COM VÍTIMA;FINALIZADA;IMBIRIBEIRA;AV MARECHAL MASCARENHAS DE MORAES;2160;RUA PAMPULHA;IMBIRIBEIRA;;SUBURBIO;COLISÃO TRASEIRA;1;1;0;0;0;0;0;0;0;1;0;Longo da via;Chuvoso;;;Molhada;;Não existe;;;Dupla;;;
202214125;20/06/2022;;COM VÍTIMA;FINALIZADA;CAMPO GRANDE;AV GOVERNADOR AGAMENON MAGALHAES;;;CAMPO GRANDE;;CIDADE;ATROPELAMENTO DE PESSOA;0;1;0;0;1;0;0;0;0;1;0;Longo da via;Bom;Não existe;Perfeito estado;Seca;Perfeito estado;Não existe;R-32;60 km/h;Dupla;Canteiro central;;
202214155;20/06/2022;;COM VÍTIMA;FINALIZADA;ESTÂNCIA;AV RECIFE;5520;;ESTÂNCIA;;SUBURBIO;COLISÃO LATERAL;1;1;0;0;0;0;0;0;0;1;0;Longo da via;Bom;Não existe;Perfeito estado;Seca;Perfeito estado;Não existe;Não há placas;;Única;Faixa seccionada;;
202214173;20/06/2022;;SEM VÍTIMA;FINALIZADA;AREIAS;RUA HAVAI;;;AREIAS;;CIDADE;COLISÃO FRONTAL;1;0;0;0;0;0;1;0;0;0;0;Longo da via;Bom;Não existe;Não existente;Seca;Perfeito estado;Não existe;Não há placas;;Dupla;Não existe;;
202214179;20/06/2022;;COM VÍTIMA;FINALIZADA;IPSEP;RUA HELIO BRANDAO;500;AV GENERAL BENTO DA GAMA;IPSEP;;CIDADE;COLISÃO TRANSVERSAL;2;0;0;0;0;0;0;0;0;1;0;Cruzamento;Bom;Não existe;Perfeito estado;Seca;Perfeito estado;Faixa de retenção;"Placas ""Pare""";;Dupla;Faixa seccionada;;
202214206;20/06/2022;;SEM VÍTIMA;FINALIZADA;SÃO JOSÉ;AV SUL;;;SÃO JOSÉ;;;COLISÃO TRASEIRA;2;0;0;0;0;0;0;0;0;0;0;;;;;;;;;;;;;
202214220;21/06/2022;;COM VÍTIMA;FINALIZADA;BOA VIAGEM;RUA JOSE DA SILVA LUCENA;20;;BOA VIAGEM;;SUBURBIO;COLISÃO LATERAL;1;1;0;0;0;0;0;0;0;1;0;Longo da via;Bom;Não existe;Perfeito estado;Seca;Perfeito estado;Faixa de pedestre;Outras;60 km/h;Dupla;Não existe;;
202214242;21/06/2022;;COM VÍTIMA;FINALIZADA;TOTÓ;AV LIBERDADE;612;EST DO CURADO;TOTÓ;;CIDADE;COLISÃO TRANSVERSAL;1;1;0;0;0;0;0;0;0;2;0;Longo da via;Bom;Sem defeito;Não existente;Seca;Perfeito estado;Não existe;Não há placas;;Dupla;Não existe;;
202214267;21/06/2022;;COM VÍTIMA;FINALIZADA;BEBERIBE;AV BEBERIBE;;;BEBERIBE;;;ATROPELAMENTO DE PESSOA;0;0;0;0;1;1;0;0;0;1;0;Longo da via;Bom;Não existe;Perfeito estado;Seca;Perfeito estado;Não existe;Não há placas;;Dupla;Faixa contínua;;
202214269;21/06/2022;;SEM VÍTIMA;FINALIZADA;JARDIM SÃO PAULO;AV LIBERDADE;525;;JARDIM SÃO PAULO;;;COLISÃO TRASEIRA;0;1;0;0;0;0;0;1;0;0;0;Longo da via;Bom;Não existe;Não existente;Seca;Mal conservada;Não existe;Não há placas;;Dupla;Não existe;;
202214271;21/06/2022;;SEM VÍTIMA;FINALIZADA;SANTO AMARO;RUA DR CARLOS CHAGAS;;AV JOAO DE BARROS;SANTO AMARO;;CIDADE;;1;0;0;0;0;0;0;1;0;0;0;;Bom;Não existe;Perfeito estado;Seca;Perfeito estado;Faixa de pedestre;;;Única;Faixa seccionada;;
202214289;21/06/2022;;COM VÍTIMA;FINALIZADA;TEJIPIÓ;AV DR JOSE RUFINO;3385;;TEJIPIÓ;;SUBURBIO;ATROPELAMENTO DE PESSOA;0;0;0;0;1;1;0;0;0;1;0;Longo da via;Bom;Não existe;Perfeito estado;Seca;Perfeito estado;Não existe;Não há placas;60 km/h;Dupla;Faixa contínua;;