Protocolo;data;hora;natureza;situacao;bairro;endereco;numero;detalhe_endereco_acidente;bairro_cruzamento;num_semaforo;sentido_via;tipo;auto;moto;ciclom;ciclista;pedestre;onibus;caminhao;viatura;outros;vitimas;vitimasfatais;acidente_verificado;tempo_clima;situacao_semaforo;sinalizacao;condicao_via;conservacao_via;ponto_controle;situacao_placa;velocidade_max_via;mao_direcao;divisao_via1;divisao_via2;divisao_via3
202214292;21/06/2022;;COM VÍTIMA;FINALIZADA;ÁGUA FRIA;AV ANIBAL BENEVOLO;;;ÁGUA FRIA;;;COLISÃO TRANSVERSAL;1;1;0;0;0;0;0;0;0;1;0;;;;;;;;;;;;;
202214296;21/06/2022;;COM VÍTIMA;FINALIZADA;IBURA;RUA RIO BRIGIDA;;;IBURA;;;COLISÃO FRONTAL;0;2;0;0;0;0;0;0;0;1;0;;;;;;;;;;;;;
202214305;22/06/2022;;COM VÍTIMA;FINALIZADA;CIDADE UNIVERSITÁRIA;AV PROFESSOR LUIZ FREIRE;500;;CIDADE UNIVERSITÁRIA;;SUBURBIO;COLISÃO LATERAL;1;1;0;0;0;0;0;0;0;1;0;Longo da via;Chuvoso;Não existe;Não existente;Molhada;Perfeito estado;Não existe;Não há placas;40 km/h;Dupla;Faixa seccionada;;
202214306;22/06/2022;;COM VÍTIMA;DUPLICIDADE;CURADO;AV PROFESSOR LUIZ FREIRE;500;;CURADO;;;COLISÃO LATERAL;1;1;0;0;0;0;0;0;0;1;0;;;;;;;;;;;;;
202214309;22/06/2022;;SEM VÍTIMA;FINALIZADA;IPUTINGA;RUA SAO MATEUS;1160;;IPUTINGA;;;COLISÃO LATERAL;3;0;0;0;0;0;0;0;0;0;0;;;;;;;;;;;;;
202214319;22/06/2022;;COM VÍTIMA;FINALIZADA;SANTANA;RUA SANT'ANNA;136;RUA DONA ADA VIEIRA;SANTANA;;;COLISÃO TRANSVERSAL;2;0;0;0;0;0;0;0;0;1;0;Não informado;Chuvoso;Não existe;Perfeito estado;Molhada;Perfeito estado;;;;Dupla;;;
202214322;22/06/2022;;COM VÍTIMA;FINALIZADA;MADALENA;EST DOS REMEDIOS;401;RUA LOPES DE CARVALHO;MADALENA;;CIDADE;COLISÃO TRANSVERSAL;1;1;0;0;0;0;0;0;0;1;0;Longo da via;Chuvoso;Não existe;Perfeito estado;Molhada;Perfeito estado;Não existe;Outras;;Única;Faixa seccionada;;
202214325;22/06/2022;;COM VÍTIMA;FINALIZADA;BOA VIAGEM;AV DES JOSE NEVES;;;BOA VIAGEM;;CIDADE;COLISÃO TRASEIRA;2;0;0;0;0;0;0;0;0;1;0;Longo da via;Chuvoso;Não existe;Incompleta;Molhada;Mal conservada;Não existe;Não há placas;;Única;Faixa contínua;;
202214337;22/06/2022;;COM VÍTIMA;FINALIZADA;MADALENA;RUA JOSE OSORIO;464;;MADALENA;;SUBURBIO;COLISÃO LATERAL;1;1;0;0;0;0;0;0;0;1;0;Longo da via;Chuvoso;Não existe;Perfeito estado;Molhada;Perfeito estado;Não existe;Não há placas;40 km/h;Dupla;Faixa contínua;;
202214339;22/06/2022;;SEM VÍTIMA;FINALIZADA;ARRUDA;AV PROFESSOR JOSE DOS ANJOS;;AV BEBERIBE;ARRUDA;131;SUBURBIO;COLISÃO TRASEIRA;1;0;0;0;0;0;0;1;0;0;0;Cruzamento;Chuvoso;Sem defeito;Perfeito estado;Molhada;Perfeito estado;Faixa de pedestre;Outras;40 km/h;Dupla;Canteiro central;Canal;
202214341;22/06/2022;;COM VÍTIMA;FINALIZADA;TAMARINEIRA;RUA SEBASTIAO ALVES;73;;TAMARINEIRA;;;COLISÃO LATERAL;1;1;0;0;0;0;0;0;0;1;0;Longo da via;Chuvoso;Não existe;Perfeito estado;Molhada;Perfeito estado;Faixa de pedestre;R-34;;Única;Outros;;
202214346;22/06/2022;;COM VÍTIMA;FINALIZADA;IMBIRIBEIRA;AV PRESIDENTE DUTRA;;AV SENADOR ROBERT KENNEDY;IMBIRIBEIRA;;SUBURBIO;COLISÃO TRANSVERSAL;1;1;0;0;0;0;0;0;0;1;0;Cruzamento;Chuvoso;Sem defeito;Perfeito estado;Molhada;Perfeito estado;Faixa de pedestre;R-6a;;;Faixa seccionada;;
202214362;22/06/2022;;COM VÍTIMA;CANCELADA;TEJIPIÓ;AV DR JOSE RUFINO;;;TEJIPIÓ;;;COLISÃO FRONTAL;1;1;0;0;0;0;0;0;0;1;0;;;;;;;;;;;;;
202214363;22/06/2022;;SEM VÍTIMA;FINALIZADA;AFOGADOS;RUA SAO MIGUEL;;;AFOGADOS;;;COLISÃO FRONTAL;1;1;0;0;0;0;0;0;0;0;0;;;;;;;;;;;;;
202214385;22/06/2022;;COM VÍTIMA;FINALIZADA;BOA VIAGEM;AV ENGENHEIRO DOMINGOS FERREIRA;107;RUA JOSE TRAJANO;BOA VIAGEM;;SUBURBIO;ATROPELAMENTO DE PESSOA;1;0;0;0;1;0;0;0;0;1;0;Longo da via;Chuvoso;Não existe;Perfeito estado;Molhada;Perfeito estado;Não existe;Não há placas;;Única;Faixa seccionada;;
202214390;22/06/2022;;COM VÍTIMA;FINALIZADA;GRAÇAS;PRC DO ENTRONCAMENTO;50;;GRAÇAS;;;COLISÃO COM CICLISTA;1;0;0;2;0;0;0;0;0;1;0;;;;;;;;;;;;;
202214406;23/06/2022;;COM VÍTIMA;FINALIZADA;BOA VIAGEM;AV BOA VIAGEM;5450;RUA PROFESSOR MARIO DE CASTRO;BOA VIAGEM;148;CIDADE;COLISÃO TRASEIRA;0;1;0;0;0;1;0;0;0;1;0;Longo da via;Bom;Sem defeito;Perfeito estado;Seca;Perfeito estado;Faixa de pedestre;Outras;60 km/h;Única;Faixa contínua;;
202214458;23/06/2022;;COM VÍTIMA;FINALIZADA;SÃO JOSÉ;TRV DO GASPAR;1600;;SÃO JOSÉ;;;CHOQUE;0;1;0;0;0;0;0;0;0;1;0;Longo da via;Bom;Não existe;Não existente;Molhada;Mal conservada;Não existe;Não há placas;;Dupla;Não existe;;
202214461;23/06/2022;;COM VÍTIMA;FINALIZADA;CAMPO GRANDE;EST DE BELEM;1335;RUA MARIO SETE;CAMPO GRANDE;;CIDADE;COLISÃO LATERAL;1;1;0;0;0;0;0;0;0;1;0;Cruzamento;Bom;Não existe;Perfeito estado;Seca;Perfeito estado;Não existe;Outras;;Dupla;Faixa contínua;;
202214462;23/06/2022;;COM VÍTIMA;FINALIZADA;AREIAS;RUA JORNALISTA VILMA LESSA;875;;AREIAS;;SUBURBIO;COLISÃO TRANSVERSAL;1;1;0;0;0;0;0;0;0;1;0;Cruzamento;Bom;Não existe;Não existente;Seca;Mal conservada;Não existe;Não há placas;30 km/h;Dupla;Não existe;;
202214464;23/06/2022;;SEM VÍTIMA;CANCELADA;CORDEIRO;RUA GOMES TABORDA;;;CORDEIRO;;;CHOQUE;2;0;0;0;0;0;0;0;0;0;0;;;;;;;;;;;;;
202214472;24/06/2022;;COM VÍTIMA;FINALIZADA;BAIRRO DO RECIFE;PTE GIRATORIA;;;BAIRRO DO RECIFE;;SUBURBIO;QUEDA;0;1;0;0;0;0;0;0;0;1;0;Ponte;Chuvoso;Não existe;Não existente;Oleosa;Perfeito estado;Não existe;Não há placas;;Dupla;Canteiro central;;
202214484;24/06/2022;;COM VÍTIMA;FINALIZADA;CAMPO GRANDE;RUA HERMILIO GOMES;225;RUA PROFESSOR FRANCISCO DA TRINDADE;CAMPO GRANDE;;;COLISÃO TRANSVERSAL;1;1;0;0;0;0;0;0;0;1;0;Esquina;Chuvoso;Não existe;Não existente;Molhada;Perfeito estado;Não existe;Não há placas;;Dupla;Não existe;;
202214489;24/06/2022;;SEM VÍTIMA;FINALIZADA;IPUTINGA;AV PROFESSOR MORAES REGO;;RUA LAGO VERDE;IPUTINGA;;SUBURBIO;COLISÃO TRASEIRA;0;2;0;0;0;0;0;0;0;0;0;Longo da via;Bom;Não existe;Perfeito estado;Seca;Perfeito estado;Não existe;Não há placas;;Única;Faixa seccionada;;
202214503;25/06/2022;;COM VÍTIMA;FINALIZADA;MADALENA;AV VISCONDE DE ALBUQUERQUE;401;RUA LOPES DE CARVALHO;MADALENA;;SUBURBIO;COLISÃO LATERAL;1;1;0;0;0;0;0;0;0;2;0;Cruzamento;Bom;Não existe;Perfeito estado;Seca;Perfeito estado;Não existe;"Placas ""Pare""";60 km/h;Única;Faixa contínua;Faixa seccionada;
202214511;25/06/2022;;SEM VÍTIMA;FINALIZADA;BAIRRO DO RECIFE;CAIS DO APOLO;;PTE BUARQUE DE MACEDO;BAIRRO DO RECIFE;19;SUBURBIO;;2;0;0;0;0;0;0;0;0;0;0;Longo da via;Bom;Sem defeito;Perfeito estado;Seca;Perfeito estado;Faixa de pedestre;R-6a;;Dupla;Faixa seccionada;Canteiro central;
202214515;25/06/2022;;COM VÍTIMA;FINALIZADA;IMBIRIBEIRA;RUA ITACARI;299;RUA ITAJAI;IMBIRIBEIRA;;;COLISÃO TRANSVERSAL;1;1;0;0;0;0;0;0;0;1;0;Cruzamento;Bom;Não existe;Perfeito estado;Seca;Perfeito estado;Faixa de pedestre;;;Única;Faixa seccionada;;
202214524;25/06/2022;;COM VÍTIMA;FINALIZADA;DERBY;AV GOVERNADOR AGAMENON MAGALHAES;;RUA HENRIQUE DIAS;DERBY;68;SUBURBIO;COLISÃO LATERAL;1;1;0;0;0;0;0;0;0;1;0;Cruzamento;Bom;Sem defeito;Perfeito estado;Seca;Perfeito estado;Não existe;Outras;60 km/h;Única;Faixa seccionada;;
202214537;25/06/2022;;SEM VÍTIMA;CANCELADA;ESPINHEIRO;AV JOAO DE BARROS;;;ESPINHEIRO;;;COLISÃO TRASEIRA;2;0;0;0;0;0;0;0;0;0;0;;;;;;;;;;;;;
202214538;25/06/2022;;COM VÍTIMA;FINALIZADA;TORRE;RUA JOSE BONIFACIO;;RUA MARCOS ANDRE;TORRE;;CIDADE;ATROPELAMENTO DE PESSOA;0;1;0;0;1;0;0;0;0;1;0;Longo da via;Bom;Não existe;Perfeito estado;Seca;Perfeito estado;Não existe;Não há placas;;Dupla;Canteiro central;;
202214539;25/06/2022;;COM VÍTIMA;FINALIZADA;AREIAS;AV TENENTE FELIPE BANDEIRA DE MELO;97;RUA ANTONIO PINHEIRO;AREIAS;;SUBURBIO;COLISÃO COM CICLISTA;1;0;0;1;0;0;0;0;0;1;0;Longo da via;Bom;;;Seca;Perfeito estado;;;;Dupla;Não existe;;
202214550;26/06/2022;;COM VÍTIMA;FINALIZADA;BOA VISTA;AV JOAO DE BARROS;594;RUA DR LEOPOLDO LINS;BOA VISTA;198;SUBURBIO;COLISÃO LATERAL;1;1;0;0;0;0;0;0;0;1;0;Esquina;Bom;Sem defeito;Perfeito estado;Seca;Perfeito estado;Faixa de pedestre;Outras;;Única;Faixa contínua;Faixa seccionada;
202214552;26/06/2022;;COM VÍTIMA;FINALIZADA;AREIAS;AV DR JOSE RUFINO;955;;AREIAS;;CIDADE;COLISÃO FRONTAL;1;1;0;0;0;0;0;0;0;1;0;Longo da via;Bom;Não existe;Perfeito estado;Seca;Perfeito estado;Não existe;Não há placas;50 km/h;Dupla;Faixa contínua;;
202214574;26/06/2022;;COM VÍTIMA;FINALIZADA;AFOGADOS;RUA COSME VIANA;215;RUA CORONEL ALFREDO DUARTE;AFOGADOS;430;SUBURBIO;COLISÃO TRANSVERSAL;2;0;0;0;0;0;0;0;0;1;0;Cruzamento;Bom;Sem defeito;Perfeito estado;Seca;Perfeito estado;Faixa de pedestre;Outras;;Única;Faixa contínua;;
202214576;27/06/2022;;COM VÍTIMA;FINALIZADA;SANTO AMARO;AV CRUZ CABUGA;1200;;SANTO AMARO;;;COLISÃO TRASEIRA;1;1;0;0;0;0;0;0;0;1;0;;;;;;;;;;;;;
202214579;27/06/2022;;COM VÍTIMA;FINALIZADA;DOIS IRMÃOS;RUA DE APIPUCOS;223;;DOIS IRMÃOS;;CIDADE;COLISÃO LATERAL;1;1;0;0;0;0;0;0;0;2;0;Longo da via;Chuvoso;Não existe;Perfeito estado;Molhada;Perfeito estado;Outros;R-6a;;Dupla;Faixa contínua;Faixa seccionada;
202214586;27/06/2022;;COM VÍTIMA;FINALIZADA;CORDEIRO;AV PROFESSOR ESTEVAO FRANCISCO DA COSTA;257;RUA ODETE MONTEIRO;CORDEIRO;589;SUBURBIO;COLISÃO FRONTAL;1;1;0;0;0;0;0;0;0;1;0;Cruzamento;Chuvoso;Com defeito;Perfeito estado;Molhada;Perfeito estado;Faixa de pedestre;Não há placas;;Dupla;Canteiro central;;
202214589;27/06/2022;;COM VÍTIMA;FINALIZADA;AREIAS;AV DR JOSE RUFINO;885;;AREIAS;;CIDADE;ATROPELAMENTO DE PESSOA;0;1;0;0;1;0;0;0;0;1;0;Longo da via;Bom;Não existe;Perfeito estado;Seca;Perfeito estado;Faixa de pedestre;Não há placas;50 km/h;Dupla;Faixa contínua;;
202214591;27/06/2022;;COM VÍTIMA;FINALIZADA;JIQUIÁ;AV DR JOSE RUFINO;2181;;JIQUIÁ;;CIDADE;COLISÃO COM CICLISTA;1;0;0;1;0;0;0;0;0;1;0;Ponte;Bom;Não existe;Perfeito estado;Seca;Perfeito estado;Não existe;R-6a;60 km/h;Dupla;Faixa seccionada;;
202214595;27/06/2022;;COM VÍTIMA;FINALIZADA;ESTÂNCIA;AV DR JOSE RUFINO;860;;ESTÂNCIA;;;ATROPELAMENTO DE PESSOA;0;1;0;0;1;0;0;0;0;1;0;;;;;;;;;;;;;
202214596;27/06/2022;;VÍTIMA FATAL;FINALIZADA;BOA VIAGEM;AV CONSELHEIRO AGUIAR;680;RUA VICENCIA;BOA VIAGEM;;CIDADE;ATROPELAMENTO DE PESSOA;0;0;0;0;1;1;0;0;0;0;1;Longo da via;Bom;Não existe;Perfeito estado;Seca;Perfeito estado;Não existe;Outras;;Única;Faixa seccionada;;
202214607;27/06/2022;;SEM VÍTIMA;FINALIZADA;BOA VIAGEM;RUA DR NYLO DORNELLAS CAMARA;;;BOA VIAGEM;;CIDADE;TOMBAMENTO;0;1;0;0;0;0;0;0;0;0;0;Longo da via;Bom;Não existe;Perfeito estado;Seca;Perfeito estado;Agente;Outras;30 km/h;Única;Não existe;;
202214615;27/06/2022;;COM VÍTIMA;FINALIZADA;MACAXEIRA;AV NORTE MIGUEL ARRAES DE ALENCAR;7819;;MACAXEIRA;;CIDADE;ATROPELAMENTO DE PESSOA;0;1;0;0;1;0;0;0;0;3;0;Longo da via;Bom;Não existe;;Seca;Mal conservada;Outros;Outras;;Dupla;Canteiro central;;
202214616;27/06/2022;;SEM VÍTIMA;FINALIZADA;BOA VIAGEM;RUA BARAO DE SOUZA LEAO;418;;BOA VIAGEM;;SUBURBIO;COLISÃO TRASEIRA;2;0;0;0;0;0;0;0;0;0;0;Longo da via;Bom;Não existe;Perfeito estado;Seca;Perfeito estado;Não existe;R-6a;;Única;Faixa seccionada;;
202214651;27/06/2022;;COM VÍTIMA;FINALIZADA;FUNDÃO;AV BEBERIBE;2475;;FUNDÃO;;CIDADE;COLISÃO TRANSVERSAL;1;1;0;0;0;0;0;0;0;2;0;Longo da via;Chuvoso;Não existe;Perfeito estado;Molhada;Perfeito estado;Não existe;Não há placas;;Dupla;Faixa contínua;Faixa seccionada;
202214667;27/06/2022;;COM VÍTIMA;FINALIZADA;DERBY;RUA JENER DE SOUZA;372;RUA FELICIANO GOMES;DERBY;;SUBURBIO;COLISÃO TRANSVERSAL;2;0;0;0;0;0;0;0;0;2;0;Longo da via;Chuvoso;;Perfeito estado;Molhada;Perfeito estado;Não existe;;;Dupla;Não existe;;
202214672;27/06/2022;;COM VÍTIMA;FINALIZADA;IPUTINGA;AV MAURICIO DE NASSAU;433;;IPUTINGA;;SUBURBIO;CHOQUE;1;0;0;0;0;0;0;0;0;2;0;Longo da via;Chuvoso;Não existe;Perfeito estado;Molhada;Perfeito estado;Não existe;Não há placas;60 km/h;Única;Faixa seccionada;;
202214724;28/06/2022;;COM VÍTIMA;FINALIZADA;DERBY;PRC DO DERBY;;;DERBY;75;SUBURBIO;ATROPELAMENTO DE PESSOA;1;0;0;0;1;0;0;0;0;1;0;Longo da via;Bom;Sem defeito;Perfeito estado;Seca;Perfeito estado;Agente;R-6c;;Única;Faixa seccionada;;
202214736;28/06/2022;;SEM VÍTIMA;FINALIZADA;DERBY;PRC DO DERBY;;RUA JENER DE SOUZA;DERBY;678;SUBURBIO;;1;0;0;0;0;1;0;0;0;0;0;Cruzamento;Bom;Sem defeito;Perfeito estado;Seca;Perfeito estado;Faixa de pedestre;R-6a;;Dupla;Canteiro central;;
202214746;28/06/2022;;COM VÍTIMA;FINALIZADA;APIPUCOS;RUA DOIS IRMAOS;;;APIPUCOS;;;COLISÃO FRONTAL;0;2;0;0;0;0;0;0;0;2;0;Longo da via;Bom;Não existe;Perfeito estado;Seca;Perfeito estado;Não existe;R-6a;;Dupla;Faixa contínua;;
202214750;28/06/2022;;COM VÍTIMA;FINALIZADA;ILHA JOANA BEZERRA;AV DES GUERRA BARRETO;;VIADUTO CAPITAO TEMUDO;ILHA JOANA BEZERRA;;CIDADE;COLISÃO LATERAL;1;1;0;0;0;0;0;0;0;1;0;Longo da via;Chuvoso;Não existe;Perfeito estado;Molhada;Mal conservada;Não existe;Não há placas;;Única;Não existe;;
202214764;28/06/2022;;COM VÍTIMA;FINALIZADA;BOA VIAGEM;AV BOA VIAGEM;4632;;BOA VIAGEM;;CIDADE;COLISÃO TRASEIRA;1;1;0;0;0;0;0;0;0;1;0;Longo da via;Chuvoso;Não existe;Perfeito estado;Molhada;Perfeito estado;Não existe;Outras;;Única;Faixa seccionada;;
202214793;29/06/2022;;COM VÍTIMA;FINALIZADA;BOA VIAGEM;AVENIDA CELSO FURTADO (VIA MANGUE);;;BOA VIAGEM;;SUBURBIO;COLISÃO TRASEIRA;1;1;0;0;0;0;0;0;0;1;0;Longo da via;Bom;Não existe;Perfeito estado;Seca;Perfeito estado;Não existe;Outras;60 km/h;Única;Faixa contínua;;
202214807;29/06/2022;;COM VÍTIMA;FINALIZADA;SANTO AMARO;VIADUTO CAPITAO TEMUDO;;AV GOVERNADOR AGAMENON MAGALHAES;SANTO AMARO;;;COLISÃO TRASEIRA;1;1;0;0;0;0;0;0;0;1;0;Viaduto;Bom;Não existe;Perfeito estado;Seca;Perfeito estado;Não existe;;;Dupla;Faixa seccionada;Canteiro central;Blocos
202214810;29/06/2022;;COM VÍTIMA;FINALIZADA;SANTO AMARO;AV CRUZ CABUGA;;;SANTO AMARO;344;CIDADE;QUEDA;0;1;0;0;0;0;0;0;0;1;0;Longo da via;Bom;Sem defeito;Perfeito estado;Seca;Perfeito estado;Faixa de pedestre;Não há placas;60 km/h;Dupla;Faixa contínua;;
202214839;29/06/2022;;COM VÍTIMA;FINALIZADA;SANTO AMARO;AV CRUZ CABUGA;;;SANTO AMARO;457;SUBURBIO;COLISÃO TRASEIRA;0;1;0;0;0;1;0;0;0;2;0;Longo da via;Chuvoso;Sem defeito;Perfeito estado;Molhada;Perfeito estado;Faixa de pedestre;Não há placas;;Dupla;Faixa seccionada;Canteiro central;
202214849;29/06/2022;;COM VÍTIMA;FINALIZADA;BOA VISTA;RUA PRINCESA IZABEL;;RUA DA SAUDADE;BOA VISTA;168;SUBURBIO;ATROPELAMENTO DE PESSOA;1;0;0;0;1;0;0;0;0;1;0;Cruzamento;Chuvoso;Sem defeito;Perfeito estado;Molhada;Perfeito estado;Faixa de pedestre;Não há placas;;Única;Faixa contínua;;
202214850;29/06/2022;;COM VÍTIMA;FINALIZADA;SAN MARTIN;AV GENERAL SAN MARTIN;;;SAN MARTIN;371;CIDADE;COLISÃO LATERAL;1;1;0;0;0;0;0;0;0;1;0;Longo da via;Chuvoso;Sem defeito;Perfeito estado;Molhada;Perfeito estado;Não existe;Outras;30 km/h;;Faixa seccionada;;
202214902;30/06/2022;;SEM VÍTIMA;FINALIZADA;IMBIRIBEIRA;AV GENERAL MAC ARTHUR;2809;AV MARECHAL MASCARENHAS DE MORAES;IMBIRIBEIRA;225;SUBURBIO;;1;0;0;0;0;0;1;0;0;0;0;Cruzamento;Bom;Sem defeito;Incompleta;Seca;Perfeito estado;;;40 km/h;Única;Não existe;;
202214911;30/06/2022;;COM VÍTIMA;FINALIZADA;AFOGADOS;EST DOS REMEDIOS;;;AFOGADOS;;;COLISÃO LATERAL;1;1;0;0;0;0;0;0;0;1;0;;;;;;;;;;;;;
202214912;30/06/2022;;COM VÍTIMA;FINALIZADA;DERBY;AV RUI BARBOSA;;AV GOVERNADOR AGAMENON MAGALHAES;DERBY;37;SUBURBIO;ATROPELAMENTO DE PESSOA;0;1;0;0;1;0;0;0;0;1;0;Cruzamento;Bom;Sem defeito;Perfeito estado;Seca;Perfeito estado;Faixa de pedestre;;60 km/h;Única;Canteiro central;;
202214918;30/06/2022;;VÍTIMA FATAL;FINALIZADA;ESPINHEIRO;RUA SANTO ELIAS;;RUA DA HORA;ESPINHEIRO;;CIDADE;CHOQUE;0;1;0;0;0;0;0;0;0;0;1;Cruzamento;Bom;Não existe;Perfeito estado;Seca;Perfeito estado;Faixa de pedestre;Outras;40 km/h;Única;Não existe;;
202214920;30/06/2022;;COM VÍTIMA;FINALIZADA;SANTO AMARO;AV GOVERNADOR AGAMENON MAGALHAES;;;SANTO AMARO;465;;COLISÃO LATERAL;1;1;0;0;0;0;0;0;0;2;0;Cruzamento;Bom;Com defeito;Perfeito estado;Seca;Perfeito estado;Faixa de pedestre;Outras;60 km/h;Única;Faixa contínua;;
202214923;30/06/2022;;COM VÍTIMA;FINALIZADA;SANTO AMARO;VDO INDEPENDENCIA;;;SANTO AMARO;;SUBURBIO;QUEDA;0;1;0;0;0;0;0;0;0;1;0;Viaduto;Bom;Não existe;Perfeito estado;Seca;Perfeito estado;Não existe;Não há placas;60 km/h;Dupla;Canal;;
202214925;30/06/2022;;COM VÍTIMA;FINALIZADA;IMBIRIBEIRA;AV GENERAL MAC ARTHUR;1623;;IMBIRIBEIRA;;SUBURBIO;COLISÃO TRASEIRA;1;1;0;0;0;0;0;0;0;1;0;Longo da via;Bom;Não existe;Perfeito estado;Seca;Perfeito estado;;;;;;;
202214958;01/07/2022;;COM VÍTIMA;FINALIZADA;BOA VIAGEM;AV BOA VIAGEM;6234;;BOA VIAGEM;;CIDADE;CHOQUE;2;0;0;0;0;0;0;0;0;1;0;Longo da via;Bom;Não existe;Perfeito estado;Seca;Perfeito estado;Não existe;R-6b;60 km/h;Única;Faixa seccionada;;
202214959;01/07/2022;;SEM VÍTIMA;FINALIZADA;PINA;AV HERCULANO BANDEIRA;;;PINA;;;COLISÃO TRANSVERSAL;2;0;0;0;0;0;0;0;0;0;0;;;;;;;;;;;;;
202214979;01/07/2022;;COM VÍTIMA;FINALIZADA;SANTO AMARO;AV CRUZ CABUGA;;AV DR JAYME DA FONTE;SANTO AMARO;;;COLISÃO LATERAL;1;1;0;0;0;0;0;0;0;1;0;;;;;;;;;;;;;
202215019;01/07/2022;;COM VÍTIMA;FINALIZADA;CORDEIRO;AV CAXANGA;1319;;CORDEIRO;80;CIDADE;COLISÃO COM CICLISTA;0;0;0;1;0;1;0;0;0;1;0;Longo da via;Bom;Sem defeito;Perfeito estado;Seca;Perfeito estado;Não existe;;;Dupla;Faixa contínua;Faixa seccionada;Canteiro central
202215027;01/07/2022;;COM VÍTIMA;FINALIZADA;TORRE;RUA JOSE BONIFACIO;964;RUA DEMOSTENES DE OLINDA;TORRE;576;SUBURBIO;COLISÃO TRANSVERSAL;1;1;0;0;0;0;0;0;0;1;0;Cruzamento;Bom;Sem defeito;Perfeito estado;Seca;Perfeito estado;Faixa de pedestre;Não há placas;40 km/h;Única;Faixa seccionada;;
202215029;01/07/2022;;COM VÍTIMA;FINALIZADA;JOANA BEZERRA;AV MARTIN LUTHER KING;;;JOANA BEZERRA;;;COLISÃO COM CICLISTA;1;0;0;1;0;0;0;0;0;1;0;;;;;;;;;;;;;
202215030;01/07/2022;;COM VÍTIMA;FINALIZADA;AFOGADOS;EST DOS REMEDIOS;161;RUA DO ACRE;AFOGADOS;;SUBURBIO;COLISÃO LATERAL;1;1;0;0;0;0;0;0;0;1;0;Cruzamento;Bom;Não existe;Perfeito estado;Seca;Perfeito estado;Faixa de pedestre;Não há placas;;Dupla;Faixa contínua;;
202215034;01/07/2022;;COM VÍTIMA;FINALIZADA;IBURA;AV SANTA FE;127;AV GUARAPUAVA;IBURA;;SUBURBIO;COLISÃO FRONTAL;1;1;0;0;0;0;0;0;0;1;0;Cruzamento;Bom;Não existe;Perfeito estado;Seca;Perfeito estado;Não existe;Outras;30 km/h;Dupla;Faixa seccionada;;
202215041;01/07/2022;;COM VÍTIMA;FINALIZADA;SÃO JOSÉ;PTE JOAQUIM CARDOSO;;RUA FRANCISCO ALVES;SÃO JOSÉ;;SUBURBIO;COLISÃO LATERAL;0;1;0;0;0;0;0;1;0;2;0;Longo da via;Bom;Não existe;Perfeito estado;Seca;Perfeito estado;Não existe;Não há placas;;Única;Faixa seccionada;;
202215043;01/07/2022;;COM VÍTIMA;FINALIZADA;CASA AMARELA;RUA CONS NABUCO;178;RUA EVARISTO DA VEIGA;CASA AMARELA;;;COLISÃO FRONTAL;1;1;0;0;0;0;0;0;0;1;0;Esquina;Bom;Não existe;Incompleta;Seca;Perfeito estado;Não existe;Não há placas;;Dupla;Não existe;;
202215045;01/07/2022;;COM VÍTIMA;FINALIZADA;TOTÓ;AV LIBERDADE;37A;;TOTÓ;;SUBURBIO;COLISÃO LATERAL;1;1;0;0;0;0;0;0;0;1;0;Longo da via;Bom;Não existe;Perfeito estado;Seca;Perfeito estado;Não existe;;;Dupla;Faixa contínua;;
202215054;01/07/2022;;COM VÍTIMA;FINALIZADA;IPUTINGA;AV CAXANGA;3372;;IPUTINGA;;SUBURBIO;COLISÃO TRANSVERSAL;1;1;0;0;0;0;0;0;0;2;0;Longo da via;Bom;Não existe;Perfeito estado;Seca;Perfeito estado;Não existe;Não há placas;;Dupla;Faixa seccionada;Canteiro central;
202215055;01/07/2022;;COM VÍTIMA;FINALIZADA;ENCRUZILHADA;RUA DONA ELVIRA;;RUA DA CORAGEM;ENCRUZILHADA;;CIDADE;COLISÃO TRANSVERSAL;1;1;0;0;0;0;0;0;0;2;0;Cruzamento;Bom;Não existe;Perfeito estado;Seca;Perfeito estado;Faixa de retenção;"Placas ""Pare""";;Dupla;Não existe;;
202215056;01/07/2022;;COM VÍTIMA;FINALIZADA;IMBIRIBEIRA;AV GENERAL MAC ARTHUR;;AV DOM JOAO VI;IMBIRIBEIRA;;SUBURBIO;COLISÃO COM CICLISTA;1;0;0;1;0;0;0;0;0;1;0;Esquina;Bom;Não existe;Perfeito estado;Seca;Perfeito estado;Não existe;"Placas ""Pare""";;Única;Faixa seccionada;;