Protocolo;data;hora;natureza;situacao;bairro;endereco;numero;detalhe_endereco_acidente;bairro_cruzamento;num_semaforo;sentido_via;tipo;auto;moto;ciclom;ciclista;pedestre;onibus;caminhao;viatura;outros;vitimas;vitimasfatais;acidente_verificado;tempo_clima;situacao_semaforo;sinalizacao;condicao_via;conservacao_via;ponto_controle;situacao_placa;velocidade_max_via;mao_direcao;divisao_via1;divisao_via2;divisao_via3
202215075;02/07/2022;;SEM VÍTIMA;FINALIZADA;DOIS UNIDOS;AV HILDEBRANDO DE VASCONCELOS;;;DOIS UNIDOS;;;CAPOTAMENTO;1;0;0;0;0;0;0;0;0;0;0;;;;;;;;;;;;;
202215092;02/07/2022;;COM VÍTIMA;FINALIZADA;ESTÂNCIA;AV RECIFE;5705;RUA LAURA BANDEIRA DE MELO;ESTÂNCIA;705;;COLISÃO LATERAL;1;1;0;0;0;0;0;0;0;1;0;;;;;;;;;;;;;
202215122;02/07/2022;;COM VÍTIMA;FINALIZADA;VÁRZEA;AV CAXANGA;;;VÁRZEA;;CIDADE;COLISÃO TRASEIRA;2;0;0;0;0;0;0;0;0;1;0;Ponte;Nublado;Não existe;Perfeito estado;Molhada;Perfeito estado;Não existe;Não há placas;;Dupla;Canteiro central;;
202215194;03/07/2022;;SEM VÍTIMA;FINALIZADA;CASA AMARELA;EST DO ARRAIAL;3087;1TR ARNOLDO MAGALHAES;CASA AMARELA;;SUBURBIO;CHOQUE;1;1;0;0;0;0;0;1;0;0;0;Longo da via;Chuvoso;Não existe;Perfeito estado;Molhada;Perfeito estado;Não existe;Não há placas;;Única;Não existe;;
202215209;04/07/2022;;COM VÍTIMA;FINALIZADA;BONGI;AV GENERAL SAN MARTIN;1083;;BONGI;;SUBURBIO;COLISÃO FRONTAL;1;0;0;0;0;0;1;0;0;1;0;Longo da via;Chuvoso;Não existe;Perfeito estado;Molhada;Perfeito estado;Não existe;R-6a;;Dupla;Faixa contínua;;
202215222;04/07/2022;;COM VÍTIMA;FINALIZADA;BOA VIAGEM;AV BOA VIAGEM;;AV ARMINDO MOURA;BOA VIAGEM;84;;COLISÃO TRASEIRA;1;1;0;0;0;0;0;0;0;1;0;;;;;;;;;;;;;
202215227;04/07/2022;;SEM VÍTIMA;FINALIZADA;DOIS UNIDOS;AV HILDEBRANDO DE VASCONCELOS;;;DOIS UNIDOS;;SUBURBIO;CAPOTAMENTO;1;0;0;0;0;0;0;0;0;0;0;Longo da via;Chuvoso;Não existe;Incompleta;Molhada;Perfeito estado;Não existe;;;Dupla;Não existe;;
202215230;04/07/2022;;COM VÍTIMA;FINALIZADA;IPSEP;RUA JEAN EMILE FAVRE;;RUA PAMPULHA;IPSEP;564;SUBURBIO;COLISÃO TRANSVERSAL;1;1;0;0;0;0;0;0;0;1;0;Cruzamento;Chuvoso;Sem defeito;Perfeito estado;Molhada;;Faixa de pedestre;R-4a;40 km/h;Dupla;Faixa contínua;;
202215250;04/07/2022;;COM VÍTIMA;FINALIZADA;GUABIRABA;AV VEREADOR OTACILIO AZEVEDO;30;;GUABIRABA;;;COLISÃO LATERAL;1;1;0;0;0;0;0;0;0;1;0;;;;;;;;;;;;;
202215292;05/07/2022;;SEM VÍTIMA;FINALIZADA;ENCRUZILHADA;AV BEBERIBE;484;RUA PROFESSOR JERONIMO GUEIROS;ENCRUZILHADA;;CIDADE;CHOQUE;0;0;0;0;0;0;0;1;0;0;0;Longo da via;Chuvoso;Sem defeito;Perfeito estado;Molhada;Perfeito estado;Outros;Outras;;Dupla;Faixa contínua;;
202215303;05/07/2022;;SEM VÍTIMA;FINALIZADA;SANTO AMARO;AV GOVERNADOR AGAMENON MAGALHAES;;;SANTO AMARO;;CIDADE;;0;1;0;0;0;0;0;1;0;0;0;Longo da via;Bom;Não existe;Perfeito estado;Seca;Perfeito estado;Não existe;Não há placas;60 km/h;Única;Não existe;;
202215304;05/07/2022;;VÍTIMA FATAL;FINALIZADA;IPUTINGA;AV CAXANGA;;;IPUTINGA;269;SUBURBIO;ATROPELAMENTO DE PESSOA;0;0;0;0;1;0;1;0;0;0;1;Longo da via;Bom;Sem defeito;Perfeito estado;Seca;Perfeito estado;Faixa de pedestre;Não há placas;60 km/h;Dupla;Canteiro central;Outros;
202215323;05/07/2022;;COM VÍTIMA;FINALIZADA;SAN MARTIN;AV GENERAL SAN MARTIN;1864;;SAN MARTIN;;CIDADE;COLISÃO LATERAL;1;1;0;0;0;0;0;0;0;1;0;Longo da via;Bom;Não existe;Perfeito estado;Seca;Perfeito estado;Não existe;Não há placas;40 km/h;Dupla;Faixa contínua;;
202215325;05/07/2022;;SEM VÍTIMA;FINALIZADA;JAQUEIRA;AV RUI BARBOSA;;;JAQUEIRA;;CIDADE;COLISÃO TRASEIRA;1;0;0;0;0;0;0;1;0;0;0;Longo da via;Bom;Não existe;Perfeito estado;Seca;Perfeito estado;Não existe;Não há placas;;Única;Não existe;;
202215329;05/07/2022;;COM VÍTIMA;CANCELADA;APIPUCOS;RUA DE APIPUCOS;355;;APIPUCOS;;;COLISÃO LATERAL;1;1;0;0;0;0;0;0;0;1;0;;;;;;;;;;;;;
202215342;05/07/2022;;COM VÍTIMA;FINALIZADA;IMBIRIBEIRA;AV MARECHAL MASCARENHAS DE MORAES;4223;;IMBIRIBEIRA;;CIDADE;COLISÃO TRASEIRA;1;1;0;0;0;0;0;0;0;1;0;Longo da via;Bom;Não existe;Perfeito estado;Seca;Perfeito estado;Não existe;Não há placas;;Única;Faixa seccionada;;
202215349;05/07/2022;;COM VÍTIMA;FINALIZADA;IMBIRIBEIRA;RUA ITACARI;162;RUA ITAJAI;IMBIRIBEIRA;;SUBURBIO;COLISÃO TRANSVERSAL;2;1;0;0;0;0;0;0;0;1;0;Cruzamento;Bom;Não existe;Perfeito estado;Seca;Perfeito estado;Faixa de pedestre;"Placas ""Pare""";;Única;Faixa seccionada;;
202215354;05/07/2022;;COM VÍTIMA;FINALIZADA;ROSARINHO;AV NORTE MIGUEL ARRAES DE ALENCAR;;AV SANTOS DUMONT;ROSARINHO;81;CIDADE;ATROPELAMENTO DE PESSOA;0;1;0;0;1;0;0;0;0;2;0;Longo da via;Bom;Sem defeito;Perfeito estado;Seca;Perfeito estado;Faixa de pedestre;Outras;;Dupla;Canteiro central;;
202215360;05/07/2022;;COM VÍTIMA;FINALIZADA;CORDEIRO;AV GENERAL SAN MARTIN;;;CORDEIRO;;;COLISÃO LATERAL;1;1;0;0;0;0;0;0;0;1;0;;;;;;;;;;;;;
202215361;05/07/2022;;COM VÍTIMA;FINALIZADA;AFOGADOS;RUA CARLOS PENA FILHO;1136;RUA SAO MIGUEL;AFOGADOS;;SUBURBIO;COLISÃO LATERAL;1;1;0;0;0;0;0;0;0;1;0;Cruzamento;Chuvoso;Não existe;Incompleta;Molhada;Mal conservada;Não existe;Não há placas;60 km/h;Dupla;Não existe;;
202215368;05/07/2022;;SEM VÍTIMA;FINALIZADA;ESTÂNCIA;AV RECIFE;5630;;ESTÂNCIA;;;COLISÃO TRASEIRA;1;0;0;0;0;0;1;0;0;0;0;Longo da via;Chuvoso;Sem defeito;Perfeito estado;Seca;Perfeito estado;;Não há placas;50 km/h;Dupla;Faixa contínua;;
202215370;05/07/2022;;COM VÍTIMA;FINALIZADA;PARNAMIRIM;AV DEZESSETE DE AGOSTO;372;AV FLOR DE SANTANA;PARNAMIRIM;614;SUBURBIO;COLISÃO TRANSVERSAL;1;1;0;0;0;0;0;0;0;1;0;Cruzamento;Chuvoso;Sem defeito;Perfeito estado;Molhada;Perfeito estado;Faixa de pedestre;Outras;;Dupla;Faixa contínua;;
202215371;05/07/2022;;COM VÍTIMA;FINALIZADA;ARRUDA;AV PROFESSOR JOSE DOS ANJOS;;AV BEBERIBE;ARRUDA;131;CIDADE;COLISÃO LATERAL;1;0;0;0;0;0;1;0;0;1;0;Cruzamento;Chuvoso;Sem defeito;Perfeito estado;Molhada;Perfeito estado;Faixa de pedestre;Outras;;Dupla;Faixa contínua;;
202215373;05/07/2022;;COM VÍTIMA;FINALIZADA;DOIS UNIDOS;AV HILDEBRANDO DE VASCONCELOS;781;;DOIS UNIDOS;;CIDADE;COLISÃO LATERAL;1;1;0;0;0;1;0;0;0;1;0;Longo da via;Chuvoso;Não existe;Não existente;Molhada;Perfeito estado;Não existe;Não há placas;;Dupla;Não existe;;
202215403;06/07/2022;;COM VÍTIMA;FINALIZADA;SANTO AMARO;AV GOVERNADOR AGAMENON MAGALHAES;;AV DR JAYME DA FONTE;SANTO AMARO;49;SUBURBIO;COLISÃO TRASEIRA;1;1;0;0;0;0;0;0;0;1;0;Cruzamento;Bom;Sem defeito;Perfeito estado;Seca;Perfeito estado;Faixa de pedestre;Não há placas;60 km/h;Dupla;Faixa seccionada;;
202215409;06/07/2022;;SEM VÍTIMA;FINALIZADA;SANTO ANTÔNIO;RUA FLORIANO PEIXOTO;;;SANTO ANTÔNIO;;CIDADE;COLISÃO TRASEIRA;1;0;0;0;0;0;0;1;0;0;0;Longo da via;Bom;Não existe;Não existente;Seca;Perfeito estado;Não existe;Outras;;Única;Não existe;;
202215438;06/07/2022;;COM VÍTIMA;FINALIZADA;IPUTINGA;AV MAURICIO DE NASSAU;268;;IPUTINGA;;;COLISÃO TRANSVERSAL;1;1;0;0;0;0;0;0;0;1;0;Cruzamento;Bom;Não existe;Ilegível;Seca;Perfeito estado;Não existe;R-6a;;Dupla;Outros;;
202215445;06/07/2022;;SEM VÍTIMA;FINALIZADA;BOA VISTA;AV GOVERNADOR AGAMENON MAGALHAES;;RUA JOAO FERNANDES VIEIRA;BOA VISTA;37;;;1;0;0;0;0;0;0;1;0;0;0;Cruzamento;Bom;Sem defeito;Perfeito estado;Seca;Perfeito estado;Agente;Não há placas;60 km/h;Dupla;Canteiro central;;
202215447;06/07/2022;;COM VÍTIMA;FINALIZADA;DERBY;AV GOVERNADOR AGAMENON MAGALHAES;1160;AV RUI BARBOSA;DERBY;37;SUBURBIO;QUEDA;0;1;0;0;0;0;0;0;0;1;0;Longo da via;Bom;Sem defeito;Perfeito estado;Seca;Perfeito estado;Faixa de pedestre;Outras;60 km/h;Única;Canteiro central;;
202215451;06/07/2022;;COM VÍTIMA;FINALIZADA;BOA VISTA;RUA DA AURORA;1301;;BOA VISTA;;;ATROPELAMENTO DE PESSOA;1;0;0;0;1;0;0;0;0;1;0;Longo da via;Bom;Não existe;Perfeito estado;Seca;Perfeito estado;Não existe;Não há placas;;Dupla;Canteiro central;;
202215472;07/07/2022;;SEM VÍTIMA;CANCELADA;CIDADE UNIVERSITÁRIA;AV CAXANGA;;RUA GENERAL POLIDORO;CIDADE UNIVERSITÁRIA;608;;COLISÃO TRANSVERSAL;2;0;0;0;0;0;0;0;0;0;0;;;;;;;;;;;;;
202215475;07/07/2022;;COM VÍTIMA;FINALIZADA;BOA VIAGEM;RUA VISCONDE DE JEQUITINHONHA;;RUA CAPITAO ZUZINHA;BOA VIAGEM;433;;COLISÃO COM CICLISTA;0;0;0;1;0;1;0;0;0;1;0;Cruzamento;Bom;Sem defeito;Perfeito estado;Seca;Perfeito estado;;Outras;;;;;
202215483;07/07/2022;;COM VÍTIMA;FINALIZADA;SÃO JOSÉ;C SANTA RITA;595;;SÃO JOSÉ;;SUBURBIO;COLISÃO LATERAL;1;1;0;0;0;0;0;0;0;1;0;Longo da via;Chuvoso;Não existe;Não existente;Molhada;Perfeito estado;Não existe;Não há placas;60 km/h;Única;Faixa seccionada;;
202215485;07/07/2022;;COM VÍTIMA;FINALIZADA;CASA AMARELA;AV NORTE MIGUEL ARRAES DE ALENCAR;270;;CASA AMARELA;95;CIDADE;ATROPELAMENTO DE PESSOA;0;1;0;0;1;0;0;0;0;2;0;Longo da via;Chuvoso;Sem defeito;Perfeito estado;Molhada;Perfeito estado;Faixa de pedestre;R-6a;;Dupla;Faixa seccionada;;
202215506;07/07/2022;;SEM VÍTIMA;FINALIZADA;JORDÃO;AV DONA CARENTINA;;;JORDÃO;;SUBURBIO;COLISÃO TRASEIRA;3;0;0;0;0;0;0;0;0;0;0;Longo da via;Bom;Não existe;Não existente;Seca;Perfeito estado;Não existe;Não há placas;;Dupla;Não existe;;
202215515;07/07/2022;;COM VÍTIMA;CANCELADA;SANTO ANTÔNIO;AV DANTAS BARRETO;;;SANTO ANTÔNIO;;;COLISÃO LATERAL;1;1;0;0;0;0;0;0;0;1;0;;;;;;;;;;;;;
202215553;07/07/2022;;COM VÍTIMA;FINALIZADA;BOA VIAGEM;RUA BARAO DE SOUZA LEAO;1000;RUA ALMIRANTE TAMANDARE;BOA VIAGEM;;SUBURBIO;COLISÃO LATERAL;1;1;0;0;0;0;0;0;0;1;0;Esquina;Bom;Não existe;Perfeito estado;Seca;Perfeito estado;Não existe;Não há placas;;Única;Faixa seccionada;;
202215554;07/07/2022;;SEM VÍTIMA;FINALIZADA;BAIRRO DO RECIFE;AV ALFREDO LISBOA;;;BAIRRO DO RECIFE;;SUBURBIO;CHOQUE;1;0;0;0;0;0;0;0;0;0;0;Longo da via;Chuvoso;Não existe;Perfeito estado;Molhada;Perfeito estado;Não existe;R-6a;;Única;Faixa seccionada;;
202215571;08/07/2022;;COM VÍTIMA;CANCELADA;PRADO;RUA CARLOS GOMES;481;;PRADO;;;COLISÃO FRONTAL;1;1;0;0;0;0;0;0;0;1;0;;;;;;;;;;;;;
202215573;08/07/2022;;SEM VÍTIMA;FINALIZADA;GRAÇAS;RUA ANTONIO NOVAIS;241;RUA SOUZA DE ANDRADE;GRAÇAS;;SUBURBIO;;0;0;0;0;0;0;1;0;0;0;0;Cruzamento;Bom;Não existe;Perfeito estado;Seca;Perfeito estado;Não existe;;;Única;Não existe;;
202215575;08/07/2022;;COM VÍTIMA;FINALIZADA;MADALENA;RUA DEMOCRITO DE SOUZA FILHO;17;RUA BARTOLOMEU DE GUSMAO;MADALENA;;CIDADE;COLISÃO TRANSVERSAL;1;1;0;0;0;0;0;0;0;2;0;Cruzamento;Bom;Não existe;Perfeito estado;Seca;Perfeito estado;Não existe;Não há placas;;Única;Faixa seccionada;;
202215596;08/07/2022;;COM VÍTIMA;FINALIZADA;ÁGUA FRIA;RUA SAO SEBASTIAO;1312;RUA JULIO JOSE DE SOUZA;ÁGUA FRIA;;;CHOQUE;0;0;0;0;0;0;1;0;0;2;0;Longo da via;Chuvoso;Não existe;Não existente;Molhada;Perfeito estado;Não existe;Não há placas;;Dupla;Não existe;;
202215611;08/07/2022;;COM VÍTIMA;FINALIZADA;IPUTINGA;EST DO BARBALHO;532;;IPUTINGA;;CIDADE;COLISÃO COM CICLISTA;0;1;0;1;0;0;0;0;0;1;0;Longo da via;Bom;Não existe;Incompleta;Seca;Perfeito estado;Não existe;Não há placas;;Única;Não existe;;
202215629;08/07/2022;;COM VÍTIMA;FINALIZADA;SÃO JOSÉ;AV SUL;585;;SÃO JOSÉ;;CIDADE;CHOQUE;0;1;0;0;0;0;0;0;1;2;0;Longo da via;Bom;Não existe;Perfeito estado;Seca;Perfeito estado;Não existe;Não há placas;;Única;Faixa seccionada;;
202215642;08/07/2022;;COM VÍTIMA;FINALIZADA;CAMPO GRANDE;RUA PROFESSOR FRANCISCO DA TRINDADE;480;RUA CATULO DA PAIXAO CEARENSE;CAMPO GRANDE;;SUBURBIO;COLISÃO TRANSVERSAL;2;0;0;0;0;0;0;0;0;1;0;Cruzamento;Bom;Não existe;Perfeito estado;Seca;Perfeito estado;Faixa de pedestre;;;Dupla;Faixa seccionada;;
202215646;08/07/2022;;COM VÍTIMA;CANCELADA;LINHA DO TIRO;AV VEREADOR OTACILIO AZEVEDO;;;LINHA DO TIRO;;;COLISÃO COM CICLISTA;0;0;0;0;0;0;0;0;0;1;0;;;;;;;;;;;;;
202215650;08/07/2022;;COM VÍTIMA;FINALIZADA;DOIS IRMÃOS;RUA MANUEL DE MEDEIROS;;;DOIS IRMÃOS;588;;COLISÃO LATERAL;1;1;0;0;0;0;0;0;0;2;0;Longo da via;Bom;Sem defeito;Perfeito estado;Seca;Perfeito estado;Não existe;Não há placas;40 km/h;Dupla;Faixa contínua;;
202215658;08/07/2022;;COM VÍTIMA;FINALIZADA;AFOGADOS;RUA SAO MIGUEL;;EST DOS REMEDIOS;AFOGADOS;53;SUBURBIO;COLISÃO TRANSVERSAL;0;0;1;0;0;1;0;0;0;2;0;Cruzamento;Bom;Sem defeito;Perfeito estado;Seca;Perfeito estado;Faixa de pedestre;Outras;;Única;Não existe;;
202215665;09/07/2022;;COM VÍTIMA;FINALIZADA;CASA AMARELA;AV NORTE MIGUEL ARRAES DE ALENCAR;;;CASA AMARELA;95;SUBURBIO;COLISÃO TRASEIRA;2;1;0;0;0;0;0;0;0;4;0;Longo da via;Bom;Sem defeito;Perfeito estado;Seca;Perfeito estado;Faixa de pedestre;R-6a;;Dupla;Canteiro central;;
202215689;09/07/2022;;COM VÍTIMA;FINALIZADA;CASA AMARELA;EST DAS UBAIAS;;RUA CONS NABUCO;CASA AMARELA;655;;QUEDA;1;1;0;0;0;0;0;0;0;1;0;;;;;;;;;;;;;
202215737;10/07/2022;;COM VÍTIMA;FINALIZADA;NOVA DESCOBERTA;RUA NOVA DESCOBERTA;;;NOVA DESCOBERTA;;;COLISÃO LATERAL;0;1;0;0;0;1;0;0;0;1;0;;;;;;;;;;;;;
202215746;10/07/2022;;COM VÍTIMA;FINALIZADA;AFOGADOS;RUA COSME VIANA;180;RUA DR ADELINO;AFOGADOS;426;SUBURBIO;COLISÃO LATERAL;0;2;0;0;0;0;0;0;0;1;0;Cruzamento;Bom;Sem defeito;Perfeito estado;Seca;Perfeito estado;Não existe;Não há placas;;Única;Não existe;;
202215786;10/07/2022;;COM VÍTIMA;FINALIZADA;CASA AMARELA;EST DO ARRAIAL;3310;RUA BELA VISTA;CASA AMARELA;;SUBURBIO;COLISÃO LATERAL;0;1;1;0;0;0;0;0;0;1;0;Esquina;Bom;Não existe;Não existente;Seca;Perfeito estado;Não existe;Não há placas;;Única;Faixa seccionada;;
202215793;11/07/2022;;COM VÍTIMA;FINALIZADA;IPUTINGA;AV PROFESSOR JOAQUIM CAVALCANTI;;;IPUTINGA;;SUBURBIO;CHOQUE;1;0;0;0;0;0;0;0;0;3;0;Outros;Chuvoso;Não existe;Incompleta;Molhada;Perfeito estado;Não existe;Não há placas;;Dupla;Canteiro central;;
202215805;11/07/2022;;COM VÍTIMA;FINALIZADA;DERBY;AV GOVERNADOR AGAMENON MAGALHAES;;;DERBY;650;;COLISÃO TRASEIRA;0;2;0;0;0;0;0;0;0;2;0;Longo da via;Bom;Sem defeito;;Molhada;Perfeito estado;Outros;Não há placas;60 km/h;Única;Faixa seccionada;;
202215820;11/07/2022;;COM VÍTIMA;FINALIZADA;AFOGADOS;EST DOS REMEDIOS;1118;;AFOGADOS;;CIDADE;COLISÃO TRASEIRA;1;1;0;0;0;0;0;0;0;1;0;Longo da via;Bom;Não existe;Perfeito estado;Seca;Perfeito estado;Não existe;R-6a;;Única;Faixa contínua;Faixa seccionada;
202215823;11/07/2022;;COM VÍTIMA;FINALIZADA;PINA;AV ENGENHEIRO DOMINGOS FERREIRA;210;;PINA;;SUBURBIO;COLISÃO LATERAL;1;1;0;0;0;0;0;0;0;1;0;Longo da via;Bom;Não existe;Incompleta;Seca;Mal iluminada;Não existe;Não há placas;;Única;Não existe;;
202215894;12/07/2022;;COM VÍTIMA;FINALIZADA;AREIAS;RUA JOSE NATARIO;343;;AREIAS;;SUBURBIO;COLISÃO TRASEIRA;0;2;0;0;0;0;0;0;0;1;0;Longo da via;Bom;Não existe;Não existente;Seca;Perfeito estado;Não existe;Não há placas;;Dupla;Não existe;;
202215898;12/07/2022;;COM VÍTIMA;FINALIZADA;IMBIRIBEIRA;AV MARECHAL MASCARENHAS DE MORAES;;RUA JALISCO;IMBIRIBEIRA;290;CIDADE;COLISÃO TRASEIRA;1;1;0;0;0;0;0;0;0;1;0;Longo da via;Bom;Sem defeito;Perfeito estado;Seca;Perfeito estado;Faixa de retenção;Outras;;Dupla;Canteiro central;;
202215906;12/07/2022;;COM VÍTIMA;FINALIZADA;TEJIPIÓ;AV DR JOSE RUFINO;3385;;TEJIPIÓ;;CIDADE;COLISÃO TRASEIRA;1;1;0;0;0;0;0;0;0;1;0;Longo da via;Bom;Não existe;Ilegível;Seca;Perfeito estado;Não existe;Não há placas;;Dupla;Faixa contínua;;
202215934;13/07/2022;;COM VÍTIMA;FINALIZADA;DOIS UNIDOS;AV HILDEBRANDO DE VASCONCELOS;;RUA URIEL DE HOLANDA;DOIS UNIDOS;;SUBURBIO;COLISÃO FRONTAL;1;1;0;0;0;0;0;0;0;1;0;Cruzamento;Chuvoso;Não existe;Não existente;Molhada;Perfeito estado;Não existe;Não há placas;;Dupla;Não existe;;
202215939;13/07/2022;;COM VÍTIMA;FINALIZADA;PINA;AV HERCULANO BANDEIRA;543;;PINA;;SUBURBIO;COLISÃO TRASEIRA;1;1;0;0;0;0;0;0;0;1;0;Longo da via;Chuvoso;Não existe;Perfeito estado;Molhada;Perfeito estado;Não existe;R-6a;60 km/h;Única;Faixa seccionada;;
202215957;13/07/2022;;COM VÍTIMA;FINALIZADA;BOA VIAGEM;RUA WALDEMAR NERY CARNEIRO MONTEIRO;531;RUA SIDERAL;BOA VIAGEM;;SUBURBIO;COLISÃO LATERAL;2;1;0;0;0;0;0;0;0;1;0;Cruzamento;Bom;Não existe;Não existente;Seca;Perfeito estado;Não existe;Não há placas;;Dupla;Faixa contínua;;
202215960;13/07/2022;;SEM VÍTIMA;FINALIZADA;CABANGA;AV ENGENHEIRO JOSE ESTELITA;;;CABANGA;;CIDADE;;2;0;0;0;0;0;0;0;0;0;0;Longo da via;Bom;Não existe;Perfeito estado;Seca;Perfeito estado;Não existe;R-19;60 km/h;Dupla;Faixa seccionada;Canteiro central;
202215966;13/07/2022;;COM VÍTIMA;FINALIZADA;TORRE;AV BEIRA RIO;;RUA CONDE DE IRAJA;TORRE;630;SUBURBIO;COLISÃO TRANSVERSAL;1;1;0;0;0;0;0;0;0;1;0;Cruzamento;Bom;Sem defeito;Perfeito estado;Seca;Perfeito estado;Faixa de pedestre;Outras;;Dupla;Faixa contínua;;
202215976;13/07/2022;;COM VÍTIMA;FINALIZADA;ÁGUA FRIA;RUA DA REGENERACAO;898A;RUA DEZESSEIS DE JULHO;ÁGUA FRIA;;;COLISÃO FRONTAL;1;1;0;0;0;0;0;0;0;1;0;Longo da via;Bom;Não existe;Incompleta;Seca;Perfeito estado;Não existe;Não há placas;;Dupla;Não existe;;
202215986;13/07/2022;;COM VÍTIMA;CANCELADA;IBURA;RUA IBIARA;188;;IBURA;;;COLISÃO LATERAL;0;1;0;0;0;0;1;0;0;2;0;;;;;;;;;;;;;
202215993;13/07/2022;;COM VÍTIMA;FINALIZADA;BOA VIAGEM;AV ENGENHEIRO DOMINGOS FERREIRA;1274;;BOA VIAGEM;;;ATROPELAMENTO DE PESSOA;1;0;0;0;2;0;0;0;0;2;0;;;;;;;;;;;;;
202216004;13/07/2022;;COM VÍTIMA;FINALIZADA;CASA AMARELA;RUA PADRE LEMOS;;RUA DR TOME DIAS;CASA AMARELA;;SUBURBIO;COLISÃO TRASEIRA;1;1;0;0;0;0;0;0;0;1;0;Longo da via;Bom;Não existe;Perfeito estado;Seca;Perfeito estado;Não existe;Outras;;Dupla;;;
202216007;13/07/2022;;SEM VÍTIMA;CANCELADA;AREIAS;AV IZABEL DE GOES;407;;AREIAS;;;COLISÃO LATERAL;0;0;0;0;0;0;0;0;0;0;0;;;;;;;;;;;;;
202216008;13/07/2022;;SEM VÍTIMA;FINALIZADA;;RUA JOAO FERNANDES VIEIRA;;PRC PARQUE AMORIM;;173;SUBURBIO;;1;0;0;0;0;1;0;0;0;0;0;Longo da via;Bom;Sem defeito;Perfeito estado;Seca;Perfeito estado;Faixa de pedestre;;;Única;Faixa seccionada;;
202216012;14/07/2022;;COM VÍTIMA;FINALIZADA;IMBIRIBEIRA;RUA ARQUITETO LUIZ NUNES;438;RUA ARQUITETO FERNANDO ALMEIDA;IMBIRIBEIRA;;SUBURBIO;COLISÃO LATERAL;1;1;0;0;0;0;0;0;0;1;0;Cruzamento;Chuvoso;Não existe;Perfeito estado;Molhada;Perfeito estado;Não existe;Não há placas;;Única;Faixa seccionada;;
202216036;14/07/2022;;COM VÍTIMA;FINALIZADA;IPSEP;AV SENADOR ROBERT KENNEDY;350;RUA CONDESSA DE BARRAL;IPSEP;;SUBURBIO;COLISÃO FRONTAL;1;1;0;0;0;0;0;0;0;1;0;Cruzamento;Bom;Não existe;Não existente;Seca;Perfeito estado;Não existe;Não há placas;;Dupla;Faixa seccionada;;
202216049;14/07/2022;;COM VÍTIMA;FINALIZADA;AREIAS;AV SALDANHA MARINHO;652;AV RECIFE;AREIAS;;SUBURBIO;COLISÃO LATERAL;1;1;0;0;0;0;0;0;0;2;0;;;;;;;;;;;;;
202216058;14/07/2022;;SEM VÍTIMA;FINALIZADA;AFOGADOS;RUA SAO MIGUEL;;;AFOGADOS;423;;COLISÃO LATERAL;2;0;0;0;0;0;0;0;0;0;0;Longo da via;Bom;Não existe;Perfeito estado;Seca;Perfeito estado;Não existe;Não há placas;;Dupla;Faixa contínua;;
202216071;14/07/2022;;SEM VÍTIMA;FINALIZADA;IPSEP;AV SENADOR ROBERT KENNEDY;;RUA RIO OCEANICO;IPSEP;;;COLISÃO FRONTAL;1;0;0;0;0;0;1;0;0;0;0;;;;;;;;;;;;;
202216073;14/07/2022;;COM VÍTIMA;FINALIZADA;ILHA DO LEITE;RUA FRANCISCO ALVES;;RUA CAPITAO JOSE DA LUZ;ILHA DO LEITE;107;;COLISÃO FRONTAL;1;1;0;0;0;0;0;0;0;1;0;Cruzamento;Bom;Não existe;Perfeito estado;Seca;Perfeito estado;Faixa de retenção;"Placas ""Pare""";;Dupla;Faixa contínua;;
202216079;14/07/2022;;COM VÍTIMA;FINALIZADA;VASCO DA GAMA;RUA ALTO DO EUCALIPTO;283;;VASCO DA GAMA;;;COLISÃO LATERAL;0;2;0;0;0;0;0;0;0;2;0;Longo da via;Bom;Não existe;Perfeito estado;Seca;Perfeito estado;Não existe;;30 km/h;Dupla;Não existe;;
202216158;15/07/2022;;COM VÍTIMA;FINALIZADA;IPSEP;RUA ITACARI;162;RUA ITAJAI;IPSEP;;;COLISÃO FRONTAL;2;0;0;0;0;0;0;0;0;1;0;Cruzamento;Bom;Não existe;Perfeito estado;Seca;Perfeito estado;Faixa de pedestre;"Placas ""Pare""";40 km/h;Única;Faixa contínua;;
202216172;15/07/2022;;COM VÍTIMA;CANCELADA;BOA VIAGEM;RUA VISCONDE DE JEQUITINHONHA;1140;;BOA VIAGEM;;;COLISÃO TRASEIRA;1;1;0;0;0;0;0;0;0;1;0;;;;;;;;;;;;;
202216180;15/07/2022;;SEM VÍTIMA;FINALIZADA;TORRÕES;RUA GURUPI;80;;TORRÕES;;;COLISÃO LATERAL;0;0;0;0;0;0;0;0;0;0;0;Longo da via;Bom;Não existe;Não existente;Seca;Perfeito estado;Não existe;Não há placas;;Dupla;Não existe;;