Protocolo;data;hora;natureza;situacao;bairro;endereco;numero;detalhe_endereco_acidente;bairro_cruzamento;num_semaforo;sentido_via;tipo;auto;moto;ciclom;ciclista;pedestre;onibus;caminhao;viatura;outros;vitimas;vitimasfatais;acidente_verificado;tempo_clima;situacao_semaforo;sinalizacao;condicao_via;conservacao_via;ponto_controle;situacao_placa;velocidade_max_via;mao_direcao;divisao_via1;divisao_via2;divisao_via3
202216186;15/07/2022;;COM VÍTIMA;FINALIZADA;IPUTINGA;AV CAXANGA;3275;;IPUTINGA;;;QUEDA;0;1;0;0;0;0;0;0;0;1;0;Longo da via;Bom;Não existe;Perfeito estado;Seca;Perfeito estado;Não existe;Não há placas;;Dupla;Canteiro central;;
202216190;15/07/2022;;COM VÍTIMA;FINALIZADA;SAN MARTIN;AV GENERAL SAN MARTIN;2489;;SAN MARTIN;;SUBURBIO;COLISÃO COM CICLISTA;1;0;0;1;0;0;0;0;0;1;0;Longo da via;Chuvoso;Não existe;Perfeito estado;Molhada;;;;;Dupla;Não existe;;
202216215;16/07/2022;;COM VÍTIMA;FINALIZADA;PINA;AV ANTONIO DE GOES;;;PINA;103;CIDADE;COLISÃO TRASEIRA;1;1;0;0;0;0;0;0;0;1;0;Outros;Chuvoso;Sem defeito;Perfeito estado;Molhada;Perfeito estado;Faixa de pedestre;;;Única;Faixa seccionada;;
202216251;16/07/2022;;COM VÍTIMA;FINALIZADA;GRAÇAS;RUA SAO SALVADOR;105;;GRAÇAS;;;COLISÃO LATERAL;1;1;0;0;0;0;0;0;0;1;0;Longo da via;Chuvoso;Não existe;;Molhada;Perfeito estado;;;;;;;
202216266;16/07/2022;;COM VÍTIMA;FINALIZADA;CAMPO GRANDE;RUA MARQUES DE ABRANTES;124;RUA PRUDENTE DE MORAES;CAMPO GRANDE;;CIDADE;COLISÃO TRANSVERSAL;1;1;0;0;0;0;0;0;0;1;0;Cruzamento;Chuvoso;Não existe;Perfeito estado;Molhada;Perfeito estado;Não existe;"Placas ""Pare""";;Dupla;Faixa seccionada;;
202216283;16/07/2022;;SEM VÍTIMA;FINALIZADA;ENGENHO DO MEIO;RUA PEDRO DA CUNHA ANDRADE;43;;ENGENHO DO MEIO;;;COLISÃO TRANSVERSAL;0;0;0;0;0;0;0;0;0;0;0;;;;;;;;;;;;;
202216286;16/07/2022;;SEM VÍTIMA;FINALIZADA;SAN MARTIN;RUA DR TELESPHORO FRAGOSO;1555;;SAN MARTIN;;;CHOQUE;3;0;0;0;0;0;0;0;0;0;0;;;;;;;;;;;;;
202216313;17/07/2022;;SEM VÍTIMA;FINALIZADA;SÃO JOSÉ;RUA FLORIANO PEIXOTO;;;SÃO JOSÉ;;;CHOQUE;0;0;0;0;0;1;0;0;0;0;0;;;;;;;;;;;;;
202216315;17/07/2022;;SEM VÍTIMA;CANCELADA;BRASÍLIA TEIMOSA;RUA DO JAU;;RUA ALAGOINHA;BRASÍLIA TEIMOSA;;;COLISÃO LATERAL;1;0;0;0;0;0;1;0;0;0;0;;;;;;;;;;;;;
202216339;17/07/2022;;COM VÍTIMA;FINALIZADA;MADALENA;AV ENGENHEIRO ABDIAS DE CARVALHO;;;MADALENA;;;COLISÃO TRANSVERSAL;0;1;0;0;0;0;0;0;0;1;0;;;;;;;;;;;;;
202216340;18/07/2022;;SEM VÍTIMA;FINALIZADA;NOVA DESCOBERTA;AV NORTE MIGUEL ARRAES DE ALENCAR;;RUA NOVA DESCOBERTA;NOVA DESCOBERTA;65;;COLISÃO TRASEIRA;2;0;0;0;0;0;0;0;0;0;0;;;;;;;;;;;;;
202216341;18/07/2022;;COM VÍTIMA;FINALIZADA;VÁRZEA;AV CAXANGA;;RUA GASTAO VIDIGAL;VÁRZEA;281;SUBURBIO;COLISÃO TRANSVERSAL;1;1;0;0;0;0;0;0;0;2;0;Cruzamento;Bom;Sem defeito;Perfeito estado;Seca;Perfeito estado;Faixa de pedestre;;;Dupla;;;
202216362;18/07/2022;;COM VÍTIMA;FINALIZADA;BOA VIAGEM;RUA PEDRO PAES MENDONCA;;AV FERNANDO SIMOES BARBOSA;BOA VIAGEM;544;SUBURBIO;COLISÃO TRASEIRA;1;1;0;0;0;0;0;0;0;1;0;Longo da via;Chuvoso;Sem defeito;Perfeito estado;Molhada;;Faixa de pedestre;;60 km/h;Única;;;
202216371;18/07/2022;;COM VÍTIMA;FINALIZADA;CORDEIRO;RUA SOUZA BANDEIRA;;AV CAXANGA;CORDEIRO;;SUBURBIO;COLISÃO TRANSVERSAL;1;1;0;0;0;0;0;0;0;1;0;Cruzamento;Chuvoso;Sem defeito;Perfeito estado;Molhada;Perfeito estado;Faixa de pedestre;Não há placas;60 km/h;Única;Faixa seccionada;;
202216392;18/07/2022;;SEM VÍTIMA;FINALIZADA;JARDIM SÃO PAULO;RUA OSORIO BORBA;;RUA ATOR ELPIDIO CAMARA;JARDIM SÃO PAULO;;;COLISÃO FRONTAL;1;0;0;0;0;0;0;1;0;0;0;Longo da via;Bom;Não existe;Não existente;Seca;Perfeito estado;Não existe;Outras;;Única;Não existe;;
202216399;18/07/2022;;COM VÍTIMA;CANCELADA;JARDIM SÃO PAULO;RUA EUZEBIO DE MATOS;663;AV PIRACICABA;JARDIM SÃO PAULO;;;COLISÃO LATERAL;1;0;0;0;0;0;1;0;0;1;0;;;;;;;;;;;;;
202216400;18/07/2022;;SEM VÍTIMA;FINALIZADA;BOA VISTA;AV GOVERNADOR AGAMENON MAGALHAES;;;BOA VISTA;;;COLISÃO LATERAL;1;0;0;0;0;1;0;0;0;0;0;Cruzamento;Bom;Sem defeito;Perfeito estado;Seca;Perfeito estado;Agente;Outras;60km/h;Dupla;Canteiro central;;
202216403;18/07/2022;;COM VÍTIMA;FINALIZADA;AFOGADOS;EST DOS REMEDIOS;;;AFOGADOS;;CIDADE;ATROPELAMENTO DE PESSOA;0;1;0;0;1;0;0;0;0;2;0;Longo da via;Bom;Não existe;Perfeito estado;Seca;Perfeito estado;Não existe;Outras;;Única;Faixa contínua;Faixa seccionada;
202216414;19/07/2022;;COM VÍTIMA;FINALIZADA;APIPUCOS;RUA DE APIPUCOS;1252;RUA CAETES;APIPUCOS;248;CIDADE;COLISÃO TRASEIRA;1;1;0;0;0;0;0;0;0;1;0;Longo da via;Bom;Sem defeito;Perfeito estado;Molhada;Perfeito estado;Não existe;Não há placas;;Dupla;Faixa contínua;;
202216421;19/07/2022;;COM VÍTIMA;FINALIZADA;IPSEP;AV RECIFE;2528;;IPSEP;;CIDADE;COLISÃO TRASEIRA;1;1;0;0;0;0;0;0;0;1;0;Longo da via;Bom;Não existe;Perfeito estado;Seca;Perfeito estado;Não existe;Não há placas;60 km/h;Dupla;Canteiro central;;
202216441;19/07/2022;;SEM VÍTIMA;FINALIZADA;BOA VISTA;PRC PARQUE AMORIM;;;BOA VISTA;;;COLISÃO LATERAL;2;0;0;0;0;0;0;0;0;0;0;Longo da via;Bom;Não existe;Perfeito estado;Seca;Perfeito estado;Não existe;Não há placas;;Única;Faixa seccionada;;
202216450;19/07/2022;;COM VÍTIMA;FINALIZADA;BONGI;AV CONSUL VILARES FRAGOSO;60;RUA DR JOAO COSTA;BONGI;;CIDADE;COLISÃO LATERAL;0;1;0;0;0;1;0;0;0;1;0;Cruzamento;Bom;Não existe;Incompleta;Seca;Perfeito estado;Não existe;Não há placas;;Dupla;Não existe;;
202216469;19/07/2022;;COM VÍTIMA;FINALIZADA;ESPINHEIRO;AV CONS ROSA E SILVA;;RUA AMELIA;ESPINHEIRO;46;SUBURBIO;COLISÃO COM CICLISTA;0;1;0;1;0;0;0;0;0;1;0;Cruzamento;Bom;Sem defeito;Perfeito estado;Seca;Perfeito estado;Faixa de pedestre;Outras;;Única;Faixa contínua;;
202216472;19/07/2022;;COM VÍTIMA;FINALIZADA;IBURA;AV DOIS RIOS;;;IBURA;;CIDADE;COLISÃO FRONTAL;1;1;0;0;0;0;0;0;0;1;0;Longo da via;Bom;Não existe;Não existente;Seca;Perfeito estado;Não existe;Não há placas;;Dupla;Não existe;;
202216483;20/07/2022;;COM VÍTIMA;FINALIZADA;SANTO ANTÔNIO;RUA FLORIANO PEIXOTO;;PRC JOAQUIM NABUCO;SANTO ANTÔNIO;;;COLISÃO COM CICLISTA;1;0;0;1;0;0;0;0;0;1;0;Cruzamento;Bom;Não existe;Ilegível;Seca;Mal conservada;Não existe;Não há placas;;Única;Faixa seccionada;;
202216484;20/07/2022;;SEM VÍTIMA;FINALIZADA;CAXANGÁ;AV CAXANGA;;;CAXANGÁ;;;COLISÃO LATERAL;0;1;0;0;0;0;0;1;0;0;0;Longo da via;Bom;Não existe;Perfeito estado;Seca;Perfeito estado;Não existe;;;Dupla;Canteiro central;;
202216487;20/07/2022;;COM VÍTIMA;FINALIZADA;IPSEP;AV RECIFE;3460;AV RAIMUNDO DINIZ;IPSEP;247;CIDADE;ATROPELAMENTO DE PESSOA;0;1;0;0;1;0;0;0;0;1;0;Longo da via;Bom;Sem defeito;Ilegível;Molhada;Perfeito estado;Outros;;60 km/h;Dupla;Canteiro central;;
202216493;20/07/2022;;COM VÍTIMA;FINALIZADA;BOA VIAGEM;RUA SA E SOUZA;381;RUA CAPITAO ZUZINHA;BOA VIAGEM;420;;ATROPELAMENTO DE PESSOA;0;0;0;0;1;1;0;0;0;1;0;Cruzamento;Bom;Sem defeito;Incompleta;Seca;Perfeito estado;Faixa de pedestre;Não há placas;;Única;Não existe;;
202216499;20/07/2022;;COM VÍTIMA;FINALIZADA;TORRÕES;AV ENGENHEIRO ABDIAS DE CARVALHO;240;RUA QUINZE DE MARCO;TORRÕES;422;CIDADE;COLISÃO TRASEIRA;1;2;0;0;0;0;1;0;0;2;0;Longo da via;Bom;Sem defeito;Perfeito estado;Seca;Perfeito estado;Agente;R-6a;;Dupla;Canteiro central;;
202216505;20/07/2022;;COM VÍTIMA;CANCELADA;IMBIRIBEIRA;AV MARECHAL MASCARENHAS DE MORAES;945;;IMBIRIBEIRA;;;COLISÃO LATERAL;1;1;0;0;0;0;0;0;0;1;0;;;;;;;;;;;;;
202216516;20/07/2022;;COM VÍTIMA;FINALIZADA;IPSEP;AV RECIFE;;AV DOM HELDER CAMARA;IPSEP;55;;COLISÃO COM CICLISTA;1;0;0;1;0;0;0;0;0;1;0;Cruzamento;Bom;Sem defeito;Perfeito estado;Seca;Perfeito estado;Agente;Outras;60 km/h;Dupla;Canteiro central;;
202216536;20/07/2022;;COM VÍTIMA;FINALIZADA;APIPUCOS;RUA DOIS IRMAOS;147;RUA DE APIPUCOS;APIPUCOS;;SUBURBIO;COLISÃO TRANSVERSAL;1;2;0;0;0;0;0;0;0;1;0;Longo da via;Chuvoso;Não existe;Perfeito estado;Molhada;Perfeito estado;Não existe;Outras;50 km/h;Dupla;Faixa contínua;;
202216537;20/07/2022;;COM VÍTIMA;FINALIZADA;IMBIRIBEIRA;RUA ANTONIO FALCAO;475;;IMBIRIBEIRA;402;;COLISÃO LATERAL;1;1;0;0;0;0;0;0;0;1;0;Longo da via;Chuvoso;Sem defeito;Perfeito estado;Molhada;Perfeito estado;Faixa de pedestre;Não há placas;;Única;Outros;;
202216554;21/07/2022;;VÍTIMA FATAL;FINALIZADA;MADALENA;AV CAXANGA;653;RUA JOSE OSORIO;MADALENA;489;CIDADE;CHOQUE;1;0;0;0;0;0;0;0;1;0;1;Longo da via;Chuvoso;Intermitente;Não existente;Molhada;Perfeito estado;Faixa de pedestre;Não há placas;60 km/h;;Canteiro central;;
202216582;21/07/2022;;COM VÍTIMA;FINALIZADA;SANTO AMARO;AV GOVERNADOR AGAMENON MAGALHAES;2714;;SANTO AMARO;;CIDADE;QUEDA;0;1;0;0;0;0;0;0;0;1;0;Longo da via;Chuvoso;Não existe;Perfeito estado;Molhada;Perfeito estado;Não existe;Não há placas;;Única;Faixa contínua;;
202216636;21/07/2022;;SEM VÍTIMA;FINALIZADA;CAMPO GRANDE;EST DE BELEM;1589;;CAMPO GRANDE;;;COLISÃO TRASEIRA;2;0;0;0;0;0;0;0;0;0;0;;;;;;;;;;;;;
202216680;22/07/2022;;COM VÍTIMA;FINALIZADA;BOA VIAGEM;RUA SA E SOUZA;1300;RUA BALTAZAR PASSOS;BOA VIAGEM;;;COLISÃO LATERAL;2;0;0;0;0;0;0;0;0;1;0;Cruzamento;Chuvoso;Não existe;Ilegível;Molhada;Perfeito estado;Faixa de pedestre;Não há placas;;Dupla;Faixa seccionada;;
202216681;22/07/2022;;COM VÍTIMA;FINALIZADA;BOA VIAGEM;AVENIDA CELSO FURTADO (VIA MANGUE);;RUA PROFESSOR EDUARDO WANDERLEY FILHO;BOA VIAGEM;;SUBURBIO;QUEDA;0;1;0;0;0;0;0;0;0;1;0;Longo da via;Chuvoso;Não existe;Perfeito estado;Molhada;Perfeito estado;Não existe;R-6a;60 km/h;Dupla;Canteiro central;;
202216691;22/07/2022;;COM VÍTIMA;FINALIZADA;IPSEP;RUA ITANAGE;;;IPSEP;;CIDADE;CHOQUE;0;1;0;0;0;0;0;0;0;2;0;Longo da via;Chuvoso;Não existe;Não existente;Molhada;Perfeito estado;Não existe;Não há placas;30 km/h;Dupla;Faixa seccionada;;
202216703;22/07/2022;;COM VÍTIMA;FINALIZADA;BOA VIAGEM;RUA PROF AURELIO DE CASTRO CAVALCANTI;651;AV VINTE DE JANEIRO;BOA VIAGEM;;;COLISÃO LATERAL;1;1;0;0;0;0;0;0;0;1;0;Cruzamento;Bom;Não existe;Não existente;Seca;Perfeito estado;Não existe;Não há placas;;Dupla;Não existe;;
202216724;22/07/2022;;COM VÍTIMA;FINALIZADA;ARRUDA;RUA DA REGENERACAO;852;;ARRUDA;;SUBURBIO;COLISÃO LATERAL;1;1;0;0;0;0;0;0;0;1;0;Longo da via;Bom;Não existe;Perfeito estado;Seca;Perfeito estado;Não existe;Não há placas;;Dupla;Não existe;;
202216741;22/07/2022;;COM VÍTIMA;CANCELADA;TEJIPIÓ;RUA QUEIRA DEUS;611;;TEJIPIÓ;;;COLISÃO FRONTAL;1;1;0;0;0;0;0;0;0;1;0;;;;;;;;;;;;;
202216745;22/07/2022;;SEM VÍTIMA;CANCELADA;GRAÇAS;AV RUI BARBOSA;199;RUA DAS CREOULAS;GRAÇAS;;;COLISÃO LATERAL;1;0;0;0;0;0;0;1;0;0;0;;;;;;;;;;;;;
202216764;23/07/2022;;COM VÍTIMA;FINALIZADA;SANTO AMARO;AV GOVERNADOR AGAMENON MAGALHAES;;;SANTO AMARO;465;SUBURBIO;COLISÃO COM CICLISTA;1;0;0;1;0;0;0;0;0;1;0;Cruzamento;Chuvoso;Intermitente;Perfeito estado;Molhada;Perfeito estado;Faixa de pedestre;Outras;60 km/h;Dupla;Canal;;
202216769;23/07/2022;;SEM VÍTIMA;FINALIZADA;VASCO DA GAMA;RUA RIO NOVO;394;;VASCO DA GAMA;;SUBURBIO;CHOQUE;2;0;0;0;0;0;0;0;0;0;0;Longo da via;Bom;Não existe;Perfeito estado;Molhada;Perfeito estado;Não existe;Não há placas;;Dupla;Faixa seccionada;;
202216772;23/07/2022;;COM VÍTIMA;FINALIZADA;BOA VISTA;RUA PRINCESA IZABEL;;RUA DA AURORA;BOA VISTA;22;CIDADE;COLISÃO FRONTAL;1;1;0;0;0;0;0;0;0;1;0;Cruzamento;Bom;Sem defeito;Perfeito estado;Seca;Perfeito estado;Não existe;Não há placas;60 km/h;Única;Faixa seccionada;;
202216800;23/07/2022;;COM VÍTIMA;FINALIZADA;SÃO JOSÉ;RUA TOBIAS BARRETO;;;SÃO JOSÉ;;SUBURBIO;ATROPELAMENTO DE PESSOA;1;0;0;0;1;0;0;0;0;1;0;Longo da via;Bom;Não existe;Incompleta;Seca;Perfeito estado;Outros;Outras;;Única;Não existe;;
202216815;23/07/2022;;COM VÍTIMA;FINALIZADA;TORRE;RUA JOSE BONIFACIO;;;TORRE;;SUBURBIO;ATROPELAMENTO DE PESSOA;1;0;0;0;1;0;0;0;0;1;0;Ponte;Bom;Não existe;Perfeito estado;Seca;Perfeito estado;;Não há placas;;Dupla;Canteiro central;;
202216817;23/07/2022;;COM VÍTIMA;FINALIZADA;IPSEP;RUA JEAN EMILE FAVRE;;1 TRV JUSTICA E PAZ;IPSEP;;CIDADE;COLISÃO LATERAL;1;1;0;0;0;0;0;0;0;1;0;Longo da via;Bom;Não existe;Perfeito estado;Seca;Perfeito estado;Não existe;R-6a;;Dupla;Faixa contínua;;
202216819;23/07/2022;;COM VÍTIMA;FINALIZADA;BRASÍLIA TEIMOSA;RUA DAS OFICINAS;;;BRASÍLIA TEIMOSA;;;COLISÃO TRASEIRA;0;0;0;0;0;0;0;0;0;1;0;;;;;;;;;;;;;
202216821;23/07/2022;;COM VÍTIMA;FINALIZADA;BOMBA DO HEMETÉRIO;RUA BOMBA DO HEMETERIO;763;;BOMBA DO HEMETÉRIO;;CIDADE;COLISÃO LATERAL;1;1;0;0;0;0;0;0;0;1;0;Longo da via;Bom;Não existe;Perfeito estado;Seca;Perfeito estado;Não existe;R-6a;;Dupla;Não existe;;
202216822;23/07/2022;;COM VÍTIMA;CANCELADA;BOA VIAGEM;AV ENGENHEIRO DOMINGOS FERREIRA;;RUA RIBEIRO DE BRITO;BOA VIAGEM;155;;COLISÃO LATERAL;0;0;0;0;0;0;0;0;0;1;0;;;;;;;;;;;;;
202216823;23/07/2022;;COM VÍTIMA;FINALIZADA;PRADO;RUA GERVASIO CAMPELO;25;RUA SANTA EDWIRGES;PRADO;;CIDADE;COLISÃO TRANSVERSAL;1;1;0;0;0;0;0;0;0;1;0;Cruzamento;Bom;Não existe;Perfeito estado;Molhada;Perfeito estado;Faixa de retenção;Outras;;Única;Faixa seccionada;;
202216855;24/07/2022;;COM VÍTIMA;CANCELADA;ESTÂNCIA;AV RECIFE;;;ESTÂNCIA;;;COLISÃO FRONTAL;0;2;0;0;0;0;0;0;0;1;0;;;;;;;;;;;;;
202216860;24/07/2022;;COM VÍTIMA;FINALIZADA;PINA;AV BOA VIAGEM;;;PINA;;CIDADE;COLISÃO LATERAL;1;1;0;0;0;0;0;0;0;1;0;Longo da via;Bom;Não existe;Perfeito estado;Seca;Perfeito estado;Não existe;R-6a;60 km/h;Única;Não existe;;
202216873;24/07/2022;;COM VÍTIMA;FINALIZADA;BOA VIAGEM;AV BOA VIAGEM;6526 B;;BOA VIAGEM;148;CIDADE;COLISÃO FRONTAL;1;1;0;0;0;0;0;0;0;2;0;Longo da via;Bom;Sem defeito;Perfeito estado;Seca;Perfeito estado;Faixa de pedestre;R-4a;;Única;Não existe;;
202216885;24/07/2022;;COM VÍTIMA;FINALIZADA;SÃO JOSÉ;RUA IMPERIAL;1222;RUA BOM SUCESSO;SÃO JOSÉ;;SUBURBIO;COLISÃO TRANSVERSAL;1;1;0;0;0;0;0;0;0;1;0;Cruzamento;Bom;Não existe;Incompleta;Seca;Perfeito estado;Não existe;Não há placas;;Única;Faixa seccionada;;
202216898;25/07/2022;;SEM VÍTIMA;CANCELADA;LINHA DO TIRO;RUA PROFESSOR JOSE AMARINO DOS REIS;338;;LINHA DO TIRO;;;CHOQUE;1;1;0;0;0;0;0;0;0;0;0;;;;;;;;;;;;;
202216900;25/07/2022;;COM VÍTIMA;FINALIZADA;IPSEP;RUA JEAN EMILE FAVRE;;RUA RIO AMAZONAS;IPSEP;527;;COLISÃO LATERAL;2;0;0;0;0;0;0;0;0;1;0;Cruzamento;Chuvoso;Sem defeito;Perfeito estado;Molhada;Perfeito estado;Faixa de pedestre;Outras;40 km/h;Dupla;Faixa contínua;;
202216921;25/07/2022;;COM VÍTIMA;FINALIZADA;SANTO AMARO;RUA JOAO LIRA;32;;SANTO AMARO;32;SUBURBIO;COLISÃO TRASEIRA;1;1;0;0;0;0;0;0;0;1;0;Longo da via;Bom;Sem defeito;Perfeito estado;Seca;Perfeito estado;Faixa de pedestre;Outras;;Única;Faixa contínua;Faixa seccionada;
202216935;25/07/2022;;COM VÍTIMA;FINALIZADA;IPSEP;RUA JEAN EMILE FAVRE;1338;RUA DR RAPOSO PINTO;IPSEP;;SUBURBIO;COLISÃO LATERAL;1;1;0;0;0;0;0;0;0;1;0;Longo da via;Bom;Não existe;Perfeito estado;Seca;Perfeito estado;Não existe;Outras;30 km/h;Dupla;Faixa contínua;Faixa seccionada;
202216946;25/07/2022;;COM VÍTIMA;FINALIZADA;CORDEIRO;AV CAXANGA;2271;;CORDEIRO;;SUBURBIO;ATROPELAMENTO DE PESSOA;0;1;0;0;1;0;0;0;0;1;0;Longo da via;Bom;Sem defeito;Perfeito estado;Seca;Perfeito estado;Não existe;Não há placas;;Dupla;Canteiro central;;
202216955;25/07/2022;;COM VÍTIMA;FINALIZADA;AREIAS;RUA AURORA CACOTE;281;AV CAPITAO GREGORIO DE CALDAS;AREIAS;;CIDADE;ATROPELAMENTO DE PESSOA;1;0;0;0;1;0;0;0;0;1;0;Longo da via;Bom;Não existe;Perfeito estado;Seca;Perfeito estado;Não existe;Não há placas;;Única;Não existe;;
202216957;25/07/2022;;COM VÍTIMA;FINALIZADA;GRAÇAS;RUA AMELIA;330;RUA JOAO RAMOS;GRAÇAS;177;CIDADE;COLISÃO COM CICLISTA;0;1;0;1;0;0;0;0;0;1;0;Cruzamento;Bom;Sem defeito;Perfeito estado;Seca;Perfeito estado;Faixa de pedestre;R-25d;;Única;Faixa seccionada;;
202216960;25/07/2022;;COM VÍTIMA;FINALIZADA;BOA VISTA;RUA PRINCESA IZABEL;;RUA DO HOSPICIO;BOA VISTA;;CIDADE;QUEDA;0;0;0;0;2;1;0;0;0;1;0;Longo da via;Bom;Sem defeito;Perfeito estado;Seca;Perfeito estado;Outros;Outras;;Única;Outros;;
202216990;26/07/2022;;COM VÍTIMA;FINALIZADA;BOA VIAGEM;AV ENGENHEIRO DOMINGOS FERREIRA;2209;;BOA VIAGEM;484;SUBURBIO;COLISÃO TRASEIRA;0;2;0;0;0;0;0;0;0;1;0;Longo da via;Bom;Sem defeito;Perfeito estado;Seca;Perfeito estado;Faixa de pedestre;R-6a;;Única;Canteiro central;;
202216991;26/07/2022;;COM VÍTIMA;FINALIZADA;ALTO DO MANDU;RUA JAGUARANA;123;;ALTO DO MANDU;;SUBURBIO;COLISÃO LATERAL;1;1;0;0;0;0;0;0;0;1;0;Longo da via;Bom;Não existe;Perfeito estado;Seca;Perfeito estado;Não existe;Outras;30 km/h;Dupla;Não existe;;
202217004;26/07/2022;;COM VÍTIMA;FINALIZADA;SANTO AMARO;AV VISCONDE DE SUASSUNA;505;;SANTO AMARO;624;SUBURBIO;ATROPELAMENTO DE PESSOA;1;0;0;0;1;0;0;0;0;1;0;Longo da via;Bom;Sem defeito;Perfeito estado;Seca;Perfeito estado;Faixa de pedestre;Não há placas;40 km/h;Única;Faixa seccionada;;
202217023;26/07/2022;;COM VÍTIMA;FINALIZADA;VÁRZEA;AV INACIO DE BARROS BARRETO;420;AV INACIO DE BARROS BARRETO;VÁRZEA;;;COLISÃO TRANSVERSAL;1;1;0;0;0;0;0;0;0;1;0;Esquina;Bom;Não existe;Perfeito estado;Seca;Perfeito estado;Não existe;Não há placas;;Dupla;Faixa seccionada;;
202217024;26/07/2022;;COM VÍTIMA;FINALIZADA;CASA FORTE;AV DEZESSETE DE AGOSTO;1161;;CASA FORTE;;SUBURBIO;COLISÃO LATERAL;0;1;0;0;0;0;0;0;1;1;0;Longo da via;;Não existe;Perfeito estado;Seca;Perfeito estado;Não existe;Outras;;Dupla;Faixa contínua;;
202217025;26/07/2022;;COM VÍTIMA;FINALIZADA;CORDEIRO;EST DO FORTE DO ARRAIAL N. DO B. JESUS;;RUA GOMES TABORDA;CORDEIRO;249;SUBURBIO;COLISÃO LATERAL;0;1;0;0;0;1;0;0;0;1;0;Esquina;Chuvoso;Sem defeito;Incompleta;Molhada;Perfeito estado;Faixa de pedestre;Não há placas;;Dupla;;;
202217026;26/07/2022;;COM VÍTIMA;CANCELADA;SANTO AMARO;RUA DO HOSPICIO;;;SANTO AMARO;;;COLISÃO LATERAL;1;1;0;0;0;0;0;0;0;1;0;;;;;;;;;;;;;
202217035;26/07/2022;;COM VÍTIMA;FINALIZADA;ROSARINHO;RUA TELES JUNIOR;;RUA CAPITAO SAMPAIO XAVIER;ROSARINHO;;SUBURBIO;QUEDA;0;1;0;0;0;0;0;0;0;1;0;Cruzamento;Nublado;Não existe;Incompleta;Molhada;Perfeito estado;Não existe;"Placas ""Pare""";30 km/h;Dupla;Não existe;;
202217036;26/07/2022;;COM VÍTIMA;FINALIZADA;CAMPO GRANDE;VDO PRESIDENTE MEDICI;;AV GOVERNADOR AGAMENON MAGALHAES;CAMPO GRANDE;;SUBURBIO;COLISÃO LATERAL;1;1;0;0;0;0;0;0;0;1;0;Viaduto;Chuvoso;Não existe;Incompleta;Molhada;Perfeito estado;Não existe;Não há placas;;Dupla;Blocos;;
202217046;26/07/2022;;COM VÍTIMA;FINALIZADA;BOA VIAGEM;RUA BARAO DE SOUZA LEAO;;RUA ARANA;BOA VIAGEM;;CIDADE;ATROPELAMENTO DE PESSOA;0;0;0;0;1;1;0;0;0;1;0;Esquina;Chuvoso;Sem defeito;Perfeito estado;Molhada;Perfeito estado;Não existe;"Placas ""Pare""";30 km/h;Única;;;
202217051;26/07/2022;;COM VÍTIMA;FINALIZADA;IBURA;RUA JORNALISTA EDSON REGIS;916;;IBURA;;CIDADE;COLISÃO TRANSVERSAL;1;1;0;0;0;0;0;0;0;1;0;Longo da via;Chuvoso;Não existe;Perfeito estado;Molhada;Perfeito estado;Não existe;Não há placas;30 km/h;Dupla;Não existe;;
202217071;27/07/2022;;COM VÍTIMA;FINALIZADA;MANGABEIRA;AV PROFESSOR JOSE DOS ANJOS;721;;MANGABEIRA;;CIDADE;COLISÃO TRASEIRA;1;1;0;0;0;0;0;0;0;1;0;Longo da via;Chuvoso;Não existe;Perfeito estado;Molhada;Perfeito estado;Faixa de pedestre;Outras;;Dupla;Faixa seccionada;Canteiro central;
202217077;27/07/2022;;COM VÍTIMA;FINALIZADA;PINA;AV ANTONIO DE GOES;;;PINA;538;CIDADE;QUEDA;0;1;0;0;0;0;0;0;0;2;0;Longo da via;Bom;Sem defeito;Perfeito estado;Seca;Perfeito estado;Outros;Outras;60 km/h;Única;Canteiro central;;
202217079;27/07/2022;;COM VÍTIMA;FINALIZADA;PRADO;RUA JOAO IVO DA SILVA;;AV ENGENHEIRO ABDIAS DE CARVALHO;PRADO;132;CIDADE;COLISÃO LATERAL;1;1;0;0;0;0;0;0;0;1;0;Cruzamento;Bom;Sem defeito;Perfeito estado;Seca;Perfeito estado;Não existe;R-6a;;Dupla;Canteiro central;;
202217080;27/07/2022;;SEM VÍTIMA;DUPLICIDADE;PRADO;AV ENGENHEIRO ABDIAS DE CARVALHO;;;PRADO;;CIDADE;COLISÃO TRASEIRA;1;0;0;0;0;0;0;0;0;0;0;;;;;;;;;;;;;
202217081;27/07/2022;;SEM VÍTIMA;FINALIZADA;PRADO;AV ENGENHEIRO ABDIAS DE CARVALHO;;;PRADO;327;CIDADE;COLISÃO TRASEIRA;2;0;0;0;0;0;0;0;0;0;0;;;;;;;;;;;;;