Protocolo;data;hora;natureza;situacao;bairro;endereco;numero;detalhe_endereco_acidente;bairro_cruzamento;num_semaforo;sentido_via;tipo;auto;moto;ciclom;ciclista;pedestre;onibus;caminhao;viatura;outros;vitimas;vitimasfatais;acidente_verificado;tempo_clima;situacao_semaforo;sinalizacao;condicao_via;conservacao_via;ponto_controle;situacao_placa;velocidade_max_via;mao_direcao;divisao_via1;divisao_via2;divisao_via3
202217083;27/07/2022;;COM VÍTIMA;FINALIZADA;CASA AMARELA;RUA PADRE LEMOS;805;;CASA AMARELA;;CIDADE;COLISÃO LATERAL;1;1;0;0;0;0;0;0;0;1;0;Longo da via;Bom;Sem defeito;Perfeito estado;Seca;Mal conservada;Não existe;Outras;;Dupla;Não existe;;
202217098;27/07/2022;;COM VÍTIMA;FINALIZADA;MANGABEIRA;RUA DA MANGABEIRA;;AV NORTE MIGUEL ARRAES DE ALENCAR;MANGABEIRA;96;;COLISÃO COM CICLISTA;1;0;0;1;0;0;0;0;0;1;0;Esquina;Bom;Sem defeito;Incompleta;Seca;Outros;Faixa de pedestre;Outras;;Dupla;Canteiro central;;
202217104;27/07/2022;;SEM VÍTIMA;FINALIZADA;AFOGADOS;RUA LUIZ PEREIRA DE FARIAS;44;RUA SAO MIGUEL;AFOGADOS;;;;2;0;0;0;0;0;0;0;0;0;0;;Bom;Não existe;Perfeito estado;Seca;Perfeito estado;Não existe;Não há placas;;Dupla;Não existe;;
202217107;27/07/2022;;COM VÍTIMA;FINALIZADA;AREIAS;AV DR JOSE RUFINO;308;RUA JOAO TEIXEIRA;AREIAS;82;CIDADE;COLISÃO LATERAL;0;1;0;0;0;1;0;0;0;1;0;Longo da via;Bom;Sem defeito;Ilegível;Seca;Mal conservada;Outros;Outras;;Dupla;Não existe;;
202217109;27/07/2022;;SEM VÍTIMA;FINALIZADA;SANTO AMARO;AV GOVERNADOR AGAMENON MAGALHAES;;;SANTO AMARO;108;CIDADE;;1;1;0;0;0;0;0;0;0;0;0;;Bom;Sem defeito;Perfeito estado;Seca;Perfeito estado;Faixa de pedestre;Outras;;Dupla;Faixa seccionada;Canteiro central;
202217110;27/07/2022;;SEM VÍTIMA;FINALIZADA;BOA VIAGEM;AV DOM JOAO VI;;;BOA VIAGEM;400;SUBURBIO;COLISÃO TRASEIRA;2;0;0;0;0;0;0;1;0;0;0;Longo da via;Chuvoso;Sem defeito;Perfeito estado;Molhada;Perfeito estado;Faixa de pedestre;Não há placas;;Única;Faixa contínua;;
202217112;27/07/2022;;COM VÍTIMA;FINALIZADA;CASA FORTE;AV DEZESSETE DE AGOSTO;2187;;CASA FORTE;;CIDADE;COLISÃO TRASEIRA;1;1;0;0;0;0;0;0;0;1;0;Longo da via;Chuvoso;;Perfeito estado;Molhada;Mal iluminada;Faixa de pedestre;Não há placas;60 km/h;Dupla;Faixa contínua;;
202217113;27/07/2022;;COM VÍTIMA;FINALIZADA;DERBY;AV GOVERNADOR AGAMENON MAGALHAES;;RUA LUIZ BARBALHO;DERBY;417;SUBURBIO;COLISÃO TRANSVERSAL;0;1;0;0;0;1;0;0;0;1;0;Cruzamento;Chuvoso;Sem defeito;Perfeito estado;Molhada;Perfeito estado;Faixa de pedestre;Outras;;Dupla;Faixa contínua;Canteiro central;
202217114;28/07/2022;;COM VÍTIMA;FINALIZADA;AFOGADOS;RUA COSME VIANA;;RUA PADRE TEOFILO TWORZ;AFOGADOS;503;SUBURBIO;COLISÃO LATERAL;1;1;0;0;0;0;0;0;0;1;0;;Chuvoso;Sem defeito;Perfeito estado;Molhada;Perfeito estado;Faixa de pedestre;Não há placas;;Única;Faixa contínua;Faixa seccionada;Canteiro central
202217139;28/07/2022;;SEM VÍTIMA;FINALIZADA;SÃO JOSÉ;RUA DO PEIXOTO;184;RUA DA CONCORDIA;SÃO JOSÉ;182;CIDADE;;0;0;0;0;0;1;0;1;0;0;0;Longo da via;Bom;Sem defeito;Perfeito estado;Seca;Perfeito estado;Não existe;Outras;30 km/h;Única;Faixa seccionada;;
202217143;28/07/2022;;COM VÍTIMA;FINALIZADA;ILHA JOANA BEZERRA;RUA AGUA DOCE;80;;ILHA JOANA BEZERRA;;SUBURBIO;COLISÃO TRASEIRA;0;0;0;0;0;2;0;0;0;3;0;Longo da via;Bom;Não existe;Incompleta;Seca;Mal conservada;Não existe;Não há placas;;Dupla;Canteiro central;;
202217169;28/07/2022;;COM VÍTIMA;FINALIZADA;BOA VIAGEM;RUA VISCONDE DE JEQUITINHONHA;;RUA BARAO DE SOUZA LEAO;BOA VIAGEM;129;SUBURBIO;COLISÃO LATERAL;1;1;0;0;0;0;0;0;0;1;0;Cruzamento;Bom;Sem defeito;Perfeito estado;Seca;Perfeito estado;Não existe;R-6a;;Única;Canal;;
202217204;28/07/2022;;COM VÍTIMA;FINALIZADA;IBURA;AV DOIS RIOS;726;RUA ALVORADA DO SUL;IBURA;;SUBURBIO;ATROPELAMENTO DE PESSOA;0;1;0;0;1;0;0;0;0;1;0;Longo da via;Bom;Não existe;Ilegível;Seca;Mal conservada;Não existe;Não há placas;;Dupla;Não existe;;
202217225;29/07/2022;;COM VÍTIMA;FINALIZADA;MANGABEIRA;AV NORTE MIGUEL ARRAES DE ALENCAR;;;MANGABEIRA;364;CIDADE;COLISÃO TRANSVERSAL;1;1;0;0;0;0;0;0;0;2;0;Longo da via;Bom;Sem defeito;Perfeito estado;Seca;Perfeito estado;Faixa de pedestre;;;Dupla;Faixa contínua;;
202217234;29/07/2022;;COM VÍTIMA;FINALIZADA;IBURA;AV DOIS RIOS;883;RUA ECOPORANGA;IBURA;475;CIDADE;COLISÃO TRANSVERSAL;1;1;0;0;0;0;0;0;0;1;0;Cruzamento;Bom;Sem defeito;Incompleta;Seca;Perfeito estado;Não existe;Não há placas;60 km/h;Dupla;Faixa contínua;;
202217235;29/07/2022;;COM VÍTIMA;DUPLICIDADE;SÍTIO DOS PINTOS;;;;SÍTIO DOS PINTOS;;;;1;0;0;1;0;0;0;0;0;1;0;;;;;;;;;;;;;
202217238;29/07/2022;;COM VÍTIMA;FINALIZADA;VÁRZEA;RUA RIBEIRO PESSOA;345;;VÁRZEA;;SUBURBIO;COLISÃO COM CICLISTA;1;0;0;1;0;0;0;0;0;1;0;Longo da via;Bom;Não existe;Perfeito estado;Seca;Perfeito estado;Não existe;Não há placas;;Dupla;Faixa seccionada;;
202217242;29/07/2022;;SEM VÍTIMA;FINALIZADA;BOA VISTA;AV GOVERNADOR AGAMENON MAGALHAES;3311;;BOA VISTA;;SUBURBIO;;1;0;0;0;0;1;0;0;0;0;0;Longo da via;Bom;Não existe;Perfeito estado;Seca;Perfeito estado;Não existe;Não há placas;60 km/h;Dupla;Faixa seccionada;Canteiro central;Outros
202217243;29/07/2022;;SEM VÍTIMA;FINALIZADA;SANTO AMARO;AV CRUZ CABUGA;;;SANTO AMARO;;CIDADE;COLISÃO TRASEIRA;1;0;0;0;0;1;0;0;0;0;0;Longo da via;Bom;Não existe;Perfeito estado;Seca;Perfeito estado;Outros;Outras;;Dupla;Canteiro central;;
202217263;29/07/2022;;COM VÍTIMA;FINALIZADA;IPUTINGA;AV MAURICIO DE NASSAU;;;IPUTINGA;;CIDADE;COLISÃO LATERAL;1;1;0;0;0;0;0;0;0;1;0;Longo da via;Bom;Não existe;Perfeito estado;Seca;Perfeito estado;Não existe;Não há placas;;Dupla;Faixa contínua;;
202217271;29/07/2022;;SEM VÍTIMA;FINALIZADA;SANTO AMARO;AV CRUZ CABUGA;141;;SANTO AMARO;;CIDADE;COLISÃO TRANSVERSAL;0;0;0;0;0;1;0;1;0;0;0;Longo da via;Bom;Não existe;Perfeito estado;Seca;Perfeito estado;Não existe;Outras;;Dupla;Faixa contínua;;
202217276;29/07/2022;;COM VÍTIMA;FINALIZADA;TORRE;RUA PROFESSOR TRAJANO DE MENDONCA;320;RUA VITORIANO PALHARES;TORRE;;;COLISÃO TRASEIRA;1;1;0;0;0;0;0;0;0;1;0;Longo da via;Bom;Não existe;Não existente;Seca;Perfeito estado;Não existe;Não há placas;60 km/h;Única;Não existe;;
202217280;29/07/2022;;SEM VÍTIMA;FINALIZADA;IMBIRIBEIRA;AV MARECHAL MASCARENHAS DE MORAES;6211;;IMBIRIBEIRA;;;;0;0;0;0;0;1;0;1;0;0;0;;Bom;Não existe;Perfeito estado;Seca;Perfeito estado;Não existe;Não há placas;60 km/h;Dupla;Canteiro central;;
202217284;29/07/2022;;COM VÍTIMA;FINALIZADA;IPSEP;RUA ADERBAL DE MELO;135;RUA HELIO BRANDAO;IPSEP;;SUBURBIO;COLISÃO COM CICLISTA;1;0;0;1;0;0;0;0;0;1;0;Cruzamento;Bom;Não existe;Incompleta;Seca;Perfeito estado;Não existe;"Placas ""Pare""";;Dupla;Não existe;;
202217288;29/07/2022;;COM VÍTIMA;FINALIZADA;ILHA JOANA BEZERRA;VDO PAPA JOAO PAULO II;;;ILHA JOANA BEZERRA;;CIDADE;COLISÃO TRASEIRA;1;1;0;0;0;0;0;0;0;2;0;Viaduto;Bom;Não existe;Perfeito estado;Seca;Perfeito estado;Não existe;Não há placas;;Única;Faixa contínua;;
202217296;29/07/2022;;COM VÍTIMA;FINALIZADA;ILHA DO LEITE;AV GOVERNADOR AGAMENON MAGALHAES;1261;;ILHA DO LEITE;;OLINDA;COLISÃO FRONTAL;1;2;0;0;0;0;0;0;0;3;0;Longo da via;Bom;Não existe;Perfeito estado;Seca;Perfeito estado;Não existe;;60 km/h;Dupla;Canteiro central;;
202217298;29/07/2022;;COM VÍTIMA;CANCELADA;TORRÕES;AV ENGENHEIRO ABDIAS DE CARVALHO;3068;;TORRÕES;271;CIDADE;COLISÃO TRASEIRA;0;2;0;0;0;0;0;0;0;3;0;;;;;;;;;;;;;
202217310;29/07/2022;;COM VÍTIMA;FINALIZADA;CORDEIRO;AV ENGENHEIRO ABDIAS DE CARVALHO;;RUA TIJUCAS;CORDEIRO;422;;COLISÃO TRANSVERSAL;1;1;0;0;0;0;0;0;0;1;0;Cruzamento;Bom;Sem defeito;Perfeito estado;Seca;Perfeito estado;;;;Dupla;;;
202217335;30/07/2022;;COM VÍTIMA;FINALIZADA;SANTO AMARO;AV CRUZ CABUGA;1419;;SANTO AMARO;;CIDADE;COLISÃO LATERAL;1;1;0;0;0;0;0;0;0;1;0;Longo da via;Bom;Não existe;Perfeito estado;Seca;Perfeito estado;Não existe;Não há placas;40 km/h;Dupla;Faixa seccionada;;
202217352;30/07/2022;;COM VÍTIMA;FINALIZADA;IPUTINGA;RUA EMILIANO BRAGA;97;;IPUTINGA;;SUBURBIO;COLISÃO LATERAL;1;1;0;0;0;0;0;0;0;1;0;Cruzamento;Chuvoso;Não existe;Não existente;;Mal conservada;Não existe;Não há placas;;;;;
202217359;30/07/2022;;COM VÍTIMA;CANCELADA;ARRUDA;RUA DO MACHADO;;RUA ZEFERINO AGRA;ARRUDA;;;COLISÃO LATERAL;1;1;0;0;0;0;0;0;0;1;0;;;;;;;;;;;;;
202217360;30/07/2022;;SEM VÍTIMA;CANCELADA;TORRE;AV BEIRA RIO;;;TORRE;;;COLISÃO LATERAL;2;0;0;0;0;0;0;0;0;0;0;;;;;;;;;;;;;
202217369;30/07/2022;;SEM VÍTIMA;CANCELADA;BOA VIAGEM;AV BOA VIAGEM;3232;;BOA VIAGEM;;;COLISÃO LATERAL;2;0;0;0;0;0;0;0;0;0;0;;;;;;;;;;;;;
202217372;30/07/2022;;COM VÍTIMA;CANCELADA;VÁRZEA;AV JOAQUIM RIBEIRO;867;;VÁRZEA;;;COLISÃO LATERAL;1;1;0;0;0;0;0;0;0;1;0;;;;;;;;;;;;;
202217374;31/07/2022;;SEM VÍTIMA;FINALIZADA;AREIAS;AV RECIFE;;;AREIAS;;;ATROPELAMENTO DE ANIMAL;1;0;0;0;0;0;0;0;1;0;0;;;;;;;;;;;;;
202217381;31/07/2022;;SEM VÍTIMA;FINALIZADA;AREIAS;AV RECIFE;;;AREIAS;;;ATROPELAMENTO DE ANIMAL;0;0;0;0;0;0;0;0;0;0;0;;;;;;;;;;;;;
202217389;31/07/2022;;SEM VÍTIMA;FINALIZADA;CORDEIRO;AV ENGENHEIRO ABDIAS DE CARVALHO;;AV GENERAL SAN MARTIN;CORDEIRO;;SUBURBIO;ENGAVETAMENTO;3;0;0;0;0;0;0;0;0;0;0;;;;;;;;;;;;;
202217392;31/07/2022;;COM VÍTIMA;FINALIZADA;CASA AMARELA;RUA PADRE LEMOS;;RUA SURUBIM;CASA AMARELA;;CIDADE;COLISÃO FRONTAL;0;2;0;0;0;0;0;0;0;2;0;Longo da via;Bom;Não existe;Incompleta;Seca;Mal conservada;Não existe;R-6a;;Dupla;Não existe;;
202217398;31/07/2022;;SEM VÍTIMA;FINALIZADA;MANGABEIRA;AV PROFESSOR JOSE DOS ANJOS;45;;MANGABEIRA;;;ATROPELAMENTO DE ANIMAL;0;0;0;0;0;0;0;0;0;0;0;;;;;;;;;;;;;
202217404;31/07/2022;;COM VÍTIMA;FINALIZADA;BOA VIAGEM;RUA VISCONDE DE JEQUITINHONHA;1418;;BOA VIAGEM;;SUBURBIO;COLISÃO LATERAL;1;1;0;0;0;1;0;0;0;1;0;Viaduto;Chuvoso;Não existe;Perfeito estado;Molhada;Perfeito estado;Não existe;Outras;60 km/h;Única;Faixa contínua;Faixa seccionada;
202217438;31/07/2022;;SEM VÍTIMA;FINALIZADA;ILHA JOANA BEZERRA;AV ADVOGADO JOSE PAULO CAVALCANTI;;VDO PAPA JOAO PAULO II;ILHA JOANA BEZERRA;;CIDADE;ATROPELAMENTO DE ANIMAL;0;0;0;0;0;0;0;0;0;0;0;;;;;;;;;;;;;
202217447;31/07/2022;;SEM VÍTIMA;FINALIZADA;TORRE;RUA JOSE BONIFACIO;;;TORRE;191;SUBURBIO;CHOQUE;1;0;0;0;0;0;0;0;0;0;0;Longo da via;Nublado;Sem defeito;Incompleta;Seca;Perfeito estado;Faixa de pedestre;R-6a;;Única;Faixa seccionada;;
202217462;31/07/2022;;SEM VÍTIMA;FINALIZADA;COHAB;RUA JOAO CORDEIRO DE SOUZA;;;COHAB;;CIDADE;COLISÃO FRONTAL;2;0;0;0;0;0;0;0;0;0;0;Longo da via;Bom;Não existe;Perfeito estado;Seca;Perfeito estado;Não existe;Não há placas;;Dupla;Não existe;;
202217489;01/08/2022;;COM VÍTIMA;FINALIZADA;BARRO;AV DR JOSE RUFINO;;;BARRO;;CIDADE;COLISÃO LATERAL;0;0;0;0;0;0;0;0;0;1;0;;;;;;;;;;;;;
202217521;01/08/2022;;COM VÍTIMA;CANCELADA;BOA VISTA;RUA HENRIQUE DIAS;;AV GOVERNADOR AGAMENON MAGALHAES;BOA VISTA;;CIDADE;QUEDA;0;1;0;0;0;0;0;0;0;1;0;;;;;;;;;;;;;
202217529;01/08/2022;;COM VÍTIMA;FINALIZADA;BOA VIAGEM;RUA MARIA CAROLINA;;RUA MINISTRO NELSON HUNGRIA;BOA VIAGEM;;;ATROPELAMENTO DE PESSOA;1;0;0;0;1;0;0;0;0;1;0;Cruzamento;Bom;Não existe;Perfeito estado;Seca;Perfeito estado;Não existe;Não há placas;;Única;Não existe;;
202217552;02/08/2022;;COM VÍTIMA;FINALIZADA;SÃO JOSÉ;AV SUL;;;SÃO JOSÉ;76;SUBURBIO;COLISÃO TRANSVERSAL;1;0;0;0;0;1;0;0;0;1;0;Esquina;Chuvoso;Intermitente;Perfeito estado;Molhada;Perfeito estado;Não existe;Não há placas;;Dupla;Canteiro central;;
202217606;02/08/2022;;COM VÍTIMA;FINALIZADA;ESPINHEIRO;AV JOAO DE BARROS;1629;RUA ALFREDO DE CASTRO;ESPINHEIRO;;SUBURBIO;COLISÃO TRASEIRA;1;0;1;0;0;0;0;0;0;1;0;;;;;;;;;;;;;
202217619;02/08/2022;;SEM VÍTIMA;FINALIZADA;BOA VIAGEM;AV ENGENHEIRO DOMINGOS FERREIRA;1350;;BOA VIAGEM;;SUBURBIO;COLISÃO TRASEIRA;2;0;0;0;0;0;0;0;0;0;0;Longo da via;Bom;Não existe;Perfeito estado;Seca;Perfeito estado;Não existe;Não há placas;;Única;Faixa seccionada;;
202217622;02/08/2022;;SEM VÍTIMA;FINALIZADA;DERBY;RUA JENER DE SOUZA;;PRC DO DERBY;DERBY;;CIDADE;;1;0;0;0;0;0;0;1;0;0;0;Cruzamento;Bom;Não existe;Incompleta;Seca;Perfeito estado;Faixa de pedestre;R-6c;;Única;Faixa seccionada;;
202217630;02/08/2022;;COM VÍTIMA;FINALIZADA;SANTO AMARO;AV NORTE MIGUEL ARRAES DE ALENCAR;866;;SANTO AMARO;397;SUBURBIO;COLISÃO TRASEIRA;1;1;0;0;0;0;0;0;0;1;0;Longo da via;Bom;Desligado;Perfeito estado;Seca;Perfeito estado;Faixa de pedestre;Outras;60 km/h;Dupla;Faixa seccionada;Canteiro central;
202217638;02/08/2022;;COM VÍTIMA;FINALIZADA;MADALENA;AV CAXANGA;;RUA JOAO IVO DA SILVA;MADALENA;257;CIDADE;COLISÃO COM CICLISTA;0;1;0;1;0;0;0;0;0;2;0;Longo da via;Bom;Sem defeito;Perfeito estado;Seca;Perfeito estado;Faixa de pedestre;Outras;;Dupla;Faixa contínua;;
202217648;03/08/2022;;COM VÍTIMA;FINALIZADA;CAXANGÁ;AV CAXANGA;1221;;CAXANGÁ;;CIDADE;COLISÃO FRONTAL;1;1;0;0;0;0;0;0;0;1;0;;;;;;;;;;;;;
202217657;03/08/2022;;SEM VÍTIMA;FINALIZADA;SANTO AMARO;RUA COELHO LEITE;;RUA ARTUR COUTINHO;SANTO AMARO;;CIDADE;;1;0;0;0;0;0;0;1;0;0;0;Cruzamento;Chuvoso;Não existe;Não existente;Molhada;Perfeito estado;Não existe;Não há placas;30 km/h;Dupla;Não existe;;
202217670;03/08/2022;;SEM VÍTIMA;FINALIZADA;BOA VIAGEM;RUA ANTONIO FALCAO;55;;BOA VIAGEM;;;COLISÃO FRONTAL;2;0;0;0;0;0;0;0;0;0;0;;;;;;;;;;;;;
202217695;03/08/2022;;SEM VÍTIMA;FINALIZADA;ESPINHEIRO;RUA DO ESPINHEIRO;360;;ESPINHEIRO;;SUBURBIO;COLISÃO TRASEIRA;2;0;0;0;0;0;0;0;0;0;0;Longo da via;Chuvoso;Não existe;Perfeito estado;Molhada;Perfeito estado;Não existe;Outras;40 km/h;Única;Não existe;;
202217696;03/08/2022;;COM VÍTIMA;FINALIZADA;MADALENA;RUA BENFICA;;RUA JOAO IVO DA SILVA;MADALENA;257;CIDADE;COLISÃO LATERAL;0;1;0;0;0;0;0;1;0;1;0;Longo da via;Chuvoso;Sem defeito;Perfeito estado;Molhada;Perfeito estado;Faixa de pedestre;Outras;;Única;Faixa contínua;;
202217706;03/08/2022;;COM VÍTIMA;FINALIZADA;BOA VIAGEM;RUA TENENTE JOAO CICERO;833;AVENIDA CELSO FURTADO (VIA MANGUE);BOA VIAGEM;;CIDADE;COLISÃO LATERAL;1;1;0;0;0;0;0;0;0;1;0;Cruzamento;Chuvoso;Não existe;Perfeito estado;Molhada;Perfeito estado;Faixa de retenção;"Placas ""Pare""";60 km/h;Única;Faixa contínua;;
202217709;03/08/2022;;COM VÍTIMA;FINALIZADA;IPSEP;RUA PINTOR ANTONIO ALBUQUERQUE;51;RUA PROFESSOR JOSE VICENTE;IPSEP;;SUBURBIO;COLISÃO TRANSVERSAL;1;1;0;0;0;0;0;0;0;1;0;Cruzamento;Chuvoso;Não existe;Perfeito estado;Molhada;Perfeito estado;Faixa de pedestre;"Placas ""Pare""";40 km/h;Única;Faixa seccionada;;
202217732;03/08/2022;;COM VÍTIMA;FINALIZADA;DERBY;AV GOVERNADOR AGAMENON MAGALHAES;;AV GOVERNADOR CARLOS DE LIMA CAVALCANTI;DERBY;75;SUBURBIO;COLISÃO TRASEIRA;1;0;0;0;0;1;0;0;0;1;0;Cruzamento;Chuvoso;Sem defeito;Perfeito estado;Molhada;Perfeito estado;;R-26;60 km/h;Única;Faixa contínua;;
202217751;04/08/2022;;SEM VÍTIMA;FINALIZADA;ILHA JOANA BEZERRA;AV DES GUERRA BARRETO;;;ILHA JOANA BEZERRA;;;COLISÃO FRONTAL;0;0;0;0;0;0;0;0;0;0;0;;;;;;;;;;;;;
202217776;04/08/2022;;COM VÍTIMA;FINALIZADA;ARRUDA;AV PROFESSOR JOSE DOS ANJOS;159B;RUA DESENHISTA EULINO SANTOS;ARRUDA;642;CIDADE;COLISÃO LATERAL;0;1;0;0;0;0;1;0;0;1;0;Esquina;Bom;Sem defeito;;Seca;Perfeito estado;Não existe;Outras;40 km/h;Dupla;Canal;;
202217777;04/08/2022;;COM VÍTIMA;FINALIZADA;ROSARINHO;RUA DES MARTINS PEREIRA;475;RUA TELES JUNIOR;ROSARINHO;;;COLISÃO LATERAL;1;1;0;0;0;0;0;0;0;1;0;Cruzamento;Bom;Não existe;Perfeito estado;Seca;Perfeito estado;Faixa de pedestre;"Placas ""Pare""";30 km/h;Única;Faixa contínua;;
202217785;04/08/2022;;COM VÍTIMA;FINALIZADA;JIQUIÁ;AV DR JOSE RUFINO;13;;JIQUIÁ;;CIDADE;COLISÃO FRONTAL;0;1;0;0;0;0;0;1;0;1;0;Cruzamento;Bom;Não existe;Incompleta;Seca;Perfeito estado;Não existe;R-19;60 km/h;Dupla;Faixa contínua;Faixa seccionada;
202217796;04/08/2022;;SEM VÍTIMA;FINALIZADA;AFOGADOS;RUA PEDRO CABRAL DE OLIVEIRA;97;RUA SAO MIGUEL;AFOGADOS;;CIDADE;CHOQUE;2;0;0;0;0;0;1;0;0;0;0;Cruzamento;Bom;Não existe;Perfeito estado;Seca;Perfeito estado;Não existe;Não há placas;;Única;Não existe;;
202217803;04/08/2022;;COM VÍTIMA;FINALIZADA;CORDEIRO;EST DO FORTE DO ARRAIAL N. DO B. JESUS;922;;CORDEIRO;;;COLISÃO COM CICLISTA;1;0;0;1;0;0;0;0;0;1;0;Longo da via;Bom;Não existe;Perfeito estado;Seca;Perfeito estado;Não existe;Não há placas;40 km/h;Dupla;Faixa contínua;;
202217832;04/08/2022;;SEM VÍTIMA;FINALIZADA;SANTO AMARO;RUA BARROS BARRETO;23;AV GOVERNADOR AGAMENON MAGALHAES;SANTO AMARO;;CIDADE;CHOQUE;0;0;0;0;0;0;0;1;0;0;0;Longo da via;Bom;Não existe;Não existente;Seca;Perfeito estado;Faixa de pedestre;"Placas ""Pare""";;Dupla;Não existe;;
202217838;04/08/2022;;COM VÍTIMA;FINALIZADA;DOIS IRMÃOS;RUA DOIS IRMAOS;;;DOIS IRMÃOS;;SUBURBIO;COLISÃO TRASEIRA;1;1;0;0;0;0;0;0;0;1;0;Longo da via;Bom;Não existe;Perfeito estado;Seca;Perfeito estado;;;;Dupla;Faixa seccionada;;
202217847;04/08/2022;;COM VÍTIMA;FINALIZADA;TEJIPIÓ;AV DR JOSE RUFINO;;;TEJIPIÓ;;CIDADE;COLISÃO TRANSVERSAL;1;1;0;0;0;0;0;0;0;1;0;Esquina;Bom;Não existe;Perfeito estado;Seca;Perfeito estado;Não existe;Outras;;Dupla;Faixa seccionada;;
202217865;05/08/2022;;COM VÍTIMA;FINALIZADA;IPUTINGA;AV CAXANGA;;;IPUTINGA;;;COLISÃO LATERAL;0;1;0;0;0;1;0;0;0;1;0;Longo da via;Chuvoso;Não existe;Perfeito estado;Molhada;Perfeito estado;Não existe;Não há placas;60 km/h;Dupla;Canteiro central;;
202217886;05/08/2022;;COM VÍTIMA;FINALIZADA;BOA VIAGEM;RUA ERNESTO DE PAULA SANTOS;1277;;BOA VIAGEM;;SUBURBIO;COLISÃO TRASEIRA;1;1;0;0;0;0;0;0;0;2;0;Longo da via;Bom;Não existe;Perfeito estado;Seca;Perfeito estado;Não existe;R-6a;;Única;Faixa seccionada;;
202217903;05/08/2022;;SEM VÍTIMA;FINALIZADA;BOA VISTA;RUA JOAQUIM FELIPE;200;;BOA VISTA;;CIDADE;;1;0;0;0;0;1;0;0;0;0;0;Longo da via;Bom;Não existe;Perfeito estado;Seca;Perfeito estado;Não existe;Não há placas;60 km/h;Única;Não existe;;
202217908;05/08/2022;;COM VÍTIMA;FINALIZADA;SANTO ANTÔNIO;AV DOM PEDRO I - IMPERADOR;100;;SANTO ANTÔNIO;;;COLISÃO LATERAL;2;1;0;0;0;0;0;0;0;1;0;Longo da via;Bom;Não existe;Perfeito estado;Seca;Perfeito estado;Não existe;Não há placas;60 km/h;Única;Faixa seccionada;;
202217912;05/08/2022;;COM VÍTIMA;FINALIZADA;BOA VIAGEM;AV DOM JOAO VI;;RUA JOSE DA SILVA LUCENA;BOA VIAGEM;;;COLISÃO LATERAL;1;1;0;0;0;0;0;0;0;1;0;Longo da via;Bom;Não existe;Ilegível;Seca;Mal iluminada;Não existe;Não há placas;;Única;Não existe;;
202217922;05/08/2022;;COM VÍTIMA;FINALIZADA;IPUTINGA;AV MAURICIO DE NASSAU;;;IPUTINGA;645;SUBURBIO;COLISÃO TRANSVERSAL;1;1;0;0;0;0;0;0;0;1;0;Longo da via;Bom;Sem defeito;Perfeito estado;Seca;Perfeito estado;Faixa de pedestre;Não há placas;40 km/h;Dupla;Faixa contínua;;
202217945;05/08/2022;;COM VÍTIMA;FINALIZADA;CABANGA;AV ENGENHEIRO JOSE ESTELITA;;;CABANGA;;CIDADE;COLISÃO LATERAL;1;1;0;0;0;0;0;0;0;1;0;Longo da via;Bom;Não existe;Perfeito estado;Seca;Perfeito estado;Não existe;Não há placas;60 km/h;Dupla;Canteiro central;;
202217948;05/08/2022;;COM VÍTIMA;FINALIZADA;ARRUDA;RUA DESENHISTA EULINO SANTOS;169;;ARRUDA;;CIDADE;ATROPELAMENTO DE ANIMAL;0;1;0;0;1;0;0;0;1;3;0;Longo da via;Bom;Não existe;Perfeito estado;Seca;Perfeito estado;Não existe;Não há placas;40 km/h;Dupla;Canteiro central;;
202217969;05/08/2022;;SEM VÍTIMA;CANCELADA;BREJO DA GUABIRABA;RUA SENHOR DO BONFIM;60;;BREJO DA GUABIRABA;;;COLISÃO LATERAL;1;0;0;0;0;1;0;0;0;0;0;;;;;;;;;;;;;
202217978;05/08/2022;;COM VÍTIMA;FINALIZADA;AREIAS;AV RECIFE;;;AREIAS;;SUBURBIO;COLISÃO TRASEIRA;2;1;0;0;0;0;0;0;0;2;0;Longo da via;Bom;Sem defeito;Perfeito estado;Seca;Perfeito estado;;;60 km/h;Única;Faixa seccionada;;
202217984;05/08/2022;;COM VÍTIMA;FINALIZADA;AREIAS;RUA AURORA CACOTE;775;RUA DONA ANA AURORA;AREIAS;;;COLISÃO FRONTAL;1;1;0;0;0;0;0;0;0;2;0;Longo da via;Bom;Não existe;Perfeito estado;Seca;Perfeito estado;Não existe;Não há placas;;Dupla;Não existe;;
202218002;06/08/2022;;COM VÍTIMA;FINALIZADA;BOA VIAGEM;AV BOA VIAGEM;998;;BOA VIAGEM;;;COLISÃO TRASEIRA;2;0;0;0;0;0;0;0;0;1;0;;;;;;;;;;;;;
202218003;06/08/2022;;SEM VÍTIMA;CANCELADA;MADALENA;RUA JOSE OSORIO;;RUA REAL DA TORRE;MADALENA;;;COLISÃO LATERAL;2;0;0;0;0;0;0;0;0;0;0;;;;;;;;;;;;;