Protocolo;data;hora;natureza;situacao;bairro;endereco;numero;detalhe_endereco_acidente;bairro_cruzamento;num_semaforo;sentido_via;tipo;auto;moto;ciclom;ciclista;pedestre;onibus;caminhao;viatura;outros;vitimas;vitimasfatais;acidente_verificado;tempo_clima;situacao_semaforo;sinalizacao;condicao_via;conservacao_via;ponto_controle;situacao_placa;velocidade_max_via;mao_direcao;divisao_via1;divisao_via2;divisao_via3
202218012;06/08/2022;;SEM VÍTIMA;FINALIZADA;CASA AMARELA;AV NORTE MIGUEL ARRAES DE ALENCAR;4750;;CASA AMARELA;;;COLISÃO TRASEIRA;1;0;0;0;0;0;0;1;0;0;0;Longo da via;Bom;Não existe;Incompleta;Seca;Mal conservada;Outros;Outras;;Dupla;Canteiro central;;
202218031;06/08/2022;;COM VÍTIMA;FINALIZADA;IMBIRIBEIRA;AV MARECHAL MASCARENHAS DE MORAES;;RUA PAMPULHA;IMBIRIBEIRA;534;;COLISÃO LATERAL;1;1;0;0;0;0;0;0;0;1;0;Longo da via;Bom;Sem defeito;Perfeito estado;Seca;Perfeito estado;;;;Única;;;
202218060;06/08/2022;;COM VÍTIMA;FINALIZADA;IPSEP;RUA ITAJAI;246;;IPSEP;;SUBURBIO;COLISÃO TRANSVERSAL;2;0;0;0;0;0;0;0;0;2;0;Cruzamento;Bom;Não existe;Perfeito estado;Seca;Perfeito estado;Faixa de pedestre;Outras;40 km/h;Única;Não existe;;
202218075;06/08/2022;;COM VÍTIMA;FINALIZADA;APIPUCOS;RUA DE APIPUCOS;;;APIPUCOS;;SUBURBIO;CHOQUE;0;1;0;0;0;0;0;0;0;1;0;Longo da via;Bom;Não existe;Incompleta;Seca;Perfeito estado;Não existe;Outras;;Dupla;Faixa contínua;Faixa seccionada;
202218093;06/08/2022;;COM VÍTIMA;FINALIZADA;IMBIRIBEIRA;RUA JOAQUIM BANDEIRA;;RUA SARGENTO SILVINO DE MACEDO;IMBIRIBEIRA;;SUBURBIO;COLISÃO TRASEIRA;2;0;0;0;0;0;0;0;0;1;0;Cruzamento;Bom;Não existe;Incompleta;Seca;Mal iluminada;Não existe;Não há placas;;Dupla;Não existe;;
202218096;07/08/2022;;COM VÍTIMA;FINALIZADA;SANTO AMARO;AV MARIO MELO;;AV CRUZ CABUGA;SANTO AMARO;;;COLISÃO TRANSVERSAL;0;2;0;0;0;0;0;0;0;2;0;Cruzamento;Chuvoso;Sem defeito;Perfeito estado;Molhada;Perfeito estado;Faixa de pedestre;Não há placas;;Dupla;Canteiro central;;
202218098;07/08/2022;;COM VÍTIMA;FINALIZADA;CAMPO GRANDE;RUA PROFESSOR FRANCISCO DA TRINDADE;481;RUA CATULO DA PAIXAO CEARENSE;CAMPO GRANDE;;CIDADE;COLISÃO TRANSVERSAL;2;0;0;0;0;0;0;0;0;3;0;Cruzamento;Chuvoso;Não existe;Perfeito estado;Molhada;;Faixa de pedestre;"Placas ""Pare""";40 km/h;Dupla;Faixa seccionada;;
202218114;07/08/2022;;COM VÍTIMA;FINALIZADA;GRAÇAS;AV RUI BARBOSA;;RUA CARDEAL ARCOVERDE;GRAÇAS;126;;COLISÃO LATERAL;1;1;0;0;0;0;0;0;0;1;0;Cruzamento;Chuvoso;Sem defeito;Perfeito estado;Molhada;Perfeito estado;Faixa de pedestre;Não há placas;;Única;Não existe;;
202218126;07/08/2022;;COM VÍTIMA;FINALIZADA;BONGI;AV ENGENHEIRO ABDIAS DE CARVALHO;;;BONGI;;CIDADE;ATROPELAMENTO DE PESSOA;1;0;0;0;1;0;0;0;0;1;0;Longo da via;Bom;Não existe;Não existente;Seca;Perfeito estado;Não existe;Não há placas;;Dupla;;;
202218166;07/08/2022;;COM VÍTIMA;FINALIZADA;FUNDÃO;AV BEBERIBE;;RUA CORONEL URBANO RIBEIRO DE SENA;FUNDÃO;307;CIDADE;COLISÃO TRANSVERSAL;1;1;0;0;0;0;0;0;0;1;0;Cruzamento;Bom;Sem defeito;Perfeito estado;Seca;Mal conservada;Faixa de pedestre;Outras;;Dupla;Faixa contínua;Faixa seccionada;
202218179;08/08/2022;;SEM VÍTIMA;FINALIZADA;IMBIRIBEIRA;AV MARECHAL MASCARENHAS DE MORAES;;VIADUTO TANCREDO NEVES;IMBIRIBEIRA;;;COLISÃO FRONTAL;0;0;0;0;0;2;0;0;0;0;0;;;;;;;;;;;;;
202218187;08/08/2022;;COM VÍTIMA;FINALIZADA;BOA VIAGEM;AV DOM JOAO VI;;;BOA VIAGEM;;SUBURBIO;COLISÃO LATERAL;1;0;0;0;1;0;1;0;0;1;0;Longo da via;Bom;Não existe;Perfeito estado;Seca;Perfeito estado;;Não há placas;50 km/h;Única;Canal;;
202218189;08/08/2022;;COM VÍTIMA;FINALIZADA;SÃO JOSÉ;RUA IMPERIAL;981;TRV DO RAPOSO;SÃO JOSÉ;510;SUBURBIO;COLISÃO TRANSVERSAL;1;1;0;0;0;0;0;0;0;1;0;Cruzamento;Bom;Sem defeito;Incompleta;Seca;Mal conservada;Faixa de pedestre;R-6a;;Única;Faixa seccionada;;
202218198;08/08/2022;;COM VÍTIMA;FINALIZADA;ENCRUZILHADA;AV NORTE MIGUEL ARRAES DE ALENCAR;2991;;ENCRUZILHADA;;CIDADE;ATROPELAMENTO DE PESSOA;0;1;0;0;1;0;0;0;0;2;0;Longo da via;Bom;Não existe;Perfeito estado;Seca;Perfeito estado;Faixa de pedestre;Outras;;Dupla;Canteiro central;;
202218211;08/08/2022;;COM VÍTIMA;FINALIZADA;JIQUIÁ;RUA SAO MIGUEL;1294;;JIQUIÁ;;SUBURBIO;COLISÃO LATERAL;1;1;0;0;0;0;0;0;0;1;0;Longo da via;Bom;Não existe;Perfeito estado;Seca;Perfeito estado;Não existe;Não há placas;;Dupla;Faixa seccionada;;
202218237;08/08/2022;;COM VÍTIMA;FINALIZADA;JORDÃO;AV MARIA IRENE;500;;JORDÃO;;;COLISÃO LATERAL;1;1;0;0;0;0;0;0;0;1;0;Longo da via;Bom;Não existe;Incompleta;Seca;Perfeito estado;Não existe;Não há placas;;Dupla;Faixa contínua;;
202218270;08/08/2022;;COM VÍTIMA;FINALIZADA;CABANGA;AV ANTONIO DE GOES;;;CABANGA;;CIDADE;COLISÃO LATERAL;1;1;0;0;0;1;0;0;0;2;0;Ponte;Bom;Não existe;Perfeito estado;Seca;Perfeito estado;Não existe;Não há placas;60 km/h;Única;Faixa contínua;;
202218301;09/08/2022;;COM VÍTIMA;FINALIZADA;IPUTINGA;AV CAXANGA;3666;;IPUTINGA;8;SUBURBIO;COLISÃO LATERAL;1;1;0;0;0;0;0;0;0;1;0;Cruzamento;Bom;Sem defeito;Perfeito estado;Seca;Perfeito estado;Faixa de pedestre;Outras;;Dupla;Canteiro central;;
202218312;09/08/2022;;COM VÍTIMA;FINALIZADA;PINA;RUA AMAZONAS;196;RUA TOME GIBSON;PINA;;SUBURBIO;COLISÃO LATERAL;5;0;0;0;0;0;0;0;0;1;0;Cruzamento;Bom;Não existe;Perfeito estado;Seca;Perfeito estado;Faixa de pedestre;"Placas ""Pare""";;Única;Faixa seccionada;;
202218319;09/08/2022;;COM VÍTIMA;FINALIZADA;PINA;AVENIDA CELSO FURTADO (VIA MANGUE);;;PINA;;CIDADE;CHOQUE;1;1;0;0;0;0;0;0;0;1;0;Longo da via;Bom;Não existe;Perfeito estado;Seca;Perfeito estado;;;;Dupla;Canteiro central;;
202218341;09/08/2022;;COM VÍTIMA;FINALIZADA;BOA VIAGEM;AV ENGENHEIRO DOMINGOS FERREIRA;1537;;BOA VIAGEM;;SUBURBIO;COLISÃO TRASEIRA;1;1;0;0;0;0;0;0;0;1;0;Longo da via;Bom;Sem defeito;Perfeito estado;Seca;Perfeito estado;Faixa de pedestre;R-6a;60 km/h;Única;Canteiro central;;
202218345;09/08/2022;;COM VÍTIMA;FINALIZADA;SANTO AMARO;RUA DOS PALMARES;225;RUA ARNOBIO MARQUES;SANTO AMARO;;SUBURBIO;COLISÃO COM CICLISTA;1;0;0;1;0;0;0;0;0;1;0;Cruzamento;Bom;Não existe;Perfeito estado;Seca;Perfeito estado;Faixa de pedestre;Outras;;Única;Faixa seccionada;;
202218349;09/08/2022;;COM VÍTIMA;FINALIZADA;ILHA DO LEITE;RUA MINAS GERAIS;;RUA MARQUES AMORIM;ILHA DO LEITE;;;COLISÃO FRONTAL;1;1;0;0;0;0;0;0;0;1;0;Longo da via;Bom;Não existe;Perfeito estado;Seca;Perfeito estado;Não existe;Não há placas;60 km/h;Única;Faixa seccionada;;
202218350;09/08/2022;;COM VÍTIMA;FINALIZADA;SÃO JOSÉ;RUA TOBIAS BARRETO;460;;SÃO JOSÉ;;CIDADE;ATROPELAMENTO DE PESSOA;1;0;0;0;1;0;0;0;0;1;0;Longo da via;Bom;Não existe;Perfeito estado;Seca;Perfeito estado;Não existe;Outras;;Única;Não existe;;
202218373;09/08/2022;;COM VÍTIMA;FINALIZADA;TAMARINEIRA;RUA PADRE ROMA;;RUA DO FUTURO;TAMARINEIRA;;;COLISÃO COM CICLISTA;0;1;0;1;0;0;0;0;0;1;0;Cruzamento;Bom;Sem defeito;Perfeito estado;Seca;Perfeito estado;Faixa de pedestre;Não há placas;40 km/h;Única;Faixa seccionada;;
202218380;10/08/2022;;COM VÍTIMA;FINALIZADA;CIDADE UNIVERSITÁRIA;RUA PROFESSOR ANTONIO COELHO;70;;CIDADE UNIVERSITÁRIA;;;ATROPELAMENTO DE PESSOA;0;0;0;0;1;1;0;0;0;1;0;;;;;;;;;;;;;
202218389;10/08/2022;;COM VÍTIMA;FINALIZADA;IBURA;AV DOIS RIOS;1091;RUA JORNALISTA EDSON REGIS;IBURA;;CIDADE;COLISÃO TRASEIRA;1;1;0;0;0;0;0;0;0;1;0;Longo da via;Bom;Sem defeito;Perfeito estado;Seca;Perfeito estado;Faixa de retenção;R-6a;;Dupla;Faixa contínua;;
202218397;10/08/2022;;COM VÍTIMA;FINALIZADA;IMBIRIBEIRA;AV MARECHAL MASCARENHAS DE MORAES;4514;;IMBIRIBEIRA;;;COLISÃO LATERAL;1;1;0;0;0;0;0;0;0;1;0;Longo da via;Bom;Sem defeito;Perfeito estado;Seca;Perfeito estado;Não existe;R-6a;60 km/h;Dupla;Canteiro central;;
202218407;10/08/2022;;COM VÍTIMA;FINALIZADA;GRAÇAS;RUA DAS CREOULAS;268;;GRAÇAS;;;CHOQUE;1;0;0;0;0;0;0;0;0;1;0;Longo da via;Bom;Não existe;Perfeito estado;Seca;Perfeito estado;Não existe;R-6a;60 km/h;Única;Faixa seccionada;;
202218440;10/08/2022;;COM VÍTIMA;FINALIZADA;JOANA BEZERRA;RUA IMPERIAL;4217;RUA BOM SUCESSO;JOANA BEZERRA;;SUBURBIO;COLISÃO TRANSVERSAL;1;1;0;0;0;0;0;0;0;1;0;Cruzamento;Bom;Não existe;Incompleta;Seca;Perfeito estado;Não existe;Não há placas;;Única;Faixa seccionada;;
202218445;10/08/2022;;COM VÍTIMA;FINALIZADA;MADALENA;AV JOSE GONCALVES DE MEDEIROS;2019;RUA COMENDADOR BENTO AGUIAR;MADALENA;;SUBURBIO;COLISÃO LATERAL;1;1;0;0;0;0;0;0;0;1;0;Cruzamento;Bom;Não existe;Não existente;Seca;Mal conservada;Não existe;Não há placas;;Única;;;
202218448;10/08/2022;;COM VÍTIMA;FINALIZADA;AREIAS;AV CAPITAO GREGORIO DE CALDAS;266;;AREIAS;;;ATROPELAMENTO DE PESSOA;0;1;0;0;1;0;0;0;0;1;0;Longo da via;Bom;Não existe;Incompleta;Seca;Mal conservada;Não existe;"Placas ""Pare""";;Dupla;Não existe;;
202218461;11/08/2022;;COM VÍTIMA;FINALIZADA;SAN MARTIN;AV ENGENHEIRO ABDIAS DE CARVALHO;;AV GENERAL SAN MARTIN;SAN MARTIN;58;SUBURBIO;COLISÃO LATERAL;1;1;0;0;0;0;0;0;0;1;0;Cruzamento;Bom;Sem defeito;Perfeito estado;Seca;Perfeito estado;Faixa de pedestre;Não há placas;60 km/h;Dupla;Canteiro central;;
202218473;11/08/2022;;COM VÍTIMA;FINALIZADA;AFOGADOS;RUA SAO MIGUEL;1694;;AFOGADOS;;CIDADE;COLISÃO FRONTAL;2;1;0;0;0;0;0;0;0;1;0;Longo da via;Chuvoso;Sem defeito;Perfeito estado;Molhada;Perfeito estado;Outros;Outras;;Dupla;Faixa contínua;;
202218483;11/08/2022;;SEM VÍTIMA;FINALIZADA;BOA VISTA;RUA PRINCESA IZABEL;;RUA SETE DE SETEMBRO;BOA VISTA;;CIDADE;COLISÃO TRANSVERSAL;0;0;0;0;0;1;0;1;0;0;0;Cruzamento;Bom;Não existe;Perfeito estado;Seca;Perfeito estado;Faixa de pedestre;"Placas ""Pare""";;;Não existe;;
202218492;11/08/2022;;COM VÍTIMA;FINALIZADA;ARRUDA;AV BEBERIBE;1745;RUA ZEFERINO AGRA;ARRUDA;;CIDADE;COLISÃO TRANSVERSAL;1;1;0;0;0;0;0;0;0;2;0;;Bom;Não existe;;Seca;Perfeito estado;Faixa de pedestre;;40 km/h;Única;Faixa contínua;;
202218510;11/08/2022;;COM VÍTIMA;FINALIZADA;SÃO JOSÉ;AV SUL;488;RUA PADRE JOSE DE SA LEITAO;SÃO JOSÉ;509;CIDADE;COLISÃO TRASEIRA;1;1;0;0;0;0;0;0;0;1;0;Cruzamento;Bom;Sem defeito;Perfeito estado;Seca;Perfeito estado;Faixa de pedestre;Não há placas;;Única;Faixa contínua;;
202218512;11/08/2022;;COM VÍTIMA;FINALIZADA;MADALENA;RUA REAL DA TORRE;478;RUA JOSE OSORIO;MADALENA;;;COLISÃO LATERAL;1;1;0;0;0;0;0;0;0;1;0;Longo da via;Bom;Não existe;Perfeito estado;Seca;Perfeito estado;Não existe;Outras;;Única;Faixa seccionada;;
202218531;11/08/2022;;COM VÍTIMA;FINALIZADA;ÁGUA FRIA;RUA DA REGENERACAO;363;;ÁGUA FRIA;;SUBURBIO;COLISÃO FRONTAL;0;2;0;0;0;0;0;0;0;1;0;Longo da via;Bom;Não existe;Não existente;Molhada;Mal conservada;Não existe;Outras;40 km/h;Dupla;Não existe;;
202218555;11/08/2022;;SEM VÍTIMA;FINALIZADA;IPUTINGA;RUA CAPITAO AURELIO DE ARAUJO;58;;IPUTINGA;;;CHOQUE;2;0;0;0;0;0;0;0;0;0;0;Longo da via;Bom;Não existe;;Seca;Perfeito estado;Não existe;Não há placas;;Dupla;Não existe;;
202218567;12/08/2022;;COM VÍTIMA;FINALIZADA;ROSARINHO;AV NORTE MIGUEL ARRAES DE ALENCAR;2944;;ROSARINHO;;SUBURBIO;QUEDA;0;1;0;0;0;0;0;0;0;1;0;;;;;;;;;;;;;
202218582;12/08/2022;;COM VÍTIMA;FINALIZADA;SANTO AMARO;AV GOVERNADOR AGAMENON MAGALHAES;;;SANTO AMARO;;SUBURBIO;COLISÃO LATERAL;1;1;0;0;0;0;0;0;0;1;0;Longo da via;Bom;Sem defeito;Perfeito estado;Seca;Perfeito estado;Outros;Outras;;Única;Faixa seccionada;;
202218600;12/08/2022;;SEM VÍTIMA;FINALIZADA;SAN MARTIN;RUA VINTE E UM DE ABRIL;;;SAN MARTIN;;CIDADE;;1;0;0;0;0;0;0;0;0;0;0;Longo da via;Bom;Não existe;Incompleta;Seca;Perfeito estado;Não existe;Não há placas;;Dupla;Faixa seccionada;;
202218610;12/08/2022;;COM VÍTIMA;FINALIZADA;CORDEIRO;AV CAXANGA;;AV GENERAL SAN MARTIN;CORDEIRO;80;CIDADE;COLISÃO TRASEIRA;1;1;0;0;0;0;0;0;0;1;0;Longo da via;Bom;Sem defeito;Perfeito estado;Seca;Perfeito estado;Faixa de pedestre;Não há placas;60 km/h;Única;;;
202218614;12/08/2022;;COM VÍTIMA;DUPLICIDADE;VÁRZEA;AV CAXANGA;;;VÁRZEA;;;COLISÃO TRASEIRA;1;1;0;0;0;0;0;0;0;1;0;;;;;;;;;;;;;
202218617;12/08/2022;;COM VÍTIMA;FINALIZADA;VÁRZEA;AV AFONSO OLINDENSE;700;;VÁRZEA;;;COLISÃO LATERAL;1;1;0;0;0;0;0;0;0;1;0;Longo da via;Bom;Não existe;Perfeito estado;Seca;Perfeito estado;Não existe;Outras;30 km/h;Dupla;Faixa contínua;;
202218629;12/08/2022;;SEM VÍTIMA;CANCELADA;ROSARINHO;AV NORTE MIGUEL ARRAES DE ALENCAR;3652;;ROSARINHO;;;COLISÃO FRONTAL;1;2;0;0;0;0;0;0;0;0;0;;;;;;;;;;;;;
202218638;12/08/2022;;COM VÍTIMA;FINALIZADA;COQUEIRAL;RUA LINHA NOVA;22;;COQUEIRAL;;;COLISÃO LATERAL;0;1;0;0;0;0;1;0;0;1;0;Esquina;Bom;Não existe;Perfeito estado;Seca;Perfeito estado;Não existe;Não há placas;;Dupla;Não existe;;
202218649;12/08/2022;;COM VÍTIMA;FINALIZADA;SANTO AMARO;RUA FREI CASSIMIRO;;RUA COELHO LEITE;SANTO AMARO;;SUBURBIO;COLISÃO TRANSVERSAL;1;1;0;0;0;0;0;0;0;1;0;Cruzamento;Bom;Não existe;Perfeito estado;Seca;Perfeito estado;Não existe;Não há placas;;Dupla;Faixa contínua;Faixa seccionada;
202218662;12/08/2022;;COM VÍTIMA;CANCELADA;IPSEP;AV RECIFE;;;IPSEP;;;ATROPELAMENTO DE PESSOA;0;0;0;0;0;0;0;0;0;1;0;;;;;;;;;;;;;
202218663;12/08/2022;;SEM VÍTIMA;FINALIZADA;IBURA;;;;IBURA;;SUBURBIO;CHOQUE;0;0;0;0;0;0;0;1;0;0;0;Longo da via;Bom;Não existe;Incompleta;Seca;Mal iluminada;Não existe;Não há placas;;Dupla;Não existe;;
202218677;13/08/2022;;SEM VÍTIMA;FINALIZADA;BOA VIAGEM;AV CONSELHEIRO AGUIAR;4252;;BOA VIAGEM;;;COLISÃO FRONTAL;2;0;0;0;0;0;0;0;0;0;0;;;;;;;;;;;;;
202218712;13/08/2022;;COM VÍTIMA;FINALIZADA;VÁRZEA;AV AFONSO OLINDENSE;895;;VÁRZEA;;SUBURBIO;COLISÃO TRASEIRA;1;1;0;0;0;0;0;0;0;1;0;Longo da via;Bom;Sem defeito;Perfeito estado;Seca;Perfeito estado;Não existe;;40 km/h;Dupla;Faixa contínua;;
202218714;13/08/2022;;COM VÍTIMA;FINALIZADA;AREIAS;AV DR JOSE RUFINO;955;RUA COSTA HONORATO;AREIAS;;SUBURBIO;COLISÃO TRANSVERSAL;1;1;0;0;0;0;0;0;0;2;0;Cruzamento;Bom;Não existe;Perfeito estado;Seca;Perfeito estado;Outros;Outras;50 km/h;Dupla;Faixa contínua;;
202218720;13/08/2022;;COM VÍTIMA;FINALIZADA;IMBIRIBEIRA;AV GENERAL MAC ARTHUR;;;IMBIRIBEIRA;673;SUBURBIO;COLISÃO TRANSVERSAL;1;1;0;0;0;0;0;0;0;1;0;Longo da via;Bom;Sem defeito;Perfeito estado;Seca;Perfeito estado;Faixa de pedestre;Não há placas;40 km/h;Única;Faixa seccionada;;
202218722;13/08/2022;;COM VÍTIMA;FINALIZADA;BOA VIAGEM;RUA DR LUIZ INACIO PESSOA DE MELO;342;;BOA VIAGEM;;CIDADE;COLISÃO FRONTAL;1;1;0;0;0;0;0;0;0;1;0;Longo da via;Bom;Não existe;Perfeito estado;Seca;Perfeito estado;Não existe;Outras;;Dupla;Faixa seccionada;;
202218724;13/08/2022;;COM VÍTIMA;FINALIZADA;BOA VISTA;AV GOVERNADOR AGAMENON MAGALHAES;;;BOA VISTA;37;SUBURBIO;COLISÃO TRASEIRA;1;1;0;0;0;0;0;0;0;1;0;Longo da via;Bom;Sem defeito;Perfeito estado;Seca;Perfeito estado;Faixa de pedestre;R-6a;;Dupla;Canteiro central;;
202218726;13/08/2022;;COM VÍTIMA;FINALIZADA;SANTO AMARO;RUA TREZE DE MAIO;914A;RUA FREI CASSIMIRO;SANTO AMARO;;SUBURBIO;COLISÃO LATERAL;1;1;0;0;0;0;0;0;0;2;0;Cruzamento;Bom;Não existe;Perfeito estado;Seca;Perfeito estado;Faixa de pedestre;Outras;;Dupla;Faixa contínua;;
202218748;14/08/2022;;COM VÍTIMA;CANCELADA;DERBY;AV GOVERNADOR AGAMENON MAGALHAES;;PRC DO DERBY;DERBY;75;;COLISÃO TRANSVERSAL;1;1;0;0;0;0;0;0;0;1;0;;;;;;;;;;;;;
202218751;14/08/2022;;COM VÍTIMA;FINALIZADA;BARRO;AV DR JOSE RUFINO;1897;;BARRO;;CIDADE;CHOQUE;1;0;0;0;0;0;0;0;0;1;0;Longo da via;Bom;Não existe;Perfeito estado;Seca;Perfeito estado;Não existe;Não há placas;40 km/h;;Faixa contínua;;
202218764;14/08/2022;;COM VÍTIMA;FINALIZADA;CAJUEIRO;AV BEBERIBE;;RUA MAJOR DAVINO;CAJUEIRO;307;;COLISÃO TRANSVERSAL;1;1;0;0;0;0;0;0;0;1;0;Cruzamento;Bom;Sem defeito;Perfeito estado;Seca;Perfeito estado;Faixa de pedestre;Não há placas;;Dupla;Faixa contínua;;
202218767;14/08/2022;;COM VÍTIMA;FINALIZADA;ALTO SANTA TERESINHA;AV ANIBAL BENEVOLO;636;;ALTO SANTA TERESINHA;;CIDADE;COLISÃO LATERAL;1;0;1;0;0;0;0;0;0;1;0;Longo da via;Bom;Não existe;Perfeito estado;Seca;Perfeito estado;Não existe;Outras;30 km/h;Dupla;Não existe;;
202218771;14/08/2022;;COM VÍTIMA;FINALIZADA;ESPINHEIRO;RUA DO ESPINHEIRO;;RUA SANTO ELIAS;ESPINHEIRO;;CIDADE;COLISÃO TRANSVERSAL;2;0;0;0;0;0;0;0;0;1;0;Cruzamento;Bom;Não existe;Incompleta;Seca;Perfeito estado;Faixa de pedestre;"Placas ""Pare""";;Única;Faixa seccionada;;
202218776;14/08/2022;;COM VÍTIMA;FINALIZADA;ÁGUA FRIA;AV BEBERIBE;2584;;ÁGUA FRIA;;SUBURBIO;COLISÃO COM CICLISTA;0;0;0;1;0;1;0;0;0;1;0;Longo da via;Bom;Não existe;Perfeito estado;Seca;Perfeito estado;Não existe;R-6a;;Dupla;Faixa seccionada;;
202218802;15/08/2022;;SEM VÍTIMA;FINALIZADA;IMBIRIBEIRA;AV MARECHAL MASCARENHAS DE MORAES;;;IMBIRIBEIRA;;CIDADE;COLISÃO TRASEIRA;2;0;0;0;0;0;0;0;0;0;0;Longo da via;Bom;Não existe;Perfeito estado;Seca;Perfeito estado;Não existe;R-6a;60 km/h;Única;Faixa seccionada;;
202218821;15/08/2022;;COM VÍTIMA;FINALIZADA;IMBIRIBEIRA;RUA ITACARI;162;RUA ITAJAI;IMBIRIBEIRA;;;COLISÃO LATERAL;1;1;0;0;0;0;0;0;0;1;0;Cruzamento;Bom;Não existe;Perfeito estado;Seca;Perfeito estado;Faixa de pedestre;Outras;;Dupla;Faixa contínua;;
202218828;15/08/2022;;SEM VÍTIMA;FINALIZADA;IMBIRIBEIRA;AV MARECHAL MASCARENHAS DE MORAES;2657;;IMBIRIBEIRA;7;CIDADE;COLISÃO TRASEIRA;1;0;0;0;0;0;0;0;1;0;0;Cruzamento;Bom;Sem defeito;Incompleta;Seca;Perfeito estado;Faixa de pedestre;R-6a;;Dupla;Canteiro central;;
202218855;15/08/2022;;SEM VÍTIMA;CANCELADA;ALTO DO MANDU;RUA TRAMANDAI;175;;ALTO DO MANDU;;;COLISÃO LATERAL;1;0;0;0;0;0;1;0;0;0;0;;;;;;;;;;;;;
202218856;15/08/2022;;SEM VÍTIMA;FINALIZADA;ESTÂNCIA;RUA JOAO TEIXEIRA;601;;ESTÂNCIA;;;COLISÃO FRONTAL;2;0;0;0;0;0;0;0;0;0;0;;;;;;;;;;;;;
202218858;15/08/2022;;COM VÍTIMA;FINALIZADA;MADALENA;RUA REAL DA TORRE;332;;MADALENA;;SUBURBIO;ATROPELAMENTO DE PESSOA;0;1;0;0;1;0;0;0;0;1;0;Longo da via;Bom;Não existe;Perfeito estado;Seca;Perfeito estado;Não existe;Outras;50 km/h;;Faixa seccionada;;
202218861;15/08/2022;;COM VÍTIMA;FINALIZADA;SANTO AMARO;AV GOVERNADOR AGAMENON MAGALHAES;465;;SANTO AMARO;;SUBURBIO;COLISÃO LATERAL;1;1;0;0;0;0;0;0;0;1;0;Longo da via;Bom;Sem defeito;Perfeito estado;Seca;Perfeito estado;Faixa de pedestre;Não há placas;;Dupla;Canal;;
202218872;15/08/2022;;COM VÍTIMA;FINALIZADA;SANTO AMARO;AV NORTE MIGUEL ARRAES DE ALENCAR;637;;SANTO AMARO;;CIDADE;ATROPELAMENTO DE PESSOA;0;1;0;0;1;0;0;0;0;1;0;Longo da via;Bom;Não existe;Perfeito estado;Seca;Perfeito estado;Não existe;Não há placas;60 km/h;Dupla;Canteiro central;;
202218904;16/08/2022;;COM VÍTIMA;FINALIZADA;PINA;AV ANTONIO DE GOES;742;RUA MANOEL DE BRITO;PINA;103;;ATROPELAMENTO DE ANIMAL;0;1;0;0;0;0;0;0;1;2;0;Cruzamento;Bom;Sem defeito;Perfeito estado;Seca;Perfeito estado;Faixa de pedestre;R-25b;60 km/h;Única;Canteiro central;;
202218943;16/08/2022;;SEM VÍTIMA;FINALIZADA;JAQUEIRA;RUA PADRE ROMA;149;AV CONS ROSA E SILVA;JAQUEIRA;61;SUBURBIO;COLISÃO TRASEIRA;2;0;0;0;0;0;0;1;0;0;0;Cruzamento;Bom;Sem defeito;Perfeito estado;Seca;Perfeito estado;Faixa de pedestre;R-6a;;Dupla;Faixa contínua;Faixa seccionada;
202218958;16/08/2022;;COM VÍTIMA;FINALIZADA;ESPINHEIRO;RUA CONS PORTELA;676;AV JOAO DE BARROS;ESPINHEIRO;;;ATROPELAMENTO DE PESSOA;1;0;0;0;1;0;0;0;0;1;0;Longo da via;Bom;Não existe;Perfeito estado;Seca;Perfeito estado;Faixa de pedestre;R-6a;;Única;Faixa;;
202219004;17/08/2022;;COM VÍTIMA;FINALIZADA;VASCO DA GAMA;RUA CORREGO DO OURO;352;;VASCO DA GAMA;;;COLISÃO LATERAL;1;0;0;0;0;0;1;0;0;1;0;Longo da via;Bom;Não existe;Não existente;Seca;Perfeito estado;Não existe;Não há placas;;Dupla;Não existe;;
202219006;17/08/2022;;COM VÍTIMA;FINALIZADA;DOIS IRMÃOS;RUA MANUEL DE MEDEIROS;;;DOIS IRMÃOS;;;COLISÃO FRONTAL;1;1;0;0;0;0;0;0;0;1;0;Cruzamento;Chuvoso;Sem defeito;Perfeito estado;Molhada;Perfeito estado;Não existe;Não há placas;;Dupla;Faixa seccionada;;
202219030;17/08/2022;;SEM VÍTIMA;FINALIZADA;IMBIRIBEIRA;RUA JOAQUIM BANDEIRA;374;AV SUL;IMBIRIBEIRA;;CIDADE;;1;0;0;0;0;0;0;1;0;0;0;Longo da via;Bom;Não existe;Perfeito estado;Seca;Perfeito estado;Não existe;Outras;;Única;Faixa seccionada;;