Protocolo;data;hora;natureza;situacao;bairro;endereco;numero;detalhe_endereco_acidente;bairro_cruzamento;num_semaforo;sentido_via;tipo;auto;moto;ciclom;ciclista;pedestre;onibus;caminhao;viatura;outros;vitimas;vitimasfatais;acidente_verificado;tempo_clima;situacao_semaforo;sinalizacao;condicao_via;conservacao_via;ponto_controle;situacao_placa;velocidade_max_via;mao_direcao;divisao_via1;divisao_via2;divisao_via3
202219046;17/08/2022;;COM VÍTIMA;CANCELADA;SANTO ANTÔNIO;PRC DA REPUBLICA;;AV DANTAS BARRETO;SANTO ANTÔNIO;;;COLISÃO LATERAL;1;1;0;0;0;0;0;0;0;1;0;;;;;;;;;;;;;
202219064;17/08/2022;;COM VÍTIMA;FINALIZADA;BOA VISTA;RUA DO HOSPICIO;;RUA PRINCESA IZABEL;BOA VISTA;31;;ATROPELAMENTO DE PESSOA;1;0;0;0;1;0;0;0;0;1;0;Cruzamento;Bom;Sem defeito;Perfeito estado;Seca;Perfeito estado;Faixa de pedestre;Outras;;Dupla;Faixa contínua;;
202219085;17/08/2022;;COM VÍTIMA;FINALIZADA;BOA VISTA;AV CONDE DA BOA VISTA;1288;;BOA VISTA;;SUBURBIO;COLISÃO TRASEIRA;1;1;0;0;0;0;0;0;0;1;0;Longo da via;Chuvoso;Sem defeito;Perfeito estado;Molhada;Perfeito estado;Outros;Não há placas;;Dupla;Canteiro central;;
202219088;17/08/2022;;COM VÍTIMA;FINALIZADA;DERBY;AV GOVERNADOR AGAMENON MAGALHAES;;;DERBY;;;COLISÃO LATERAL;0;1;0;0;0;1;0;0;0;1;0;Longo da via;Bom;Sem defeito;Perfeito estado;Seca;Perfeito estado;Faixa de pedestre;Outras;60 km/h;Dupla;Canal;;
202219108;18/08/2022;;COM VÍTIMA;FINALIZADA;AFOGADOS;RUA SAO MIGUEL;469;;AFOGADOS;;;COLISÃO FRONTAL;1;1;0;0;0;0;0;0;0;1;0;Longo da via;Bom;Não existe;Perfeito estado;Seca;Perfeito estado;Não existe;Outras;50 km/h;Dupla;Faixa contínua;;
202219119;18/08/2022;;COM VÍTIMA;FINALIZADA;IPSEP;AV RECIFE;1810;RUA JEAN EMILE FAVRE;IPSEP;130;IMBIRIBEIRA;COLISÃO TRASEIRA;0;1;0;0;0;0;0;0;0;1;0;Cruzamento;Bom;Sem defeito;Perfeito estado;;Perfeito estado;Faixa de pedestre;R-5a;;;Faixa contínua;;
202219123;18/08/2022;;COM VÍTIMA;FINALIZADA;IMBIRIBEIRA;RUA JACI;136;RUA JOAQUIM BANDEIRA;IMBIRIBEIRA;534;CIDADE;COLISÃO LATERAL;0;1;0;0;0;1;0;0;0;1;0;Cruzamento;Bom;Não existe;Não existente;Molhada;Perfeito estado;Não existe;Não há placas;60 km/h;Única;Não existe;;
202219135;18/08/2022;;COM VÍTIMA;FINALIZADA;TEJIPIÓ;AV LIBERDADE;;;TEJIPIÓ;;;COLISÃO LATERAL;1;1;0;0;0;0;0;0;0;1;0;Longo da via;Bom;Não existe;Não existente;Seca;Perfeito estado;Não existe;;30 km/h;Dupla;Não existe;;
202219146;18/08/2022;;SEM VÍTIMA;FINALIZADA;AFOGADOS;RUA SANTOS ARAUJO;320;RUA SAO MIGUEL;AFOGADOS;333;SUBURBIO;;0;0;0;0;0;0;1;0;0;0;0;Longo da via;Bom;Sem defeito;Perfeito estado;Seca;Perfeito estado;Não existe;Não há placas;;Única;Faixa seccionada;;
202219165;18/08/2022;;COM VÍTIMA;FINALIZADA;SANTO ANTÔNIO;RUA IMPERADOR PEDRO SEGUNDO;447;RUA PRIMEIRO DE MARCO;SANTO ANTÔNIO;18;CI;COLISÃO FRONTAL;0;2;0;0;0;0;0;0;0;2;0;Cruzamento;Bom;Sem defeito;Perfeito estado;Seca;Perfeito estado;Faixa de pedestre;R-6a;;Única;Faixa contínua;Faixa seccionada;
202219170;18/08/2022;;COM VÍTIMA;FINALIZADA;PINA;AV HERCULANO BANDEIRA;673;;PINA;;;COLISÃO TRASEIRA;1;1;0;0;0;0;0;0;0;2;0;Longo da via;Bom;Sem defeito;Perfeito estado;Seca;Perfeito estado;Não existe;R-6a;;Única;Faixa seccionada;;
202219171;18/08/2022;;SEM VÍTIMA;FINALIZADA;DERBY;AV GOVERNADOR AGAMENON MAGALHAES;;;DERBY;;;;1;0;0;0;0;0;0;1;0;0;0;Longo da via;Bom;Não existe;Perfeito estado;Seca;Perfeito estado;Agente;Não há placas;;Única;Faixa seccionada;;
202219172;18/08/2022;;COM VÍTIMA;FINALIZADA;BOA VIAGEM;RUA DOM JOSE LOPES;57;;BOA VIAGEM;;;COLISÃO FRONTAL;1;1;0;0;0;0;0;0;0;1;0;Cruzamento;Bom;Não existe;Perfeito estado;Seca;Perfeito estado;Faixa de pedestre;"Placas ""Pare""";;Dupla;Não existe;;
202219175;18/08/2022;;COM VÍTIMA;FINALIZADA;IPSEP;AV RECIFE;2670;;IPSEP;;;COLISÃO TRASEIRA;1;1;0;0;0;0;0;0;0;1;0;Longo da via;Bom;Sem defeito;Perfeito estado;Seca;Perfeito estado;Agente;R-6a;60 km/h;Única;Faixa seccionada;;
202219178;18/08/2022;;COM VÍTIMA;FINALIZADA;IMBIRIBEIRA;AV MARECHAL MASCARENHAS DE MORAES;;;IMBIRIBEIRA;;;COLISÃO TRASEIRA;1;1;0;0;0;0;0;0;0;1;0;Longo da via;Bom;Sem defeito;Perfeito estado;Seca;Perfeito estado;Não existe;Outras;;Dupla;Faixa seccionada;Canteiro central;
202219180;18/08/2022;;COM VÍTIMA;FINALIZADA;IPSEP;AV RECIFE;;;IPSEP;494;CIDADE;COLISÃO TRASEIRA;1;1;0;0;0;0;0;0;0;1;0;Longo da via;Bom;Sem defeito;Perfeito estado;Seca;Perfeito estado;Não existe;Não há placas;60 km/h;Única;Faixa seccionada;;
202219188;18/08/2022;;COM VÍTIMA;FINALIZADA;JORDÃO;RUA DR ALVARO FERRAZ;53;;JORDÃO;;;COLISÃO LATERAL;0;2;0;0;0;0;0;0;0;1;0;Longo da via;Bom;Não existe;Perfeito estado;Seca;Perfeito estado;Não existe;Outras;;;Não existe;;
202219196;18/08/2022;;COM VÍTIMA;CANCELADA;CÓRREGO DO JENIPAPO;RUA ERUNDINA NEGREIROS DE ARAUJO;;;CÓRREGO DO JENIPAPO;;;ATROPELAMENTO DE PESSOA;0;1;0;0;1;0;0;0;0;1;0;;;;;;;;;;;;;
202219202;18/08/2022;;COM VÍTIMA;FINALIZADA;ESPINHEIRO;RUA SANTO ELIAS;;RUA DO ESPINHEIRO;ESPINHEIRO;;;COLISÃO TRANSVERSAL;0;1;0;0;0;0;0;1;0;1;0;Cruzamento;Chuvoso;Não existe;Perfeito estado;Molhada;Perfeito estado;Faixa de pedestre;;;Dupla;;;
202219216;19/08/2022;;SEM VÍTIMA;FINALIZADA;IMBIRIBEIRA;AV MARECHAL MASCARENHAS DE MORAES;161;;IMBIRIBEIRA;;SUBURBIO;COLISÃO TRASEIRA;1;0;0;0;0;1;0;0;0;0;0;Longo da via;Chuvoso;Não existe;Perfeito estado;Molhada;Perfeito estado;Outros;R-32;;Dupla;Canteiro central;;
202219222;19/08/2022;;COM VÍTIMA;FINALIZADA;AREIAS;RUA AURORA CACOTE;121;;AREIAS;;;COLISÃO FRONTAL;1;1;0;0;0;0;0;0;0;1;0;Longo da via;Bom;Não existe;Perfeito estado;Seca;Perfeito estado;Não existe;Não há placas;;Dupla;Não existe;;
202219253;19/08/2022;;COM VÍTIMA;FINALIZADA;ROSARINHO;AV NORTE MIGUEL ARRAES DE ALENCAR;;;ROSARINHO;;SUBURBIO;COLISÃO TRASEIRA;1;1;0;0;0;0;0;0;0;1;0;Longo da via;Bom;Sem defeito;Perfeito estado;Seca;Perfeito estado;Outros;R-6a;;Dupla;Blocos;;
202219323;19/08/2022;;COM VÍTIMA;FINALIZADA;TORRE;RUA JOSE BONIFACIO;894;;TORRE;;;COLISÃO TRASEIRA;2;1;0;0;0;0;0;0;0;1;0;Longo da via;Bom;Sem defeito;Perfeito estado;Seca;Perfeito estado;Não existe;R-6a;;Única;Faixa seccionada;;
202219329;20/08/2022;;SEM VÍTIMA;FINALIZADA;MADALENA;RUA CARLOS GOMES;339;RUA GOMES TABORDA;MADALENA;348;;CHOQUE;1;0;0;0;0;0;0;0;0;0;0;;;;;;;;;;;;;
202219336;20/08/2022;;COM VÍTIMA;FINALIZADA;MADALENA;RUA REAL DA TORRE;;RUA JOSE OSORIO;MADALENA;179;SUL;COLISÃO LATERAL;1;1;0;0;0;0;0;0;0;1;0;Cruzamento;Bom;Sem defeito;Perfeito estado;Seca;Perfeito estado;Faixa de pedestre;Não há placas;50 km/h;Única;Faixa seccionada;;
202219343;20/08/2022;;COM VÍTIMA;FINALIZADA;BOA VIAGEM;RUA CAMBOIM;;RUA DEZ DE JULHO;BOA VIAGEM;;;COLISÃO LATERAL;1;1;0;0;0;0;0;0;0;1;0;Cruzamento;Bom;Não existe;Perfeito estado;Seca;Perfeito estado;Faixa de pedestre;"Placas ""Pare""";30 km/h;Única;Faixa contínua;;
202219369;20/08/2022;;COM VÍTIMA;FINALIZADA;AFOGADOS;RUA IMPERIAL;;;AFOGADOS;510;;COLISÃO FRONTAL;1;1;0;0;0;0;0;0;0;1;0;Cruzamento;Bom;Sem defeito;Perfeito estado;Seca;Perfeito estado;Faixa de retenção;R-6a;;Única;Faixa seccionada;;
202219371;20/08/2022;;COM VÍTIMA;FINALIZADA;IMBIRIBEIRA;AV GENERAL MAC ARTHUR;125;;IMBIRIBEIRA;;;CHOQUE;1;0;0;0;0;0;0;0;0;5;0;Longo da via;Bom;Não existe;Perfeito estado;Seca;Perfeito estado;;"Placas ""Pare""";40 km/h;Única;Faixa seccionada;;
202219385;20/08/2022;;COM VÍTIMA;FINALIZADA;SAN MARTIN;RUA QUINZE DE MARCO;;RUA DELMIRO GOUVEIA;SAN MARTIN;;SUBURBIO;COLISÃO TRASEIRA;0;2;0;0;0;0;0;0;0;1;0;Cruzamento;Bom;Não existe;Incompleta;Seca;Perfeito estado;Não existe;Não há placas;;Única;Não existe;;
202219400;20/08/2022;;COM VÍTIMA;FINALIZADA;AREIAS;AV DR JOSE RUFINO;1545;;AREIAS;;;COLISÃO TRASEIRA;0;1;0;0;0;1;0;0;0;1;0;Longo da via;Bom;Não existe;Perfeito estado;Seca;Perfeito estado;Não existe;R-6a;60 km/h;Dupla;Faixa contínua;Faixa seccionada;
202219405;20/08/2022;;SEM VÍTIMA;CANCELADA;BOA VIAGEM;RUA RIBEIRO DE BRITO;;RUA DOS NAVEGANTES;BOA VIAGEM;;;COLISÃO LATERAL;2;0;0;0;0;0;0;0;0;0;0;;;;;;;;;;;;;
202219414;20/08/2022;;COM VÍTIMA;FINALIZADA;PINA;AV ENGENHEIRO DOMINGOS FERREIRA;1097;;PINA;200;SUBURBIO;COLISÃO COM CICLISTA;0;1;0;1;0;0;0;0;0;1;0;Cruzamento;Bom;Sem defeito;Perfeito estado;Seca;Perfeito estado;Não existe;R-6a;60 km/h;Única;Canteiro central;;
202219415;20/08/2022;;SEM VÍTIMA;FINALIZADA;JOANA BEZERRA;RUA IMPERIAL;;RUA BOM SUCESSO;JOANA BEZERRA;;;COLISÃO TRANSVERSAL;2;0;0;0;0;0;0;0;0;0;0;;;;;;;;;;;;;
202219420;21/08/2022;;COM VÍTIMA;FINALIZADA;CAMPO GRANDE;RUA MARECHAL DEODORO;603;;CAMPO GRANDE;;;COLISÃO TRASEIRA;1;1;0;0;0;0;0;0;0;1;0;Longo da via;Chuvoso;Não existe;Não existente;Molhada;Perfeito estado;Não existe;Não há placas;;Dupla;Não existe;;
202219432;21/08/2022;;COM VÍTIMA;FINALIZADA;PARNAMIRIM;RUA SEBASTIAO MALTA ARCOVERDE;223;AV PARNAMIRIM;PARNAMIRIM;;;COLISÃO TRASEIRA;5;0;0;0;0;0;0;0;0;1;0;Longo da via;Bom;Sem defeito;Perfeito estado;Seca;Perfeito estado;Faixa de retenção;Não há placas;;Única;Faixa contínua;;
202219438;21/08/2022;;COM VÍTIMA;FINALIZADA;DERBY;AV GOVERNADOR AGAMENON MAGALHAES;4481;;DERBY;;OLINDA;COLISÃO LATERAL;1;1;0;0;0;0;0;0;0;1;0;Longo da via;Bom;Não existe;Perfeito estado;Seca;Perfeito estado;Não existe;Não há placas;60 km/h;Dupla;Canteiro central;;
202219441;21/08/2022;;COM VÍTIMA;FINALIZADA;GRAÇAS;RUA DA AMIZADE;67;;GRAÇAS;;;COLISÃO COM CICLISTA;1;0;0;1;0;0;0;0;0;1;0;Longo da via;Bom;Não existe;Perfeito estado;Seca;Perfeito estado;Não existe;Não há placas;30 km/h;Única;Não existe;;
202219445;21/08/2022;;COM VÍTIMA;FINALIZADA;ILHA DO RETIRO;RUA SPORT CLUBE DO RECIFE;;;ILHA DO RETIRO;;;COLISÃO LATERAL;1;0;0;0;0;0;1;0;0;1;0;;;;;;;;;;;;;
202219464;21/08/2022;;SEM VÍTIMA;FINALIZADA;BOA VIAGEM;AV ENGENHEIRO DOMINGOS FERREIRA;;RUA PROFESSOR ALOISIO PESSOA DE ARAUJO;BOA VIAGEM;;CIDADE;;2;0;0;0;0;0;0;0;0;0;0;Longo da via;Chuvoso;Não existe;Incompleta;Molhada;Mal iluminada;Não existe;Não há placas;;Única;Faixa seccionada;;
202219465;21/08/2022;;COM VÍTIMA;FINALIZADA;MADALENA;RUA JOSE OSORIO;;;MADALENA;;SUBURBIO;COLISÃO LATERAL;1;1;0;0;0;0;0;0;0;1;0;;;;;;;;;;;;;
202219466;21/08/2022;;SEM VÍTIMA;CANCELADA;ALTO DO MANDU;RUA MANDACARU;469;;ALTO DO MANDU;;;COLISÃO TRASEIRA;2;0;0;0;0;0;0;0;0;0;0;;;;;;;;;;;;;
202219467;21/08/2022;;COM VÍTIMA;FINALIZADA;BOA VIAGEM;RUA BALTAZAR PASSOS;;RUA COSMORAMA;BOA VIAGEM;556;LESTE;COLISÃO COM CICLISTA;1;0;0;1;0;0;0;0;0;1;0;Cruzamento;Bom;Sem defeito;Perfeito estado;Seca;Perfeito estado;Faixa de pedestre;Não há placas;;Única;Faixa contínua;;
202219468;21/08/2022;;COM VÍTIMA;FINALIZADA;SANTO ANTÔNIO;RUA PRIMEIRO DE MARCO;;RUA IMPERADOR PEDRO SEGUNDO;SANTO ANTÔNIO;;;COLISÃO TRASEIRA;0;0;0;0;0;2;0;0;0;1;0;Cruzamento;Bom;Sem defeito;Perfeito estado;Seca;Perfeito estado;Faixa de pedestre;Não há placas;;Única;Não existe;;
202219479;22/08/2022;;SEM VÍTIMA;FINALIZADA;APIPUCOS;RUA DE APIPUCOS;455;;APIPUCOS;;CIDADE;CHOQUE;1;0;0;0;0;0;0;0;0;0;0;Longo da via;Chuvoso;Não existe;Perfeito estado;Molhada;Perfeito estado;Não existe;R-6a;;Dupla;Faixa contínua;;
202219487;22/08/2022;;COM VÍTIMA;FINALIZADA;BOA VIAGEM;RUA ANTONIO DE SA LEITAO;229;RUA PROFESSOR JOSE BRANDAO;BOA VIAGEM;;;COLISÃO FRONTAL;1;1;0;0;0;0;0;0;0;1;0;Cruzamento;Chuvoso;Não existe;Ilegível;Molhada;Mal conservada;Não existe;"Placas ""Pare""";;Dupla;Faixa seccionada;;
202219494;22/08/2022;;SEM VÍTIMA;CANCELADA;SANTO AMARO;AV CRUZ CABUGA;;RUA FREI CASSIMIRO;SANTO AMARO;;;COLISÃO FRONTAL;0;1;0;0;0;0;0;0;0;0;0;;;;;;;;;;;;;
202219502;22/08/2022;;COM VÍTIMA;FINALIZADA;BONGI;TRV ESTRADA DO BONGI;99;AV MANOEL GONCALVES DA LUZ;BONGI;;;COLISÃO LATERAL;1;1;0;0;0;0;0;0;0;1;0;Cruzamento;Bom;Não existe;Ilegível;Seca;Mal conservada;Não existe;"Placas ""Pare""";30 km/h;Dupla;Faixa contínua;Faixa seccionada;
202219509;22/08/2022;;COM VÍTIMA;FINALIZADA;CABANGA;RUA CAPITAO TEMUDO;282;;CABANGA;;SUBURBIO;COLISÃO LATERAL;1;1;0;0;0;0;0;0;0;1;0;Longo da via;Bom;Não existe;Incompleta;Seca;Perfeito estado;Não existe;Outras;;Única;Canteiro central;;
202219539;22/08/2022;;COM VÍTIMA;FINALIZADA;ENCRUZILHADA;EST DE BELEM;190;RUA DONA JULIETA;ENCRUZILHADA;;CIDADE;COLISÃO LATERAL;1;1;0;0;0;0;0;0;0;2;0;Esquina;Bom;Não existe;Perfeito estado;Seca;Perfeito estado;Não existe;R-6a;;Dupla;Faixa contínua;Faixa seccionada;
202219555;22/08/2022;;COM VÍTIMA;FINALIZADA;BARRO;AV DR JOSE RUFINO;2612;;BARRO;;CIDADE;COLISÃO TRASEIRA;0;2;0;0;0;0;0;0;0;1;0;Longo da via;Chuvoso;Não existe;Perfeito estado;Molhada;Perfeito estado;Não existe;Não há placas;60 km/h;Dupla;Faixa contínua;;
202219557;22/08/2022;;COM VÍTIMA;FINALIZADA;SÃO JOSÉ;AV DANTAS BARRETO;1330;RUA DO PEIXOTO;SÃO JOSÉ;181;CIDADE;COLISÃO LATERAL;0;1;0;0;0;1;0;0;0;1;0;Cruzamento;Chuvoso;Sem defeito;Perfeito estado;Molhada;Perfeito estado;Não existe;"Placas ""Pare""";;Única;Não existe;;
202219565;22/08/2022;;COM VÍTIMA;CANCELADA;CASA FORTE;AV DEZESSETE DE AGOSTO;;RUA PIAUI;CASA FORTE;;;COLISÃO LATERAL;1;1;0;0;0;0;0;0;0;1;0;;;;;;;;;;;;;
202219566;22/08/2022;;COM VÍTIMA;FINALIZADA;COHAB;AV CHAPADA DO ARARIPE;52;;COHAB;;SUBURBIO;ATROPELAMENTO DE PESSOA;0;1;0;0;1;0;0;0;0;1;0;Longo da via;Chuvoso;Não existe;Incompleta;Molhada;Perfeito estado;Faixa de pedestre;Não há placas;;Dupla;Canal;;
202219574;22/08/2022;;SEM VÍTIMA;CANCELADA;LINHA DO TIRO;RUA PROFESSOR JOSE AMARINO DOS REIS;2349;;LINHA DO TIRO;;;COLISÃO LATERAL;1;1;0;0;0;0;0;0;0;0;0;;;;;;;;;;;;;
202219596;23/08/2022;;COM VÍTIMA;FINALIZADA;ENCRUZILHADA;RUA DR JOSE MARIA;48;RUA GOMES DE MATOS JUNIOR;ENCRUZILHADA;;SUBURBIO;COLISÃO LATERAL;1;1;0;0;0;0;0;0;0;1;0;Cruzamento;Chuvoso;Não existe;Perfeito estado;Molhada;Perfeito estado;Faixa de retenção;"Placas ""Pare""";;Dupla;Faixa seccionada;;
202219597;23/08/2022;;SEM VÍTIMA;CANCELADA;TORRE;RUA JOSE BONIFACIO;1099;;TORRE;;;COLISÃO LATERAL;1;0;0;0;0;0;1;0;0;0;0;;;;;;;;;;;;;
202219611;23/08/2022;;SEM VÍTIMA;FINALIZADA;IPSEP;RUA PINTOR ANTONIO ALBUQUERQUE;24;RUA DR RAPOSO PINTO;IPSEP;;SUBURBIO;;0;1;0;0;0;0;0;1;0;0;0;Cruzamento;Chuvoso;Não existe;Perfeito estado;Molhada;Perfeito estado;Faixa de pedestre;R-6a;20 km/h;Dupla;Faixa seccionada;;
202219613;23/08/2022;;SEM VÍTIMA;FINALIZADA;DERBY;AV GOVERNADOR AGAMENON MAGALHAES;;AV GOVERNADOR CARLOS DE LIMA CAVALCANTI;DERBY;75;;COLISÃO TRASEIRA;1;0;0;0;0;0;0;1;0;0;0;;;;;;;;;;;;;
202219615;23/08/2022;;COM VÍTIMA;CANCELADA;IMBIRIBEIRA;AV MARECHAL MASCARENHAS DE MORAES;;;IMBIRIBEIRA;;;COLISÃO TRASEIRA;1;1;0;0;0;0;0;0;0;1;0;;;;;;;;;;;;;
202219617;20/08/2022;;COM VÍTIMA;FINALIZADA;NOVA DESCOBERTA;AV VEREADOR OTACILIO AZEVEDO;730;;NOVA DESCOBERTA;;CIDADE;COLISÃO TRANSVERSAL;0;1;0;0;0;0;0;0;1;2;0;Longo da via;Bom;Não existe;Perfeito estado;Seca;Perfeito estado;Não existe;Não há placas;60 km/h;;Não existe;;
202219620;23/08/2022;;COM VÍTIMA;FINALIZADA;PAISSANDU;RUA FRANCISCO ALVES;326;RUA CAPITAO JOSE DA LUZ;PAISSANDU;;SUBURBIO;COLISÃO LATERAL;0;1;0;0;0;0;1;0;0;1;0;Cruzamento;Chuvoso;Não existe;Perfeito estado;Seca;Perfeito estado;Não existe;R-4b;;Dupla;Faixa seccionada;;
202219625;23/08/2022;;SEM VÍTIMA;FINALIZADA;CORDEIRO;EST DO FORTE DO ARRAIAL N. DO B. JESUS;1615;RUA ONZE DE FEVEREIRO;CORDEIRO;;;;0;1;0;0;0;0;0;1;0;0;0;Cruzamento;Nublado;Não existe;Incompleta;Molhada;Perfeito estado;Não existe;Não há placas;;Dupla;Não existe;;
202219643;23/08/2022;;COM VÍTIMA;FINALIZADA;CAXANGÁ;AV CAXANGA;3943;;CAXANGÁ;;SUBURBIO;COLISÃO TRASEIRA;0;2;0;0;0;0;0;0;0;1;0;Longo da via;Bom;Não existe;Perfeito estado;Seca;Mal conservada;Não existe;Não há placas;60 km/h;Dupla;Canteiro central;;
202219698;24/08/2022;;COM VÍTIMA;FINALIZADA;AREIAS;AV DR JOSE RUFINO;308;;AREIAS;;;COLISÃO TRASEIRA;1;2;0;0;0;0;0;0;0;1;0;Longo da via;Bom;Sem defeito;Incompleta;Seca;Mal conservada;Não existe;R-6a;60 km/h;Dupla;Faixa contínua;;
202219715;24/08/2022;;COM VÍTIMA;FINALIZADA;BOMBA DO HEMETÉRIO;COR DO BARTOLOMEU;498;;BOMBA DO HEMETÉRIO;;SUBURBIO;ATROPELAMENTO DE PESSOA;0;1;0;0;1;0;0;0;0;1;0;Longo da via;Bom;Não existe;Perfeito estado;Seca;Perfeito estado;Faixa de pedestre;R-6a;40 km/h;Dupla;Faixa contínua;;
202219722;24/08/2022;;SEM VÍTIMA;FINALIZADA;ESPINHEIRO;RUA QUARENTA E OITO;347;RUA DA HORA;ESPINHEIRO;;;COLISÃO TRASEIRA;4;0;0;0;0;0;0;0;0;0;0;Longo da via;Bom;Sem defeito;Perfeito estado;Seca;Perfeito estado;Outros;Outras;;Única;Faixa seccionada;;
202219725;24/08/2022;;SEM VÍTIMA;FINALIZADA;IPUTINGA;AV MAURICIO DE NASSAU;184;;IPUTINGA;;;COLISÃO TRASEIRA;2;0;0;0;0;0;0;0;0;0;0;;;;;;;;;;;;;
202219730;24/08/2022;;COM VÍTIMA;FINALIZADA;MADALENA;AV CAXANGA;990;;MADALENA;;SUBURBIO;COLISÃO TRASEIRA;1;1;0;0;0;0;0;0;0;1;0;Longo da via;Bom;Não existe;Perfeito estado;Seca;Perfeito estado;Não existe;Não há placas;60 km/h;Única;Faixa seccionada;;
202219738;24/08/2022;;SEM VÍTIMA;FINALIZADA;PARNAMIRIM;AV DEZESSETE DE AGOSTO;295;;PARNAMIRIM;;;COLISÃO LATERAL;1;0;0;0;0;0;0;1;0;0;0;;;;;;;;;;;;;
202219774;24/08/2022;;COM VÍTIMA;FINALIZADA;IMBIRIBEIRA;AV MARECHAL MASCARENHAS DE MORAES;294;;IMBIRIBEIRA;;CIDADE;ATROPELAMENTO DE PESSOA;0;1;0;0;1;0;0;0;0;2;0;Longo da via;Bom;Não existe;Perfeito estado;Seca;Perfeito estado;Não existe;Outras;60 km/h;Única;Faixa seccionada;;
202219777;24/08/2022;;COM VÍTIMA;FINALIZADA;CAMPO GRANDE;RUA CATULO DA PAIXAO CEARENSE;;RUA PROFESSOR FRANCISCO DA TRINDADE;CAMPO GRANDE;;SUBURBIO;COLISÃO FRONTAL;1;1;0;0;0;0;0;0;0;1;0;Cruzamento;Bom;Não existe;Incompleta;Seca;Perfeito estado;Não existe;Não há placas;;Dupla;Faixa seccionada;;
202219780;24/08/2022;;COM VÍTIMA;FINALIZADA;MUSTARDINHA;AV MANOEL GONCALVES DA LUZ;441;;MUSTARDINHA;;SUBURBIO;ATROPELAMENTO DE PESSOA;0;1;0;0;1;0;0;0;0;1;0;Longo da via;Bom;Não existe;Perfeito estado;Seca;Perfeito estado;Não existe;Não há placas;40 km/h;Dupla;Faixa seccionada;;
202219787;24/08/2022;;COM VÍTIMA;FINALIZADA;APIPUCOS;RUA MANDACARU;84;RUA BARAUNA;APIPUCOS;;;COLISÃO FRONTAL;1;1;0;0;0;0;0;0;0;2;0;Esquina;Bom;Não existe;Incompleta;Seca;Perfeito estado;Não existe;Outras;;Dupla;Não existe;;
202219799;24/08/2022;;COM VÍTIMA;FINALIZADA;BEBERIBE;RUA TAGUATINGA;41;;BEBERIBE;;SUBURBIO;ATROPELAMENTO DE PESSOA;0;1;0;0;1;0;0;0;0;1;0;Longo da via;Bom;Não existe;Não existente;Seca;Perfeito estado;Não existe;Outras;30 km/h;Dupla;Não existe;;
202219806;24/08/2022;;COM VÍTIMA;FINALIZADA;CORDEIRO;AV CAXANGA;1953;;CORDEIRO;268;CIDADE;COLISÃO FRONTAL;1;1;0;0;0;0;0;0;0;2;0;Longo da via;Bom;Sem defeito;Perfeito estado;Seca;Perfeito estado;Faixa de pedestre;Não há placas;;Única;Faixa seccionada;Canteiro central;Blocos
202219828;25/08/2022;;COM VÍTIMA;FINALIZADA;SANTO AMARO;RUA ALVARES DE AZEVEDO;93;RUA PALMARES;SANTO AMARO;93;CIDADE;COLISÃO LATERAL;1;1;0;0;0;0;0;0;0;1;0;Cruzamento;Bom;Sem defeito;Perfeito estado;Seca;Perfeito estado;Faixa de pedestre;Outras;;Única;Faixa contínua;;
202219830;25/08/2022;;COM VÍTIMA;FINALIZADA;BOA VIAGEM;RUA PROFESSOR MARIO CASTRO;451;RUA SA E SOUZA;BOA VIAGEM;;SUBURBIO;ATROPELAMENTO DE PESSOA;1;0;0;0;2;0;0;0;0;2;0;Longo da via;Bom;Não existe;Perfeito estado;Seca;Perfeito estado;Faixa de pedestre;"Placas ""Pare""";30 km/h;Dupla;Faixa seccionada;;
202219834;25/08/2022;;COM VÍTIMA;FINALIZADA;SANTO AMARO;AV GOVERNADOR AGAMENON MAGALHAES;4318;;SANTO AMARO;;CIDADE;COLISÃO FRONTAL;2;1;0;0;0;0;0;0;0;1;0;Longo da via;Bom;Não existe;Perfeito estado;Seca;Perfeito estado;Não existe;Não há placas;60 km/h;Dupla;Canteiro central;;
202219856;25/08/2022;;COM VÍTIMA;FINALIZADA;CAMPO GRANDE;AV GOVERNADOR AGAMENON MAGALHAES;;RUA ODORICO MENDES;CAMPO GRANDE;;;COLISÃO TRASEIRA;1;1;0;0;0;0;0;0;0;1;0;;;;;;;;;;;;;
202219862;25/08/2022;;SEM VÍTIMA;FINALIZADA;APIPUCOS;RUA DE APIPUCOS;600;RUA DR PEDRO CORREA;APIPUCOS;;SUBURBIO;COLISÃO TRASEIRA;0;1;0;0;0;0;1;0;0;0;0;Longo da via;Bom;Não existe;Não existente;Seca;Perfeito estado;Não existe;Não há placas;60 km/h;Dupla;Faixa contínua;;