Protocolo;data;hora;natureza;situacao;bairro;endereco;numero;detalhe_endereco_acidente;bairro_cruzamento;num_semaforo;sentido_via;tipo;auto;moto;ciclom;ciclista;pedestre;onibus;caminhao;viatura;outros;vitimas;vitimasfatais;acidente_verificado;tempo_clima;situacao_semaforo;sinalizacao;condicao_via;conservacao_via;ponto_controle;situacao_placa;velocidade_max_via;mao_direcao;divisao_via1;divisao_via2;divisao_via3
202219918;25/08/2022;;COM VÍTIMA;FINALIZADA;IMBIRIBEIRA;AV MARECHAL MASCARENHAS DE MORAES;;;IMBIRIBEIRA;;SUBURBIO;COLISÃO TRASEIRA;0;1;0;0;0;0;1;0;0;2;0;Longo da via;Bom;Não existe;Não existente;Seca;Perfeito estado;Não existe;Não há placas;;Única;Faixa seccionada;;
202219919;26/08/2022;;SEM VÍTIMA;FINALIZADA;SAN MARTIN;AV GENERAL SAN MARTIN;375;;SAN MARTIN;;CIDADE;COLISÃO TRASEIRA;2;0;0;0;0;0;0;0;0;0;0;Longo da via;Bom;Não existe;Incompleta;Seca;Mal iluminada;Não existe;Não há placas;;Dupla;Faixa seccionada;;
202219926;26/08/2022;;COM VÍTIMA;FINALIZADA;IBURA;AV PRESIDENTE DUTRA;;;IBURA;;;COLISÃO TRASEIRA;1;1;0;0;0;0;0;0;0;2;0;;;;;;;;;;;;;
202219932;26/08/2022;;COM VÍTIMA;FINALIZADA;JARDIM SÃO PAULO;AV LIBERDADE;824;;JARDIM SÃO PAULO;;SUBURBIO;COLISÃO LATERAL;1;1;0;0;0;0;0;0;0;1;0;Cruzamento;Bom;Não existe;Perfeito estado;Seca;Perfeito estado;Não existe;Não há placas;;Dupla;Não existe;;
202219939;26/08/2022;;COM VÍTIMA;FINALIZADA;ESTÂNCIA;AV DR JOSE RUFINO;892;;ESTÂNCIA;;SUBURBIO;ATROPELAMENTO DE PESSOA;0;1;0;0;1;0;0;0;0;1;0;Longo da via;Bom;Não existe;Perfeito estado;Seca;Perfeito estado;Faixa de pedestre;Outras;50 km/h;Dupla;Faixa seccionada;;
202219941;26/08/2022;;COM VÍTIMA;FINALIZADA;MADALENA;RUA JOSE BONIFACIO;401;;MADALENA;;SUBURBIO;COLISÃO LATERAL;1;1;0;0;0;0;0;0;0;2;0;Cruzamento;Bom;Não existe;Incompleta;Seca;Perfeito estado;Outros;Outras;;Única;Faixa seccionada;;
202219944;26/08/2022;;SEM VÍTIMA;FINALIZADA;BOA VISTA;RUA DO HOSPICIO;687;;BOA VISTA;;CIDADE;;1;0;0;0;0;0;0;1;0;0;0;;Bom;Não existe;Incompleta;Seca;Perfeito estado;Não existe;Outras;40 km/h;Dupla;Faixa contínua;;
202219950;26/08/2022;;COM VÍTIMA;FINALIZADA;BOA VISTA;RUA DO PRINCIPE;;RUA GERVASIO PIRES;BOA VISTA;41;;ATROPELAMENTO DE PESSOA;1;0;0;0;1;0;0;0;0;1;0;Cruzamento;Bom;Sem defeito;Perfeito estado;Seca;Perfeito estado;Faixa de pedestre;R-6a;;Única;Faixa seccionada;;
202219952;26/08/2022;;COM VÍTIMA;FINALIZADA;DOIS IRMÃOS;RUA CORONEL SILVESTRE BASTOS;122;RUA LUIZ DA MOTTA SILVEIRA;DOIS IRMÃOS;;CIDADE;COLISÃO LATERAL;1;1;0;0;0;0;0;0;0;1;0;Esquina;Bom;Não existe;Incompleta;Seca;Mal conservada;Não existe;Outras;;Dupla;Não existe;;
202219957;26/08/2022;;SEM VÍTIMA;FINALIZADA;CASA AMARELA;AV NORTE MIGUEL ARRAES DE ALENCAR;4555;AV PROFESSOR JOSE DOS ANJOS;CASA AMARELA;364;SUBURBIO;CHOQUE;1;0;0;0;0;0;0;0;0;0;0;Cruzamento;Bom;Sem defeito;Perfeito estado;Seca;;Faixa de pedestre;Outras;;Dupla;Canteiro central;;
202219991;26/08/2022;;COM VÍTIMA;FINALIZADA;SÃO JOSÉ;AV SUL;488;;SÃO JOSÉ;;CIDADE;COLISÃO TRASEIRA;1;1;0;0;0;0;0;0;0;1;0;Longo da via;Bom;Não existe;Incompleta;Seca;Perfeito estado;Não existe;Não há placas;;Dupla;Canteiro central;;
202220000;26/08/2022;;COM VÍTIMA;FINALIZADA;BOA VIAGEM;RUA COPACABANA;36;RUA WALDEMAR NERY CARNEIRO MONTEIRO;BOA VIAGEM;;CIDADE;COLISÃO FRONTAL;0;1;0;0;0;1;0;0;0;1;0;Cruzamento;Bom;Não existe;Perfeito estado;Seca;Perfeito estado;Não existe;Não há placas;;Dupla;Não existe;;
202220001;26/08/2022;;COM VÍTIMA;FINALIZADA;TORRE;PRC PROFESSOR BARRETO CAMPELLO;1183;;TORRE;;SUBURBIO;COLISÃO TRASEIRA;1;1;0;0;0;0;0;0;0;1;0;Longo da via;Bom;Não existe;Incompleta;Seca;Perfeito estado;Outros;Outras;;Única;Faixa seccionada;;
202220003;26/08/2022;;COM VÍTIMA;FINALIZADA;JOANA BEZERRA;VIADUTO CAPITAO TEMUDO;;;JOANA BEZERRA;;;COLISÃO TRASEIRA;1;1;0;0;0;0;0;0;0;1;0;Viaduto;Bom;Não existe;Perfeito estado;Seca;Perfeito estado;Não existe;Não há placas;;Única;Faixa seccionada;;
202220015;26/08/2022;;COM VÍTIMA;FINALIZADA;AFOGADOS;RUA SAO MIGUEL;1331;;AFOGADOS;;SUBURBIO;COLISÃO LATERAL;1;1;0;0;0;0;0;0;0;1;0;Longo da via;Bom;Não existe;Incompleta;Seca;Mal conservada;Não existe;Não há placas;60 km/h;Dupla;Faixa contínua;Faixa seccionada;
202220018;26/08/2022;;COM VÍTIMA;FINALIZADA;CASA AMARELA;EST DAS UBAIAS;147;RUA DR GENARO GUIMARAES;CASA AMARELA;;;COLISÃO FRONTAL;1;1;0;0;0;0;0;0;0;2;0;Longo da via;Chuvoso;Não existe;Perfeito estado;Molhada;Perfeito estado;Não existe;Outras;40 km/h;Dupla;Não existe;;
202220030;27/08/2022;;COM VÍTIMA;FINALIZADA;DOIS UNIDOS;AV HILDEBRANDO DE VASCONCELOS;968;;DOIS UNIDOS;;CIDADE;COLISÃO FRONTAL;1;1;0;0;0;0;0;0;0;1;0;Longo da via;Chuvoso;Não existe;Perfeito estado;Molhada;Perfeito estado;Não existe;R-6a;;Dupla;Faixa contínua;;
202220031;27/08/2022;;COM VÍTIMA;CANCELADA;CAXANGÁ;AV CAXANGA;;AV AFONSO OLINDENSE;CAXANGÁ;;;QUEDA;0;1;0;0;0;0;0;0;0;1;0;;;;;;;;;;;;;
202220071;27/08/2022;;COM VÍTIMA;FINALIZADA;MADALENA;AV VISCONDE DE ALBUQUERQUE;;RUA JOSE OSORIO;MADALENA;;SUBURBIO;COLISÃO LATERAL;1;1;0;0;0;0;0;0;0;1;0;Cruzamento;Chuvoso;Sem defeito;Perfeito estado;Molhada;Perfeito estado;Faixa de pedestre;Outras;;Única;Faixa contínua;Faixa seccionada;
202220098;28/08/2022;;COM VÍTIMA;FINALIZADA;BONGI;RUA SANTA EDWIRGES;468;;BONGI;;;QUEDA;0;1;0;0;0;0;0;0;0;1;0;Longo da via;Bom;Não existe;Não existente;Seca;Mal conservada;Não existe;Não há placas;;Dupla;Não existe;;
202220102;28/08/2022;;COM VÍTIMA;FINALIZADA;SÃO JOSÉ;C SANTA RITA;;;SÃO JOSÉ;;CIDADE;ATROPELAMENTO DE PESSOA;0;0;0;0;1;1;0;0;0;1;0;Outros;Bom;Não existe;Não existente;Seca;Perfeito estado;Não existe;Não há placas;;Única;Não existe;;
202220117;28/08/2022;;COM VÍTIMA;FINALIZADA;ÁGUA FRIA;RUA LADEIRA DE PEDRA;108;;ÁGUA FRIA;;SUBURBIO;COLISÃO TRASEIRA;1;1;0;0;0;0;0;0;0;1;0;Longo da via;Bom;Não existe;Perfeito estado;Seca;Mal conservada;Não existe;R-6a;;Dupla;Não existe;;
202220126;28/08/2022;;COM VÍTIMA;FINALIZADA;BOA VIAGEM;RUA JOSE MARIA DE MIRANDA;299;;BOA VIAGEM;;;COLISÃO LATERAL;1;1;0;0;0;0;0;0;0;1;0;Cruzamento;Bom;Não existe;Incompleta;Seca;Perfeito estado;Faixa de pedestre;"Placas ""Pare""";;Única;Não existe;;
202220136;28/08/2022;;COM VÍTIMA;FINALIZADA;IPSEP;AV RECIFE;;RUA GONCALVES DE MAGALHAES;IPSEP;393;;COLISÃO LATERAL;1;1;0;0;0;0;0;0;0;1;0;Cruzamento;Bom;Sem defeito;Perfeito estado;Seca;Perfeito estado;Faixa de pedestre;R-4a;60 km/h;Dupla;Canteiro central;;
202220139;28/08/2022;;COM VÍTIMA;FINALIZADA;ILHA DO LEITE;VDO PAPA JOAO PAULO II;;;ILHA DO LEITE;;;COLISÃO FRONTAL;0;2;0;0;0;0;0;0;0;1;0;Viaduto;Bom;Não existe;Incompleta;Seca;Perfeito estado;Não existe;Não há placas;;Dupla;Canteiro central;;
202220141;28/08/2022;;COM VÍTIMA;FINALIZADA;PARNAMIRIM;AV NORTE MIGUEL ARRAES DE ALENCAR;4223;RUA GOMES COUTINHO;PARNAMIRIM;;CIDADE;COLISÃO COM CICLISTA;0;1;0;1;0;0;0;0;0;1;0;Cruzamento;Bom;Sem defeito;Perfeito estado;Seca;Perfeito estado;Faixa de pedestre;R-6a;;Dupla;Canteiro central;;
202220146;29/08/2022;;COM VÍTIMA;FINALIZADA;ÁGUA FRIA;EST VELHA DE AGUA FRIA;1762;;ÁGUA FRIA;;CIDADE;ATROPELAMENTO DE PESSOA;0;1;0;0;1;0;0;0;0;1;0;Longo da via;Chuvoso;Não existe;Perfeito estado;Molhada;Perfeito estado;Não existe;Não há placas;40 km/h;Única;Faixa seccionada;;
202220147;29/08/2022;;SEM VÍTIMA;CANCELADA;AREIAS;AV TAPAJOS;294;;AREIAS;;;COLISÃO FRONTAL;0;0;0;0;0;0;0;0;0;0;0;;;;;;;;;;;;;
202220163;29/08/2022;;COM VÍTIMA;FINALIZADA;AFOGADOS;RUA NICOLAU PEREIRA;;;AFOGADOS;;;ATROPELAMENTO DE PESSOA;1;0;0;0;1;0;0;0;0;1;0;;;;;;;;;;;;;
202220168;29/08/2022;;COM VÍTIMA;FINALIZADA;TORRE;RUA LAURA CAMPELO;131;RUA HORACIO CAHU;TORRE;;CIDADE;COLISÃO LATERAL;1;1;0;0;0;0;0;0;0;1;0;Esquina;Chuvoso;Não existe;Incompleta;Molhada;Perfeito estado;Não existe;Não há placas;;Dupla;Não existe;;
202220180;29/08/2022;;SEM VÍTIMA;FINALIZADA;GRAÇAS;AV RUI BARBOSA;760;;GRAÇAS;;;COLISÃO TRASEIRA;1;0;0;0;0;0;0;1;0;0;0;;;;;;;;;;;;;
202220181;29/08/2022;;COM VÍTIMA;FINALIZADA;BOA VIAGEM;RUA POETA ZEZITO NEVES;411;;BOA VIAGEM;;;COLISÃO LATERAL;1;1;0;0;0;0;0;0;0;1;0;Longo da via;Bom;Não existe;Perfeito estado;Seca;Perfeito estado;Faixa de pedestre;R-6a;;Única;Não existe;;
202220182;29/08/2022;;COM VÍTIMA;DUPLICIDADE;BOA VIAGEM;RUA POETA ZEZITO NEVES;281;;BOA VIAGEM;;;COLISÃO LATERAL;1;1;0;0;0;0;0;0;0;1;0;;;;;;;;;;;;;
202220192;29/08/2022;;COM VÍTIMA;FINALIZADA;BOA VIAGEM;AV ENGENHEIRO DOMINGOS FERREIRA;4023;;BOA VIAGEM;155;;COLISÃO TRASEIRA;2;0;0;0;0;0;0;0;0;1;0;Longo da via;Bom;Sem defeito;Não existente;Seca;Outros;Faixa de pedestre;R-6a;;Única;Faixa seccionada;;
202220197;29/08/2022;;COM VÍTIMA;CANCELADA;PINA;AV REPUBLICA DO LIBANO;;;PINA;;;COLISÃO LATERAL;0;2;0;0;0;0;0;0;0;1;0;;;;;;;;;;;;;
202220205;29/08/2022;;COM VÍTIMA;FINALIZADA;CORDEIRO;RUA DR MIGUEL VIEIRA FERREIRA;365;;CORDEIRO;;;COLISÃO TRASEIRA;1;1;0;0;0;0;0;0;0;1;0;Longo da via;Bom;Não existe;Ilegível;Seca;Perfeito estado;Não existe;R-6a;;Dupla;Faixa contínua;;
202220210;29/08/2022;;COM VÍTIMA;FINALIZADA;BARRO;AV DR JOSE RUFINO;;;BARRO;;SUBURBIO;COLISÃO FRONTAL;1;1;0;0;0;0;0;0;0;1;0;Cruzamento;Bom;Não existe;Não existente;Seca;Perfeito estado;Não existe;Não há placas;;Dupla;Não existe;;
202220224;29/08/2022;;COM VÍTIMA;FINALIZADA;CAMPO GRANDE;RUA MARQUES DE BAIPENDI;120;;CAMPO GRANDE;;SUBURBIO;COLISÃO LATERAL;1;1;0;0;0;0;0;0;0;1;0;Longo da via;Bom;Não existe;Perfeito estado;Seca;Perfeito estado;Não existe;Não há placas;60 km/h;Dupla;Faixa seccionada;;
202220230;29/08/2022;;COM VÍTIMA;CANCELADA;SAN MARTIN;RUA DELMIRO GOUVEIA;221;;SAN MARTIN;;;COLISÃO TRASEIRA;1;1;0;0;0;0;0;0;0;1;0;;;;;;;;;;;;;
202220242;29/08/2022;;COM VÍTIMA;FINALIZADA;MADALENA;RUA BENFICA;;;MADALENA;;CIDADE;COLISÃO LATERAL;1;1;0;0;0;0;0;0;0;1;0;Longo da via;Bom;Não existe;Não existente;Seca;Perfeito estado;Não existe;R-6a;40 km/h;Única;Faixa seccionada;;
202220243;29/08/2022;;COM VÍTIMA;FINALIZADA;BOA VIAGEM;RUA DEZ DE JULHO;;RUA CAMBOIM;BOA VIAGEM;;;COLISÃO LATERAL;1;1;0;0;0;0;0;0;0;1;0;Longo da via;Bom;Não existe;Perfeito estado;Seca;Perfeito estado;Faixa de pedestre;Não há placas;40 km/h;Única;Faixa seccionada;;
202220247;30/08/2022;;SEM VÍTIMA;FINALIZADA;ESPINHEIRO;RUA QUARENTA E OITO;;RUA DO ESPINHEIRO;ESPINHEIRO;166;CIDADE;COLISÃO TRANSVERSAL;1;0;0;0;0;1;0;0;0;0;0;Cruzamento;Bom;Sem defeito;Perfeito estado;Seca;Perfeito estado;Faixa de pedestre;Outras;;Única;Faixa contínua;;
202220266;30/08/2022;;COM VÍTIMA;FINALIZADA;BARRO;AV DR JOSE RUFINO;2342;RUA CAPITAO PONCIANO;BARRO;;SUBURBIO;COLISÃO TRANSVERSAL;1;1;0;0;0;0;0;0;0;1;0;Longo da via;Bom;Não existe;Perfeito estado;Seca;Perfeito estado;Não existe;"Placas ""Pare""";60 km/h;Dupla;Faixa contínua;;
202220268;30/08/2022;;COM VÍTIMA;FINALIZADA;ROSARINHO;AV SANTOS DUMONT;490;RUA TELES JUNIOR;ROSARINHO;;;COLISÃO LATERAL;1;1;0;0;0;0;0;0;0;1;0;Cruzamento;Bom;Não existe;Incompleta;Seca;Perfeito estado;Faixa de pedestre;Outras;;Única;Faixa seccionada;;
202220281;30/08/2022;;COM VÍTIMA;FINALIZADA;DERBY;AV GOVERNADOR AGAMENON MAGALHAES;;;DERBY;75;SUBURBIO;COLISÃO TRASEIRA;1;1;0;0;0;0;0;0;0;1;0;Cruzamento;Bom;Sem defeito;Perfeito estado;Seca;Perfeito estado;Faixa de pedestre;Outras;60 km/h;Dupla;Canteiro central;;
202220312;30/08/2022;;COM VÍTIMA;FINALIZADA;BOA VIAGEM;AV ENGENHEIRO DOMINGOS FERREIRA;4420;;BOA VIAGEM;;SUBURBIO;COLISÃO LATERAL;1;1;0;0;0;0;0;0;0;1;0;Longo da via;Bom;Não existe;Perfeito estado;Seca;Perfeito estado;Não existe;Não há placas;;Única;Canteiro central;;
202220326;30/08/2022;;COM VÍTIMA;FINALIZADA;SANTO AMARO;AV GOVERNADOR AGAMENON MAGALHAES;;AV DR JAYME DA FONTE;SANTO AMARO;;;COLISÃO LATERAL;1;1;0;0;0;0;0;0;0;1;0;Cruzamento;Bom;Sem defeito;Perfeito estado;Seca;Perfeito estado;Faixa de pedestre;Outras;40 km/h;Dupla;Faixa contínua;;
202220348;30/08/2022;;COM VÍTIMA;FINALIZADA;ÁGUA FRIA;RUA JOAO UZEDA LUNA;75;RUA JOAO UZEDA LUNA;ÁGUA FRIA;;SUBURBIO;COLISÃO LATERAL;1;1;0;0;0;0;0;0;0;1;0;Cruzamento;Bom;Não existe;Incompleta;Seca;Perfeito estado;Não existe;R-6a;40 km/h;Dupla;Não existe;;
202220350;31/08/2022;;COM VÍTIMA;FINALIZADA;ENCRUZILHADA;AV BEBERIBE;;RUA PEDRO ALVES;ENCRUZILHADA;186;SUBURBIO;COLISÃO LATERAL;1;1;0;0;0;0;0;0;0;1;0;Longo da via;Chuvoso;Sem defeito;Perfeito estado;Molhada;Perfeito estado;Faixa de pedestre;Não há placas;40 km/h;Dupla;Faixa contínua;;
202220358;31/08/2022;;COM VÍTIMA;FINALIZADA;IPSEP;AV RECIFE;1810;;IPSEP;;SUBURBIO;COLISÃO TRASEIRA;1;1;0;0;0;0;0;0;0;1;0;Longo da via;Chuvoso;Sem defeito;Perfeito estado;Molhada;Perfeito estado;Agente;R-4a;;Única;Canteiro central;;
202220371;31/08/2022;;COM VÍTIMA;FINALIZADA;BOA VISTA;AV CONDE DA BOA VISTA;;RUA SETE DE SETEMBRO;BOA VISTA;486;;ATROPELAMENTO DE PESSOA;1;0;0;0;1;0;0;0;0;1;0;Cruzamento;Bom;Sem defeito;Perfeito estado;Seca;Perfeito estado;;Outras;;Dupla;Canteiro central;;
202220382;31/08/2022;;COM VÍTIMA;FINALIZADA;ILHA DO RETIRO;RUA ANTONIO GOMES DE FREITAS;191;;ILHA DO RETIRO;;CIDADE;COLISÃO LATERAL;2;0;0;0;0;0;0;0;0;1;0;Longo da via;Bom;Sem defeito;Perfeito estado;Seca;Perfeito estado;Não existe;R-34;40 km/h;Única;Faixa seccionada;;
202220386;31/08/2022;;SEM VÍTIMA;CANCELADA;ENGENHO DO MEIO;RUA ANTONIO CURADO;;RUA MANUEL ALVES DEUSDARA;ENGENHO DO MEIO;;;COLISÃO LATERAL;2;0;0;0;0;0;0;0;0;0;0;;;;;;;;;;;;;
202220398;31/08/2022;;COM VÍTIMA;FINALIZADA;VÁRZEA;RUA DIOGO DE VASCONCELOS;234;RUA JAGUARIBARA;VÁRZEA;;SUBURBIO;COLISÃO TRASEIRA;1;1;0;0;0;0;0;0;0;1;0;Longo da via;Bom;Não existe;Não existente;Seca;Perfeito estado;Não existe;Não há placas;;Dupla;Não existe;;
202220402;31/08/2022;;COM VÍTIMA;CANCELADA;APIPUCOS;RUA DE APIPUCOS;1070;;APIPUCOS;;;COLISÃO LATERAL;0;2;0;0;0;0;0;0;0;1;0;;;;;;;;;;;;;
202220404;31/08/2022;;COM VÍTIMA;FINALIZADA;IMBIRIBEIRA;AV MARECHAL MASCARENHAS DE MORAES;2284;RUA ITACARE;IMBIRIBEIRA;386;SUBURBIO;COLISÃO LATERAL;1;1;0;0;0;0;0;0;0;1;0;Esquina;Bom;Sem defeito;Incompleta;Seca;Perfeito estado;;Outras;;Dupla;Canteiro central;;
202220405;31/08/2022;;SEM VÍTIMA;FINALIZADA;IBURA;LAD DA COHAB;;;IBURA;;SUBURBIO;COLISÃO TRASEIRA;2;0;0;0;0;0;0;0;0;0;0;Longo da via;Bom;Não existe;;Seca;Mal conservada;Não existe;R-6a;;Dupla;;;
202220406;31/08/2022;;COM VÍTIMA;FINALIZADA;BEBERIBE;AV BEBERIBE;;;BEBERIBE;;CIDADE;COLISÃO TRASEIRA;0;1;0;0;0;1;0;0;0;2;0;Longo da via;Bom;Não existe;Perfeito estado;Seca;Perfeito estado;Não existe;Não há placas;;Dupla;Faixa contínua;Faixa seccionada;
202220409;31/08/2022;;COM VÍTIMA;CANCELADA;CAXANGÁ;AV JOAQUIM RIBEIRO;384;;CAXANGÁ;;;COLISÃO LATERAL;1;1;0;0;0;0;0;0;0;1;0;;;;;;;;;;;;;
202220413;31/08/2022;;COM VÍTIMA;FINALIZADA;JIQUIÁ;AV DR JOSE RUFINO;;RUA VEREADOR FRANCISCO DE PAULA SANTANA CHICO DA MANOLA;JIQUIÁ;;CIDADE;COLISÃO LATERAL;1;1;0;0;0;0;0;0;0;1;0;Longo da via;Bom;Sem defeito;Perfeito estado;Seca;Perfeito estado;Não existe;Não há placas;;Dupla;Faixa seccionada;;
202220431;31/08/2022;;COM VÍTIMA;FINALIZADA;BOA VIAGEM;RUA SA E SOUZA;;RUA BALTAZAR PASSOS;BOA VIAGEM;;SUBURBIO;COLISÃO LATERAL;1;1;0;0;0;0;0;0;0;1;0;Cruzamento;Bom;Não existe;Perfeito estado;Seca;Perfeito estado;Não existe;Não há placas;;Dupla;Faixa seccionada;;
202220434;01/09/2022;;COM VÍTIMA;FINALIZADA;TAMARINEIRA;RUA SIMAO MENDES;1997;;TAMARINEIRA;;;CHOQUE;1;0;0;0;0;0;0;0;0;1;0;Longo da via;Chuvoso;Não existe;Perfeito estado;Molhada;Perfeito estado;Faixa de pedestre;Outras;;Única;Não existe;;
202220448;01/09/2022;;COM VÍTIMA;FINALIZADA;BOA VIAGEM;RUA DEZ DE JULHO;;RUA WALDEMAR NERY CARNEIRO MONTEIRO;BOA VIAGEM;573;;COLISÃO LATERAL;2;0;0;0;0;0;0;0;0;1;0;Cruzamento;Chuvoso;Sem defeito;Perfeito estado;Molhada;Perfeito estado;Faixa de pedestre;R-24a;;Única;Faixa contínua;;
202220455;01/09/2022;;COM VÍTIMA;FINALIZADA;IMBIRIBEIRA;AV MARECHAL MASCARENHAS DE MORAES;;;IMBIRIBEIRA;501;CIDADE;COLISÃO COM CICLISTA;0;1;0;1;0;0;0;0;0;1;0;Longo da via;Bom;Sem defeito;Perfeito estado;Seca;Perfeito estado;Faixa de pedestre;Outras;60 km/h;Única;Faixa contínua;;
202220458;01/09/2022;;COM VÍTIMA;FINALIZADA;MADALENA;AV VISCONDE DE ALBUQUERQUE;401;RUA LOPES DE CARVALHO;MADALENA;;;COLISÃO LATERAL;3;0;0;0;0;0;0;0;0;2;0;Cruzamento;Bom;Não existe;Perfeito estado;Seca;Perfeito estado;Não existe;"Placas ""Pare""";;Única;Faixa seccionada;;
202220462;01/09/2022;;COM VÍTIMA;FINALIZADA;AFOGADOS;RUA SAO MIGUEL;1165;RUA ARNALDO PIMENTEL;AFOGADOS;;CIDADE;COLISÃO FRONTAL;1;1;0;0;0;0;0;0;0;1;0;Cruzamento;Bom;Não existe;Perfeito estado;Seca;Perfeito estado;Não existe;Não há placas;50 km/h;Dupla;Faixa contínua;;
202220521;01/09/2022;;COM VÍTIMA;FINALIZADA;BAIRRO DO RECIFE;RUA DA AURORA;;;BAIRRO DO RECIFE;;;COLISÃO TRASEIRA;2;0;0;0;0;0;0;0;0;1;0;Longo da via;Bom;Não existe;Perfeito estado;Seca;Perfeito estado;Não existe;Não há placas;;Única;Canteiro central;;
202220522;01/09/2022;;SEM VÍTIMA;FINALIZADA;BOA VIAGEM;RUA VISCONDE DE JEQUITINHONHA;;RUA BALTAZAR PASSOS;BOA VIAGEM;154;SUBURBIO;COLISÃO TRANSVERSAL;1;0;0;0;0;0;0;1;0;0;0;Cruzamento;Bom;Sem defeito;Perfeito estado;Seca;Perfeito estado;Faixa de pedestre;Outras;40 km/h;Única;Faixa contínua;;
202220531;01/09/2022;;COM VÍTIMA;FINALIZADA;IMBIRIBEIRA;AV MARECHAL MASCARENHAS DE MORAES;;;IMBIRIBEIRA;;CIDADE;COLISÃO TRASEIRA;1;1;0;0;0;0;0;0;0;2;0;Longo da via;Bom;Sem defeito;Perfeito estado;Seca;Perfeito estado;Faixa de pedestre;;;Única;Faixa contínua;Faixa seccionada;Canteiro central
202220532;01/09/2022;;COM VÍTIMA;FINALIZADA;IPSEP;AV RECIFE;;;IPSEP;;SUBURBIO;COLISÃO TRASEIRA;0;1;0;0;0;0;1;0;0;1;0;Longo da via;Bom;Não existe;Perfeito estado;Seca;Perfeito estado;Não existe;Não há placas;;;Faixa seccionada;;
202220536;01/09/2022;;COM VÍTIMA;FINALIZADA;PORTO DA MADEIRA;AV BEBERIBE;4011;RUA ARAPARI;PORTO DA MADEIRA;;SUBURBIO;COLISÃO FRONTAL;1;1;0;0;0;0;0;0;0;1;0;Esquina;Chuvoso;Não existe;Não existente;Molhada;Perfeito estado;Não existe;Não há placas;;Dupla;Não existe;;
202220559;02/09/2022;;COM VÍTIMA;FINALIZADA;CORDEIRO;AV CAXANGA;3124;RUA CAPITAO AURELIO DE ARAUJO;CORDEIRO;610;SUBURBIO;COLISÃO LATERAL;1;1;0;0;0;0;0;0;0;1;0;Longo da via;Chuvoso;Sem defeito;Perfeito estado;Molhada;Perfeito estado;Faixa de pedestre;R-6a;;Dupla;Faixa contínua;Canteiro central;
202220609;02/09/2022;;COM VÍTIMA;FINALIZADA;GRAÇAS;AV GOVERNADOR AGAMENON MAGALHAES;;1 TRV JUSTICA E PAZ;GRAÇAS;;CIDADE;ATROPELAMENTO DE PESSOA;0;1;0;0;1;0;0;0;0;1;0;Longo da via;Bom;Não existe;Perfeito estado;Seca;Perfeito estado;Não existe;Não há placas;;Dupla;Canteiro central;;
202220628;02/09/2022;;COM VÍTIMA;CANCELADA;GRAÇAS;RUA DO FUTURO;;RUA AMELIA;GRAÇAS;;;COLISÃO COM CICLISTA;1;0;0;1;0;0;0;0;0;1;0;;;;;;;;;;;;;
202220634;02/09/2022;;COM VÍTIMA;CANCELADA;JORDÃO;RUA BEIRA RIO;847;;JORDÃO;;;ATROPELAMENTO DE PESSOA;1;0;0;0;1;0;0;0;0;1;0;;;;;;;;;;;;;
202220639;02/09/2022;;SEM VÍTIMA;FINALIZADA;BAIRRO DO RECIFE;PTE GIRATORIA;;;BAIRRO DO RECIFE;;;CHOQUE;0;0;0;0;0;0;1;0;0;0;0;Longo da via;Bom;Sem defeito;Perfeito estado;Seca;Perfeito estado;Faixa de retenção;Não há placas;;Dupla;Canteiro central;;
202220661;03/09/2022;;COM VÍTIMA;FINALIZADA;ILHA DO RETIRO;RUA COMENDADOR BENTO AGUIAR;95;AV JOSE GONCALVES DE MEDEIROS;ILHA DO RETIRO;;;COLISÃO TRASEIRA;0;2;0;0;0;0;0;0;0;1;0;Longo da via;Bom;Não existe;Perfeito estado;Seca;Perfeito estado;Não existe;Não há placas;40 km/h;Dupla;Não existe;;
202220671;03/09/2022;;SEM VÍTIMA;FINALIZADA;CASA AMARELA;RUA CONS NABUCO;;EST DAS UBAIAS;CASA AMARELA;;;CHOQUE;1;0;0;0;0;0;0;0;0;0;0;;;;;;;;;;;;;
202220691;03/09/2022;;COM VÍTIMA;FINALIZADA;ARRUDA;AV BEBERIBE;1581;RUA ALEGRE;ARRUDA;64;SUBURBIO;COLISÃO LATERAL;0;1;0;0;0;1;0;0;0;1;0;Cruzamento;Bom;Sem defeito;Perfeito estado;Seca;Perfeito estado;Faixa de pedestre;Não há placas;;Única;Não existe;;