Protocolo;data;hora;natureza;situacao;bairro;endereco;numero;detalhe_endereco_acidente;bairro_cruzamento;num_semaforo;sentido_via;tipo;auto;moto;ciclom;ciclista;pedestre;onibus;caminhao;viatura;outros;vitimas;vitimasfatais;acidente_verificado;tempo_clima;situacao_semaforo;sinalizacao;condicao_via;conservacao_via;ponto_controle;situacao_placa;velocidade_max_via;mao_direcao;divisao_via1;divisao_via2;divisao_via3
202220695;03/09/2022;;COM VÍTIMA;FINALIZADA;IPSEP;AV RECIFE;;;IPSEP;;;COLISÃO LATERAL;3;1;0;0;0;0;0;0;0;1;0;;;;;;;;;;;;;
202220718;03/09/2022;;COM VÍTIMA;FINALIZADA;AREIAS;AV DR JOSE RUFINO;1260;RUA DA VILA;AREIAS;;CIDADE;COLISÃO LATERAL;1;1;0;0;0;0;0;0;0;1;0;Cruzamento;Bom;Não existe;Ilegível;Seca;Mal conservada;Não existe;Não há placas;60 km/h;Dupla;Faixa contínua;;
202220719;03/09/2022;;COM VÍTIMA;FINALIZADA;MADALENA;TUNEL DA ABOLICAO;;;MADALENA;;CIDADE;QUEDA;0;1;0;0;0;0;0;0;0;2;0;Longo da via;Bom;Não existe;Incompleta;Molhada;Mal conservada;Não existe;Outras;;Única;Não existe;;
202220720;03/09/2022;;COM VÍTIMA;FINALIZADA;CASA FORTE;AV DEZESSETE DE AGOSTO;1869;;CASA FORTE;;CIDADE;COLISÃO TRASEIRA;1;1;0;0;0;0;0;0;0;1;0;Longo da via;Bom;Sem defeito;Perfeito estado;Seca;Perfeito estado;Faixa de pedestre;Outras;;Dupla;Faixa contínua;;
202220721;03/09/2022;;COM VÍTIMA;FINALIZADA;JIQUIÁ;AV JOAO CABRAL DE MELO NETO;756;AV RECIFE;JIQUIÁ;;SUBURBIO;COLISÃO TRASEIRA;1;0;0;1;0;0;0;0;0;1;0;Longo da via;Bom;Não existe;Perfeito estado;Seca;Perfeito estado;Não existe;Não há placas;;Dupla;Canteiro central;;
202220734;03/09/2022;;COM VÍTIMA;FINALIZADA;CORDEIRO;RUA PROFESSOR JOAQUIM XAVIER DE BRITO;315;AV MARIO ALVARES PEREIRA DE LYRA;CORDEIRO;134;CIDADE;CHOQUE;0;1;0;0;0;0;1;0;0;1;0;Cruzamento;Bom;Sem defeito;Perfeito estado;Seca;Perfeito estado;Faixa de pedestre;Não há placas;;Dupla;Não existe;;
202220737;03/09/2022;;COM VÍTIMA;FINALIZADA;TORRE;RUA JOSE BONIFACIO;1315;;TORRE;;;COLISÃO LATERAL;1;1;0;0;0;0;0;0;0;1;0;;Bom;;;;;;;;;;;
202220740;03/09/2022;;SEM VÍTIMA;FINALIZADA;ILHA DO RETIRO;AV ENGENHEIRO ABDIAS DE CARVALHO;;EST DOS REMEDIOS;ILHA DO RETIRO;;;COLISÃO TRASEIRA;3;0;0;0;0;0;0;0;0;0;0;;;;;;;;;;;;;
202220742;03/09/2022;;COM VÍTIMA;FINALIZADA;MADALENA;AV BEIRA RIO;825;RUA DOM JOAO DE SOUZA;MADALENA;;;ATROPELAMENTO DE PESSOA;0;1;0;0;1;0;0;0;0;2;0;Longo da via;Bom;Sem defeito;Perfeito estado;Seca;Mal iluminada;Faixa de pedestre;Outras;60 km/h;Dupla;Faixa contínua;;
202220756;03/09/2022;;COM VÍTIMA;FINALIZADA;CASA AMARELA;AV NORTE MIGUEL ARRAES DE ALENCAR;;RUA VASCO DA GAMA;CASA AMARELA;66;SUBURBIO;COLISÃO FRONTAL;0;1;0;0;0;1;0;0;0;2;0;Cruzamento;Bom;Sem defeito;Perfeito estado;Seca;Perfeito estado;Faixa de pedestre;Não há placas;60 km/h;Dupla;Canteiro central;;
202220759;03/09/2022;;COM VÍTIMA;FINALIZADA;CAXANGÁ;AV CAXANGA;;;CAXANGÁ;80;CIDADE;ATROPELAMENTO DE PESSOA;0;1;0;0;1;0;0;0;0;1;0;Cruzamento;Bom;Sem defeito;Perfeito estado;Seca;Perfeito estado;Faixa de pedestre;Outras;;Dupla;Canteiro central;;
202220763;03/09/2022;;SEM VÍTIMA;FINALIZADA;MADALENA;AV ENGENHEIRO ABDIAS DE CARVALHO;;;MADALENA;;CIDADE;CHOQUE;0;0;0;0;0;0;0;0;0;0;0;Longo da via;Bom;Desligado;Perfeito estado;Seca;Perfeito estado;Faixa de pedestre;R-6a;;Única;Faixa seccionada;;
202220765;04/09/2022;;COM VÍTIMA;FINALIZADA;CAXANGÁ;AV JOAQUIM RIBEIRO;;RUA RIBEIRO PESSOA;CAXANGÁ;281;;COLISÃO FRONTAL;1;1;0;0;0;0;0;0;0;1;0;;;;;;;;;;;;;
202220769;04/09/2022;;COM VÍTIMA;FINALIZADA;JARDIM SÃO PAULO;AV RECIFE;449;;JARDIM SÃO PAULO;704;;COLISÃO TRASEIRA;1;1;0;0;0;0;0;0;0;1;0;Longo da via;Bom;Sem defeito;Perfeito estado;Seca;Perfeito estado;Faixa de pedestre;Não há placas;60 km/h;Dupla;Canteiro central;;
202220787;04/09/2022;;COM VÍTIMA;FINALIZADA;MANGUEIRA;RUA DR JOAO ELISIO;247;;MANGUEIRA;;CIDADE;COLISÃO LATERAL;1;1;0;0;0;0;0;0;0;1;0;Longo da via;Bom;Não existe;Perfeito estado;Seca;Perfeito estado;Não existe;Não há placas;30 km/h;Dupla;Não existe;;
202220809;04/09/2022;;SEM VÍTIMA;FINALIZADA;BONGI;EST DO BONGI;;;BONGI;;;COLISÃO LATERAL;0;0;0;0;0;0;0;0;0;0;0;;;;;;;;;;;;;
202220814;04/09/2022;;COM VÍTIMA;FINALIZADA;MADALENA;AV CAXANGA;;RUA JOAO IVO DA SILVA;MADALENA;257;CIDADE;COLISÃO FRONTAL;1;1;0;0;0;0;0;0;0;1;0;Cruzamento;Nublado;Sem defeito;Perfeito estado;Seca;Perfeito estado;Faixa de pedestre;R-26;40 km/h;Dupla;Faixa contínua;;
202220821;04/09/2022;;COM VÍTIMA;FINALIZADA;CASA AMARELA;RUA NOVA DESCOBERTA;144;RUA BUJARU;CASA AMARELA;;SUBURBIO;COLISÃO FRONTAL;1;1;0;0;0;0;0;0;0;1;0;Esquina;Bom;Não existe;Perfeito estado;Seca;Perfeito estado;;Outras;30 km/h;Dupla;;Faixa seccionada;
202220835;04/09/2022;;COM VÍTIMA;FINALIZADA;ENCRUZILHADA;AV NORTE MIGUEL ARRAES DE ALENCAR;;AV JOAO DE BARROS;ENCRUZILHADA;43;SUBURBIO;COLISÃO LATERAL;1;1;0;0;0;0;0;0;0;2;0;Cruzamento;Chuvoso;Sem defeito;Perfeito estado;Molhada;Perfeito estado;Faixa de pedestre;R-6a;;Dupla;Canteiro central;;
202220842;05/09/2022;;SEM VÍTIMA;FINALIZADA;BOA VIAGEM;AVENIDA CELSO FURTADO (VIA MANGUE);;;BOA VIAGEM;;CIDADE;CHOQUE;0;0;0;0;0;0;0;0;0;0;0;;;;;;;;;;;;;
202220849;05/09/2022;;COM VÍTIMA;FINALIZADA;IMBIRIBEIRA;AV MARECHAL MASCARENHAS DE MORAES;2662;;IMBIRIBEIRA;7;SUBURBIO;COLISÃO TRASEIRA;1;1;0;0;0;0;0;0;0;1;0;Longo da via;Chuvoso;Sem defeito;Não existente;Molhada;Perfeito estado;Não existe;Não há placas;60 km/h;Única;Não existe;;
202220857;05/09/2022;;COM VÍTIMA;FINALIZADA;MADALENA;RUA JOSE BONIFACIO;125;RUA URIEL PAES BARRETO;MADALENA;;SUBURBIO;COLISÃO LATERAL;2;0;0;0;0;0;0;0;0;1;0;Cruzamento;Chuvoso;Não existe;Perfeito estado;Molhada;Perfeito estado;Não existe;"Placas ""Pare""";;Única;Faixa seccionada;;
202220860;05/09/2022;;SEM VÍTIMA;FINALIZADA;IMBIRIBEIRA;AV MARECHAL MASCARENHAS DE MORAES;;;IMBIRIBEIRA;;;COLISÃO TRASEIRA;1;1;0;0;0;0;0;0;0;0;0;;;;;;;;;;;;;
202220862;05/09/2022;;COM VÍTIMA;FINALIZADA;AREIAS;RUA IPOJUCA;274;RUA CARUARU;AREIAS;;CIDADE;COLISÃO LATERAL;1;1;0;0;0;0;0;0;0;1;0;Cruzamento;Chuvoso;Não existe;Perfeito estado;Molhada;Perfeito estado;Não existe;"Placas ""Pare""";30 km/h;Dupla;Não existe;;
202220871;05/09/2022;;SEM VÍTIMA;FINALIZADA;BOA VIAGEM;RUA RIBEIRO DE BRITO;;AV CONSELHEIRO AGUIAR;BOA VIAGEM;147;;CHOQUE;0;0;0;0;0;1;0;0;0;0;0;;;;;;;;;;;;;
202220878;05/09/2022;;COM VÍTIMA;FINALIZADA;CABANGA;RUA GENERAL ESTILAC LEAL;439;;CABANGA;;CIDADE;QUEDA;0;1;0;0;0;0;0;0;0;2;0;Longo da via;Bom;Não existe;Não existente;Oleosa;Perfeito estado;Não existe;Não há placas;;Dupla;Não existe;;
202220879;05/09/2022;;COM VÍTIMA;FINALIZADA;TAMARINEIRA;AV CONS ROSA E SILVA;149;;TAMARINEIRA;61;SUBURBIO;COLISÃO LATERAL;2;1;0;0;0;0;0;0;0;1;0;Longo da via;;Sem defeito;Perfeito estado;;Perfeito estado;Faixa de pedestre;R-6a;;Única;Canteiro central;;
202220915;05/09/2022;;COM VÍTIMA;FINALIZADA;JARDIM SÃO PAULO;RUA LEANDRO BARRETO;685;AV SAO PAULO;JARDIM SÃO PAULO;507;SUBURBIO;COLISÃO TRASEIRA;1;2;0;0;0;0;0;0;0;1;0;Longo da via;Chuvoso;Sem defeito;Perfeito estado;Molhada;Perfeito estado;Faixa de pedestre;Não há placas;;Dupla;Não existe;;
202220920;05/09/2022;;COM VÍTIMA;CANCELADA;BOA VIAGEM;AV BOA VIAGEM;;;BOA VIAGEM;;;COLISÃO TRASEIRA;1;1;0;0;0;0;0;0;0;1;0;;;;;;;;;;;;;
202220925;05/09/2022;;COM VÍTIMA;FINALIZADA;DERBY;RUA JENER DE SOUZA;;RUA AMAURI DE MEDEIROS;DERBY;;;COLISÃO FRONTAL;1;1;0;0;0;0;0;0;0;1;0;Cruzamento;Chuvoso;Não existe;Perfeito estado;Molhada;Perfeito estado;Faixa de pedestre;"Placas ""Pare""";;Única;Canteiro central;;
202220959;06/09/2022;;SEM VÍTIMA;FINALIZADA;BARRO;AV DR JOSE RUFINO;2887;;BARRO;;CIDADE;COLISÃO FRONTAL;2;0;0;0;0;0;0;0;0;0;0;Longo da via;Bom;Não existe;Não existente;Seca;Perfeito estado;Não existe;Não há placas;;Dupla;Faixa contínua;;
202220966;06/09/2022;;COM VÍTIMA;FINALIZADA;ENCRUZILHADA;AV JOAO DE BARROS;;AV NORTE MIGUEL ARRAES DE ALENCAR;ENCRUZILHADA;43;CIDADE;COLISÃO TRANSVERSAL;1;1;0;0;0;0;0;0;0;1;0;Cruzamento;Bom;Sem defeito;Perfeito estado;Seca;Perfeito estado;Agente;Outras;;Dupla;Canteiro central;;
202220976;06/09/2022;;COM VÍTIMA;FINALIZADA;BOA VIAGEM;RUA MANOEL DE BRITO;;RUA MANOEL DE BRITO;BOA VIAGEM;103;;COLISÃO LATERAL;1;1;0;0;0;0;0;0;0;1;0;Cruzamento;Bom;Sem defeito;Perfeito estado;Seca;Perfeito estado;Outros;Não há placas;;Única;Faixa contínua;;
202220980;06/09/2022;;COM VÍTIMA;FINALIZADA;IBURA;RUA RIO PAJEU;123;;IBURA;;;COLISÃO TRASEIRA;2;0;0;0;0;0;0;0;0;1;0;Longo da via;Bom;Não existe;Não existente;Seca;Perfeito estado;Não existe;Não há placas;;Única;Não existe;;
202220981;06/09/2022;;COM VÍTIMA;FINALIZADA;IBURA;RUA EXP FRANCISCO VITORIANO;280;;IBURA;;;COLISÃO LATERAL;0;2;0;0;0;0;0;0;0;3;0;Longo da via;Bom;Não existe;Perfeito estado;Seca;Perfeito estado;Não existe;R-6a;;Dupla;Não existe;;
202220986;06/09/2022;;COM VÍTIMA;FINALIZADA;GUABIRABA;AV VEREADOR OTACILIO AZEVEDO;2011;;GUABIRABA;;;COLISÃO FRONTAL;0;1;0;0;0;0;1;0;0;1;0;Longo da via;Bom;Não existe;Incompleta;Seca;Perfeito estado;Não existe;"Placas ""Pare""";40 km/h;Dupla;Não existe;;
202221000;06/09/2022;;COM VÍTIMA;FINALIZADA;MADALENA;RUA JOSE OSORIO;877;;MADALENA;;;COLISÃO LATERAL;1;1;0;0;0;0;0;0;0;1;0;Longo da via;Bom;Não existe;Perfeito estado;Seca;Perfeito estado;Não existe;R-6a;;Dupla;Faixa contínua;;
202221001;06/09/2022;;COM VÍTIMA;FINALIZADA;ÁGUA FRIA;EST VELHA DE AGUA FRIA;;RUA CABO HONORIO;ÁGUA FRIA;;;COLISÃO FRONTAL;1;1;0;0;0;0;0;0;0;1;0;Cruzamento;Bom;Não existe;Perfeito estado;Seca;Perfeito estado;Não existe;Outras;40 km/h;Dupla;Faixa contínua;;
202221004;06/09/2022;;SEM VÍTIMA;FINALIZADA;TEJIPIÓ;AV DR JOSE RUFINO;2993;;TEJIPIÓ;;;;1;0;0;0;0;1;0;0;0;0;0;Longo da via;Bom;Não existe;Perfeito estado;Seca;Perfeito estado;Não existe;R-6a;;Dupla;Faixa contínua;;
202221062;07/09/2022;;COM VÍTIMA;FINALIZADA;MADALENA;RUA JOSE BONIFACIO;272;;MADALENA;;;COLISÃO TRASEIRA;2;1;0;0;0;0;0;0;0;1;0;Longo da via;Bom;Não existe;Perfeito estado;Seca;Perfeito estado;Não existe;Não há placas;60 km/h;Única;Faixa seccionada;;
202221067;07/09/2022;;SEM VÍTIMA;FINALIZADA;BOA VIAGEM;AV BOA VIAGEM;3962;RUA RIBEIRO DE BRITO;BOA VIAGEM;;CIDADE;;1;0;0;0;0;0;0;1;0;0;0;;Bom;Não existe;Perfeito estado;Seca;Perfeito estado;Outros;Outras;;Única;Faixa seccionada;;
202221092;07/09/2022;;COM VÍTIMA;FINALIZADA;BOA VIAGEM;AV CONSELHEIRO AGUIAR;;RUA MARIA CAROLINA;BOA VIAGEM;;;COLISÃO LATERAL;1;1;0;0;0;0;0;0;0;1;0;Longo da via;Bom;Não existe;Perfeito estado;Seca;Perfeito estado;Não existe;R-6a;;Única;Faixa seccionada;;
202221098;07/09/2022;;SEM VÍTIMA;CANCELADA;SANTO AMARO;AV MARIO MELO;;RUA DA AURORA;SANTO AMARO;;;COLISÃO TRASEIRA;1;0;0;0;0;1;0;0;0;0;0;;;;;;;;;;;;;
202221132;08/09/2022;;COM VÍTIMA;FINALIZADA;CASA FORTE;AV DEZESSETE DE AGOSTO;1515;;CASA FORTE;;;COLISÃO TRASEIRA;3;0;0;0;0;0;0;0;0;1;0;Longo da via;Bom;Não existe;Perfeito estado;Seca;Perfeito estado;Não existe;Outras;40 km/h;Dupla;Faixa contínua;;
202221165;08/09/2022;;COM VÍTIMA;FINALIZADA;BOA VIAGEM;RUA PADRE CARAPUCEIRO;;;BOA VIAGEM;216;CIDADE;COLISÃO FRONTAL;1;1;0;0;0;0;0;0;0;1;0;Longo da via;Bom;Sem defeito;Perfeito estado;Seca;Perfeito estado;Faixa de pedestre;;60 km/h;Única;;;
202221166;08/09/2022;;COM VÍTIMA;FINALIZADA;BOA VISTA;RUA DO PRINCIPE;114;RUA DO SOSSEGO;BOA VISTA;;;COLISÃO TRASEIRA;1;1;0;0;0;0;0;0;0;1;0;;;;;;;;;;;;;
202221170;08/09/2022;;COM VÍTIMA;FINALIZADA;TAMARINEIRA;AV NORTE MIGUEL ARRAES DE ALENCAR;;RUA CONEGO BARATA;TAMARINEIRA;62;;COLISÃO TRANSVERSAL;1;1;0;0;0;0;0;0;0;1;0;Cruzamento;Bom;Sem defeito;Perfeito estado;Seca;Perfeito estado;Faixa de pedestre;R-4a;;Dupla;Canteiro central;;
202221219;09/09/2022;;COM VÍTIMA;FINALIZADA;IMBIRIBEIRA;RUA MIS JOEL CARLSON;123;RUA ZEFERINO PINHO;IMBIRIBEIRA;;;COLISÃO LATERAL;1;1;0;0;0;0;0;0;0;1;0;Cruzamento;Bom;Não existe;Não existente;Seca;Perfeito estado;Não existe;Não há placas;30 km/h;Dupla;Não existe;;
202221222;09/09/2022;;COM VÍTIMA;FINALIZADA;MADALENA;AV ENGENHEIRO ABDIAS DE CARVALHO;1079;RUA JOAO IVO DA SILVA;MADALENA;132;SUBURBIO;COLISÃO LATERAL;1;1;0;0;0;0;0;0;0;1;0;Cruzamento;Bom;Sem defeito;Perfeito estado;Seca;Perfeito estado;Faixa de pedestre;R-6a;60 km/h;Dupla;Faixa seccionada;Canteiro central;
202221243;09/09/2022;;SEM VÍTIMA;FINALIZADA;SANTO ANTÔNIO;RUA VINTE E QUATRO DE MAIO;183;;SANTO ANTÔNIO;;SUBURBIO;FISCALIZAÇÃO;0;0;0;0;0;0;0;0;0;0;0;;;;;;;;;;;;;
202221250;09/09/2022;;COM VÍTIMA;FINALIZADA;JOANA BEZERRA;VIADUTO CAPITAO TEMUDO;;;JOANA BEZERRA;;;COLISÃO LATERAL;1;1;0;0;0;0;0;0;0;1;0;Viaduto;Bom;Não existe;Incompleta;Seca;Perfeito estado;Não existe;Não há placas;60 km/h;Única;Faixa seccionada;;
202221285;09/09/2022;;COM VÍTIMA;FINALIZADA;AREIAS;AV RECIFE;3060;;AREIAS;;SUBURBIO;COLISÃO LATERAL;0;2;0;0;0;0;0;0;0;1;0;Longo da via;Bom;Não existe;Perfeito estado;Seca;Perfeito estado;Não existe;R-6a;60 km/h;Única;Faixa seccionada;;
202221310;10/09/2022;;SEM VÍTIMA;FINALIZADA;MADALENA;AV VISCONDE DE ALBUQUERQUE;;RUA LOPES DE CARVALHO;MADALENA;;;COLISÃO FRONTAL;0;0;0;0;0;0;0;0;0;0;0;Cruzamento;Chuvoso;Não existe;Perfeito estado;Molhada;Perfeito estado;Não existe;R-6a;60KM/H;Única;Faixa seccionada;;
202221315;10/09/2022;;SEM VÍTIMA;FINALIZADA;BARRO;RUA FRANCISCO RUSSO;115;;BARRO;;;CHOQUE;0;0;0;0;0;0;0;1;0;0;0;Longo da via;Bom;Não existe;Perfeito estado;Seca;Perfeito estado;Não existe;Não há placas;;Dupla;Não existe;;
202221331;10/09/2022;;COM VÍTIMA;FINALIZADA;BOA VIAGEM;AVENIDA CELSO FURTADO (VIA MANGUE);;;BOA VIAGEM;;CIDADE;COLISÃO LATERAL;1;1;0;0;0;0;0;0;0;1;0;Longo da via;Bom;Não existe;Perfeito estado;Seca;Perfeito estado;Outros;R-19;60 km/h;Dupla;Canteiro central;;
202221336;10/09/2022;;COM VÍTIMA;FINALIZADA;MADALENA;AV JOSE GONCALVES DE MEDEIROS;107;;MADALENA;;SUBURBIO;COLISÃO LATERAL;1;1;0;0;0;0;0;0;0;1;0;Longo da via;Bom;Sem defeito;Perfeito estado;Seca;Perfeito estado;Não existe;Não há placas;;Dupla;Faixa contínua;;
202221347;10/09/2022;;COM VÍTIMA;FINALIZADA;BEBERIBE;AV BEBERIBE;1310;RUA DAS MOCAS;BEBERIBE;;CIDADE;COLISÃO LATERAL;1;1;0;0;0;0;0;0;0;1;0;Cruzamento;Bom;Não existe;Perfeito estado;Seca;Perfeito estado;Não existe;Não há placas;;Dupla;Faixa seccionada;;
202221351;10/09/2022;;COM VÍTIMA;FINALIZADA;CAMPO GRANDE;RUA ODORICO MENDES;165;RUA VISCONDE DE CAIRU;CAMPO GRANDE;;;COLISÃO LATERAL;1;1;0;0;0;0;0;0;0;1;0;Cruzamento;Bom;Não existe;;Seca;Perfeito estado;Não existe;R-6a;;Dupla;;;
202221358;10/09/2022;;COM VÍTIMA;FINALIZADA;TEJIPIÓ;AV DR JOSE RUFINO;2984;;TEJIPIÓ;;;COLISÃO FRONTAL;1;1;0;0;0;0;0;0;0;1;0;Longo da via;Bom;Sem defeito;Perfeito estado;Seca;Perfeito estado;Não existe;Não há placas;;Dupla;Faixa contínua;;
202221368;10/09/2022;;SEM VÍTIMA;CANCELADA;ESTÂNCIA;AV ESTANCIA;58;;ESTÂNCIA;;SUBURBIO;COLISÃO LATERAL;2;0;0;0;0;0;0;0;0;0;0;;;;;;;;;;;;;
202221390;10/09/2022;;COM VÍTIMA;FINALIZADA;IBURA;LAD DA COHAB;;AV DOIS RIOS;IBURA;;SUBURBIO;COLISÃO FRONTAL;1;1;0;0;0;0;0;0;0;2;0;Longo da via;Bom;Não existe;Não existente;Molhada;Perfeito estado;Não existe;Não há placas;;Dupla;Não existe;;
202221396;11/09/2022;;COM VÍTIMA;CANCELADA;IBURA;AV MATO GROSSO;1134;;IBURA;;;COLISÃO LATERAL;1;1;0;0;0;0;0;0;0;1;0;;;;;;;;;;;;;
202221448;11/09/2022;;COM VÍTIMA;FINALIZADA;BOA VIAGEM;RUA SETUBAL;;RUA BARAO DE SOUZA LEAO;BOA VIAGEM;419;SUBURBIO;COLISÃO LATERAL;1;1;0;0;0;0;0;0;0;1;0;Cruzamento;Bom;Sem defeito;Perfeito estado;Seca;Perfeito estado;Faixa de pedestre;Não há placas;;Única;Faixa seccionada;;
202221449;11/09/2022;;COM VÍTIMA;FINALIZADA;BOA VIAGEM;RUA BARAO DE SOUZA LEAO;;AV ENGENHEIRO DOMINGOS FERREIRA;BOA VIAGEM;129;SUBURBIO;COLISÃO COM CICLISTA;0;0;0;1;0;1;0;0;0;1;0;Cruzamento;Bom;Sem defeito;Perfeito estado;Seca;Perfeito estado;Faixa de pedestre;Outras;;Única;Faixa seccionada;;
202221452;11/09/2022;;SEM VÍTIMA;FINALIZADA;CASA AMARELA;AV NORTE MIGUEL ARRAES DE ALENCAR;;;CASA AMARELA;;;COLISÃO LATERAL;1;0;0;0;0;0;0;0;1;0;0;Cruzamento;Bom;Sem defeito;Perfeito estado;Seca;Perfeito estado;Faixa de pedestre;Outras;;Dupla;Canteiro central;;
202221453;11/09/2022;;COM VÍTIMA;FINALIZADA;ARRUDA;RUA DO TRIUNFO;400;RUA DO MACHADO;ARRUDA;;SUBURBIO;COLISÃO LATERAL;0;2;0;0;0;0;0;0;0;2;0;Cruzamento;Bom;Não existe;Perfeito estado;Seca;Perfeito estado;Não existe;"Placas ""Pare""";;Dupla;Não existe;;
202221462;11/09/2022;;COM VÍTIMA;FINALIZADA;MACAXEIRA;RUA MARIA CANDIDA;73;AV NORTE MIGUEL ARRAES DE ALENCAR;MACAXEIRA;296;SUBURBIO;COLISÃO FRONTAL;0;2;0;0;0;0;0;0;0;1;0;Longo da via;Bom;Sem defeito;Perfeito estado;Seca;Perfeito estado;Não existe;Não há placas;;Dupla;Não existe;;
202221469;11/09/2022;;COM VÍTIMA;CANCELADA;ALTO SANTA TERESINHA;AV ANIBAL BENEVOLO;1145;;ALTO SANTA TERESINHA;;;COLISÃO FRONTAL;1;1;0;0;0;0;0;0;0;1;0;;;;;;;;;;;;;
202221472;12/09/2022;;SEM VÍTIMA;FINALIZADA;IMBIRIBEIRA;AV MARECHAL MASCARENHAS DE MORAES;;;IMBIRIBEIRA;;CIDADE;COLISÃO TRANSVERSAL;1;0;0;0;0;1;0;0;0;0;0;;;;;;;;;;;;;
202221499;12/09/2022;;COM VÍTIMA;FINALIZADA;VASCO DA GAMA;RUA ALTO DO EUCALIPTO;;AV VEREADOR OTACILIO AZEVEDO;VASCO DA GAMA;;;COLISÃO LATERAL;0;1;0;0;0;1;0;0;0;1;0;Longo da via;Bom;Não existe;Não existente;Seca;Perfeito estado;Não existe;Não há placas;30 km/h;Dupla;Não existe;;
202221525;12/09/2022;;COM VÍTIMA;FINALIZADA;AFLITOS;RUA CARNEIRO VILELA;688;;AFLITOS;;SUBURBIO;COLISÃO LATERAL;1;1;0;0;0;0;0;0;0;1;0;Longo da via;Bom;Não existe;Não existente;Seca;Perfeito estado;Não existe;Não há placas;;Única;Não existe;;
202221542;12/09/2022;;COM VÍTIMA;CANCELADA;CASA FORTE;AV DEZESSETE DE AGOSTO;;;CASA FORTE;;;COLISÃO TRASEIRA;0;2;0;0;0;0;0;0;0;1;0;;;;;;;;;;;;;
202221559;12/09/2022;;COM VÍTIMA;FINALIZADA;CAMPO GRANDE;RUA JERONIMO VILELA;;RUA DR MACHADO;CAMPO GRANDE;565;SUBURBIO;COLISÃO LATERAL;1;1;0;0;0;0;0;0;0;1;0;Cruzamento;Bom;Sem defeito;Perfeito estado;Seca;Perfeito estado;Faixa de pedestre;Outras;30 km/h;Dupla;Faixa seccionada;;
202221563;12/09/2022;;COM VÍTIMA;CANCELADA;IPSEP;AV SALDANHA MARINHO;;;IPSEP;;;COLISÃO FRONTAL;1;1;0;0;0;0;0;0;0;1;0;;;;;;;;;;;;;
202221568;12/09/2022;;SEM VÍTIMA;FINALIZADA;IMBIRIBEIRA;AV MARECHAL MASCARENHAS DE MORAES;;;IMBIRIBEIRA;;CIDADE;CHOQUE;1;0;0;0;0;0;0;0;0;0;0;Cruzamento;Bom;Sem defeito;Perfeito estado;Seca;Perfeito estado;Faixa de pedestre;Não há placas;;Dupla;Canteiro central;Faixa contínua;
202221591;13/09/2022;;COM VÍTIMA;FINALIZADA;SANTO AMARO;AV CRUZ CABUGA;449;RUA ARARIPINA;SANTO AMARO;;SUBURBIO;COLISÃO TRANSVERSAL;1;1;0;0;0;0;0;0;0;2;0;Longo da via;Bom;Não existe;Perfeito estado;Seca;Perfeito estado;Não existe;Não há placas;;Dupla;Faixa contínua;Faixa seccionada;
202221592;13/09/2022;;COM VÍTIMA;FINALIZADA;TEJIPIÓ;RUA FALCAO DE LACERDA;299;;TEJIPIÓ;411;CIDADE;COLISÃO FRONTAL;0;2;0;0;0;0;0;0;0;2;0;Longo da via;Bom;Sem defeito;Perfeito estado;Seca;Perfeito estado;Faixa de pedestre;Não há placas;60 km/h;Dupla;Faixa contínua;;
202221605;13/09/2022;;COM VÍTIMA;FINALIZADA;AFOGADOS;RUA VINTE E UM DE ABRIL;1254;AV MANOEL GONCALVES DA LUZ;AFOGADOS;245;CIDADE;COLISÃO COM CICLISTA;0;1;0;1;0;0;0;0;0;1;0;Longo da via;Bom;Sem defeito;Incompleta;Seca;Mal conservada;Faixa de pedestre;Não há placas;40 km/h;Dupla;Faixa seccionada;Faixa contínua;
202221611;13/09/2022;;COM VÍTIMA;FINALIZADA;CORDEIRO;AV CAXANGA;2319;RUA CLAUDIO BROTHERHOOD;CORDEIRO;235;CIDADE;COLISÃO COM CICLISTA;1;0;0;1;0;0;0;0;0;1;0;Outros;Bom;Sem defeito;Ilegível;Seca;Perfeito estado;Outros;Não há placas;60 km/h;Única;Faixa seccionada;;
202221614;13/09/2022;;SEM VÍTIMA;FINALIZADA;BAIRRO DO RECIFE;CAIS DO APOLO;;;BAIRRO DO RECIFE;;;COLISÃO TRASEIRA;2;0;0;0;0;0;0;0;0;0;0;Longo da via;Bom;Não existe;Perfeito estado;Seca;Perfeito estado;Faixa de pedestre;R-6a;;Única;Faixa contínua;;
202221634;13/09/2022;;COM VÍTIMA;FINALIZADA;ILHA JOANA BEZERRA;VIADUTO CAPITAO TEMUDO;;;ILHA JOANA BEZERRA;;SUBURBIO;COLISÃO TRASEIRA;0;1;0;0;0;1;0;0;0;2;0;Longo da via;Bom;Não existe;Perfeito estado;Seca;Perfeito estado;Não existe;Não há placas;;Dupla;Outros;;