Protocolo;data;hora;natureza;situacao;bairro;endereco;numero;detalhe_endereco_acidente;bairro_cruzamento;num_semaforo;sentido_via;tipo;auto;moto;ciclom;ciclista;pedestre;onibus;caminhao;viatura;outros;vitimas;vitimasfatais;acidente_verificado;tempo_clima;situacao_semaforo;sinalizacao;condicao_via;conservacao_via;ponto_controle;situacao_placa;velocidade_max_via;mao_direcao;divisao_via1;divisao_via2;divisao_via3
202221659;13/09/2022;;COM VÍTIMA;FINALIZADA;ESPINHEIRO;RUA QUARENTA E OITO;815;;ESPINHEIRO;;;COLISÃO TRASEIRA;3;0;0;0;0;0;0;0;0;1;0;;;;;;;;;;;;;
202221660;13/09/2022;;COM VÍTIMA;FINALIZADA;ILHA DO RETIRO;AV ENGENHEIRO ABDIAS DE CARVALHO;;;ILHA DO RETIRO;;CIDADE;COLISÃO TRASEIRA;1;1;0;0;0;0;0;0;0;2;0;Longo da via;Bom;Sem defeito;Perfeito estado;Seca;Perfeito estado;Não existe;Não há placas;;Dupla;Canteiro central;;
202221669;13/09/2022;;COM VÍTIMA;FINALIZADA;AFOGADOS;RUA SAO MIGUEL;1935;;AFOGADOS;;CIDADE;COLISÃO LATERAL;1;1;0;0;0;0;0;0;0;1;0;Longo da via;Bom;Não existe;Perfeito estado;Seca;Perfeito estado;Não existe;Outras;30 km/h;Dupla;Faixa contínua;;
202221679;13/09/2022;;COM VÍTIMA;CANCELADA;TORRE;RUA MARCOS ANDRE;200;;TORRE;;;COLISÃO TRASEIRA;1;1;0;0;0;0;0;0;0;1;0;;;;;;;;;;;;;
202221687;13/09/2022;;COM VÍTIMA;FINALIZADA;ESPINHEIRO;RUA DO ESPINHEIRO;;RUA SANTO ELIAS;ESPINHEIRO;;SUBURBIO;COLISÃO LATERAL;1;1;0;0;0;0;0;0;0;1;0;Cruzamento;Bom;Não existe;Perfeito estado;Seca;Perfeito estado;Outros;"Placas ""Pare""";;Dupla;Outros;;
202221690;14/09/2022;;COM VÍTIMA;FINALIZADA;BONGI;AV ENGENHEIRO ABDIAS DE CARVALHO;1803;;BONGI;;CIDADE;CHOQUE;0;0;0;0;0;0;0;0;0;1;0;;;;;;;;;;;;;
202221706;14/09/2022;;COM VÍTIMA;FINALIZADA;ENCRUZILHADA;RUA PADRE MIGUELINHO;29;RUA AUGUSTO RODRIGUES;ENCRUZILHADA;;;COLISÃO LATERAL;1;1;0;0;0;0;0;0;0;2;0;Cruzamento;Bom;Não existe;Perfeito estado;Seca;Perfeito estado;Não existe;Outras;;Única;Não existe;;
202221711;14/09/2022;;COM VÍTIMA;FINALIZADA;CASA AMARELA;AV NORTE MIGUEL ARRAES DE ALENCAR;5121;;CASA AMARELA;677;CIDADE;COLISÃO TRASEIRA;1;1;0;0;0;0;0;0;0;1;0;Longo da via;Bom;Sem defeito;Perfeito estado;Seca;Perfeito estado;Faixa de pedestre;Outras;50 km/h;Dupla;Canteiro central;;
202221728;14/09/2022;;SEM VÍTIMA;FINALIZADA;CORDEIRO;AV INACIO MONTEIRO;;RUA N S DA SAUDE;CORDEIRO;;;COLISÃO LATERAL;1;0;0;0;0;0;0;1;0;0;0;Cruzamento;Bom;Sem defeito;Perfeito estado;Seca;Perfeito estado;Faixa de retenção;Não há placas;60KM/H;Única;Faixa contínua;;
202221738;14/09/2022;;COM VÍTIMA;FINALIZADA;MADALENA;AV JOSE GONCALVES DE MEDEIROS;138;RUA COMENDADOR BENTO AGUIAR;MADALENA;;CIDADE;COLISÃO FRONTAL;1;1;0;0;0;0;0;0;0;1;0;Cruzamento;Bom;Não existe;Perfeito estado;Seca;Perfeito estado;Não existe;Não há placas;;Dupla;Não existe;;
202221754;14/09/2022;;SEM VÍTIMA;FINALIZADA;BOA VISTA;RUA DO PRINCIPE;;;BOA VISTA;;;COLISÃO LATERAL;0;0;0;0;0;1;0;1;0;0;0;Longo da via;Chuvoso;Sem defeito;Perfeito estado;Molhada;Perfeito estado;Faixa de pedestre;Outras;;Única;Canteiro central;;
202221756;14/09/2022;;SEM VÍTIMA;CANCELADA;IBURA;AV RIO LARGO;;;IBURA;;;COLISÃO TRASEIRA;1;0;0;0;0;1;0;0;0;0;0;;;;;;;;;;;;;
202221760;14/09/2022;;COM VÍTIMA;FINALIZADA;BOA VIAGEM;RUA VISCONDE DE JEQUITINHONHA;1280;RUA ENGENHEIRO ZAEL DIOGENES;BOA VIAGEM;;SUBURBIO;COLISÃO TRASEIRA;1;1;0;0;0;0;0;0;0;1;0;Esquina;Bom;Não existe;Perfeito estado;Seca;Perfeito estado;Não existe;;;Única;Canteiro central;;
202221765;14/09/2022;;COM VÍTIMA;FINALIZADA;PINA;AV ANTONIO DE GOES;;;PINA;;CIDADE;COLISÃO TRASEIRA;1;1;0;0;0;0;0;0;0;1;0;Ponte;Bom;Não existe;Perfeito estado;Seca;Perfeito estado;Não existe;Outras;60 km/h;Única;Canteiro central;;
202221775;14/09/2022;;COM VÍTIMA;FINALIZADA;SAN MARTIN;AV GENERAL SAN MARTIN;;AV CONSUL VILARES FRAGOSO;SAN MARTIN;326;;COLISÃO FRONTAL;1;1;0;0;0;0;0;0;0;2;0;Cruzamento;Chuvoso;Sem defeito;Incompleta;Molhada;Perfeito estado;Outros;Não há placas;40 km/h;Única;Não existe;;
202221776;14/09/2022;;COM VÍTIMA;FINALIZADA;MADALENA;AV BEIRA RIO;591;;MADALENA;;SUBURBIO;COLISÃO LATERAL;1;1;0;0;0;0;0;0;0;1;0;Longo da via;Bom;Não existe;Perfeito estado;Seca;Perfeito estado;Não existe;R-6a;;Dupla;Faixa seccionada;;
202221806;15/09/2022;;COM VÍTIMA;FINALIZADA;MADALENA;AV PROFESSOR ESTEVAO FRANCISCO DA COSTA;;AV CAXANGA;MADALENA;;CIDADE;COLISÃO LATERAL;0;2;0;0;0;0;0;0;0;2;0;Longo da via;Bom;Sem defeito;Perfeito estado;Seca;Perfeito estado;Não existe;Não há placas;;Única;Não existe;;
202221811;15/09/2022;;SEM VÍTIMA;FINALIZADA;CAMPO GRANDE;RUA FRANKLIN TAVORA;;RUA VOLUNTARIOS DA PATRIA;CAMPO GRANDE;;;COLISÃO LATERAL;2;0;0;0;0;0;0;0;0;0;0;Longo da via;Bom;Não existe;Perfeito estado;Seca;Perfeito estado;Não existe;Não há placas;;Dupla;Não existe;;
202221828;15/09/2022;;SEM VÍTIMA;FINALIZADA;IBURA;AV SAO PAULO;183;;IBURA;;;COLISÃO LATERAL;1;0;0;0;0;1;0;0;0;0;0;Longo da via;Bom;Não existe;Perfeito estado;Seca;Perfeito estado;Não existe;Não há placas;;Dupla;Não existe;;
202221853;15/09/2022;;SEM VÍTIMA;FINALIZADA;ESPINHEIRO;RUA AMELIA;280;RUA DO ESPINHEIRO;ESPINHEIRO;;;COLISÃO LATERAL;1;0;0;0;0;1;0;0;0;0;0;Cruzamento;Bom;Sem defeito;Perfeito estado;Seca;Perfeito estado;Faixa de retenção;Outras;;Única;Faixa seccionada;;
202221862;15/09/2022;;COM VÍTIMA;FINALIZADA;JOANA BEZERRA;AV MARTIN LUTHER KING;4;;JOANA BEZERRA;;CIDADE;COLISÃO LATERAL;0;1;0;0;0;1;0;0;0;1;0;Cruzamento;Bom;Não existe;Incompleta;Seca;Perfeito estado;Não existe;R-6a;60 km/h;Dupla;Não existe;;
202221873;15/09/2022;;SEM VÍTIMA;FINALIZADA;AREIAS;;;;AREIAS;;;COLISÃO TRASEIRA;1;0;0;0;0;0;0;1;0;0;0;Longo da via;Bom;Não existe;Incompleta;Seca;Perfeito estado;Não existe;Não há placas;;Dupla;Não existe;;
202221875;15/09/2022;;COM VÍTIMA;FINALIZADA;BOA VIAGEM;RUA SA E SOUZA;45;RUA ANTONIO VICENTE;BOA VIAGEM;;SUBURBIO;COLISÃO LATERAL;1;1;0;0;0;0;0;0;0;1;0;Cruzamento;Bom;Não existe;Não existente;Seca;Mal conservada;Não existe;Não há placas;30 km/h;Dupla;Não existe;;
202221882;15/09/2022;;COM VÍTIMA;FINALIZADA;BOA VIAGEM;AV DOM JOAO VI;;;BOA VIAGEM;;SUBURBIO/ PIEDADE;COLISÃO LATERAL;1;1;0;0;0;0;0;0;0;1;0;Longo da via;Bom;Não existe;Perfeito estado;Seca;Perfeito estado;Não existe;Não há placas;50 km/h;Única;Faixa seccionada;;
202221887;15/09/2022;;SEM VÍTIMA;FINALIZADA;IMBIRIBEIRA;AV MARECHAL MASCARENHAS DE MORAES;7935C;;IMBIRIBEIRA;;CIDADE;COLISÃO FRONTAL;1;0;0;0;0;0;0;1;0;0;0;Longo da via;Bom;Sem defeito;Perfeito estado;Seca;Perfeito estado;Não existe;Não há placas;;Única;Faixa seccionada;;
202221891;15/09/2022;;COM VÍTIMA;FINALIZADA;HIPÓDROMO;EST DE BELEM;313;RUA ANTONIO RANGEL;HIPÓDROMO;201;;COLISÃO LATERAL;1;1;0;0;0;0;0;0;0;1;0;Cruzamento;Bom;Sem defeito;Perfeito estado;Seca;Perfeito estado;Faixa de pedestre;R-6a;;Dupla;Não existe;;
202221929;16/09/2022;;COM VÍTIMA;FINALIZADA;MADALENA;RUA JOSE OSORIO;707;;MADALENA;;SUBURBIO;ATROPELAMENTO DE PESSOA;0;1;0;0;1;0;0;0;0;2;0;Longo da via;Bom;Não existe;Perfeito estado;Seca;Perfeito estado;Não existe;Outras;40 km/h;Dupla;Faixa contínua;;
202221931;16/09/2022;;COM VÍTIMA;FINALIZADA;SANTO AMARO;AV CRUZ CABUGA;;;SANTO AMARO;468;CIDADE;ATROPELAMENTO DE PESSOA;0;1;0;0;1;0;0;0;0;1;0;Longo da via;Bom;Sem defeito;Perfeito estado;Seca;Perfeito estado;Faixa de pedestre;Não há placas;60 km/h;Única;Faixa seccionada;;
202221932;16/09/2022;;COM VÍTIMA;FINALIZADA;CAXANGÁ;AV CAXANGA;;;CAXANGÁ;;CIDADE;ATROPELAMENTO DE PESSOA;0;1;0;0;1;0;0;0;0;1;0;Longo da via;Bom;Não existe;Perfeito estado;Seca;Perfeito estado;Não existe;Não há placas;60 km/h;Dupla;Canteiro central;;
202221934;16/09/2022;;COM VÍTIMA;FINALIZADA;CASA AMARELA;AV NORTE MIGUEL ARRAES DE ALENCAR;5121;RUA BELA VISTA;CASA AMARELA;677;SUBURBIO;COLISÃO LATERAL;1;1;0;0;0;0;0;0;0;1;0;Cruzamento;Bom;Sem defeito;Perfeito estado;Seca;Perfeito estado;Faixa de pedestre;Não há placas;;Única;Canteiro central;;
202221988;16/09/2022;;COM VÍTIMA;CANCELADA;APIPUCOS;RUA DE APIPUCOS;;;APIPUCOS;1078;;COLISÃO TRASEIRA;0;2;0;0;0;0;0;0;0;1;0;;;;;;;;;;;;;
202221998;16/09/2022;;COM VÍTIMA;CANCELADA;BONGI;EST DO BONGI;;;BONGI;;;COLISÃO COM CICLISTA;1;0;0;1;0;0;0;0;0;1;0;;;;;;;;;;;;;
202222007;16/09/2022;;COM VÍTIMA;FINALIZADA;SANTO ANTÔNIO;PTE DO LIMOEIRO;;;SANTO ANTÔNIO;243;CIDADE / PREFEITURA DO RECIFE;COLISÃO COM CICLISTA;0;1;0;1;0;0;0;0;0;2;0;Longo da via;Bom;Sem defeito;Perfeito estado;Seca;Perfeito estado;Faixa de pedestre;Não há placas;60 km/h;Dupla;Faixa contínua;;
202222028;16/09/2022;;COM VÍTIMA;FINALIZADA;ESPINHEIRO;RUA SANTO ELIAS;169;RUA CONS PORTELA;ESPINHEIRO;;CIDADE;COLISÃO FRONTAL;1;1;0;0;0;0;0;0;0;1;0;Longo da via;Bom;Não existe;Perfeito estado;Seca;Perfeito estado;Não existe;R-6a;30 km/h;Dupla;Não existe;;
202222029;16/09/2022;;COM VÍTIMA;FINALIZADA;PARNAMIRIM;RUA JOAO TUDE DE MELO;;;PARNAMIRIM;;;COLISÃO LATERAL;1;1;0;0;0;0;0;0;0;1;0;;;;;;;;;;;;;
202222038;17/09/2022;;COM VÍTIMA;FINALIZADA;AFOGADOS;EST DOS REMEDIOS;1052;;AFOGADOS;;CIDADE;COLISÃO LATERAL;1;1;0;0;0;0;0;0;0;1;0;Longo da via;Bom;Sem defeito;Incompleta;Seca;Perfeito estado;Faixa de pedestre;R-6a;60 km/h;Única;Faixa seccionada;;
202222068;17/09/2022;;COM VÍTIMA;FINALIZADA;SANTO AMARO;RUA DOS PALMARES;140;RUA MAJOR CODECEIRA;SANTO AMARO;;SUBURBIO;COLISÃO LATERAL;1;1;0;0;0;0;0;0;0;1;0;Cruzamento;Bom;Não existe;Perfeito estado;Seca;Perfeito estado;Outros;Outras;;Única;Faixa;;
202222072;17/09/2022;;COM VÍTIMA;FINALIZADA;ARRUDA;AV BEBERIBE;1253;;ARRUDA;;;COLISÃO TRASEIRA;1;1;0;0;0;0;0;0;0;1;0;Cruzamento;Bom;Não existe;Incompleta;Seca;Perfeito estado;Outros;Outras;;Dupla;Faixa contínua;;
202222074;17/09/2022;;COM VÍTIMA;CANCELADA;ALTO JOSÉ DO PINHO;RUA HORACIO SILVA;;;ALTO JOSÉ DO PINHO;;;COLISÃO LATERAL;1;1;0;0;0;0;0;0;0;1;0;;;;;;;;;;;;;
202222079;17/09/2022;;COM VÍTIMA;FINALIZADA;BOMBA DO HEMETÉRIO;RUA ARLINDO CISNEIRO;951;;BOMBA DO HEMETÉRIO;;SUBURBIO;COLISÃO LATERAL;2;1;0;0;0;0;0;0;0;1;0;Longo da via;Bom;Não existe;Não existente;Seca;Perfeito estado;Não existe;Não há placas;40 km/h;Dupla;Não existe;;
202222094;17/09/2022;;COM VÍTIMA;FINALIZADA;BOA VIAGEM;RUA BALTAZAR PASSOS;;RUA VISCONDE DE JEQUITINHONHA;BOA VIAGEM;154;SUBURBIO;COLISÃO COM CICLISTA;1;0;0;1;0;0;0;0;0;1;0;Cruzamento;Bom;Sem defeito;Perfeito estado;Seca;Perfeito estado;Faixa de pedestre;Outras;40 km/h;Única;Faixa contínua;;
202222108;17/09/2022;;SEM VÍTIMA;FINALIZADA;PINA;AV HERCULANO BANDEIRA;;;PINA;;;CHOQUE;1;0;0;0;0;0;0;0;0;0;0;;;;;;;;;;;;;
202222122;17/09/2022;;SEM VÍTIMA;FINALIZADA;MUSTARDINHA;AV MANOEL GONCALVES DA LUZ;396;RUA JOSE MOREIRA REIS;MUSTARDINHA;;SUBURBIO;COLISÃO TRASEIRA;1;0;0;0;0;0;0;1;0;0;0;Longo da via;Bom;Não existe;Perfeito estado;Seca;Perfeito estado;Não existe;Não há placas;30 km/h;Dupla;Faixa seccionada;;
202222134;18/09/2022;;COM VÍTIMA;FINALIZADA;IBURA;AV JORNALISTA COSTA PORTO;200;;IBURA;;;COLISÃO FRONTAL;0;2;0;0;0;0;0;0;0;2;0;Longo da via;Bom;Não existe;;Seca;Perfeito estado;Não existe;;;Dupla;Não existe;;
202222138;18/09/2022;;SEM VÍTIMA;FINALIZADA;CORDEIRO;AV INACIO MONTEIRO;90;;CORDEIRO;;SUBURBIO;COLISÃO TRASEIRA;2;0;0;0;0;0;0;0;0;0;0;Longo da via;Bom;Não existe;Perfeito estado;Seca;Perfeito estado;Não existe;Não há placas;;Única;Faixa seccionada;;
202222147;18/09/2022;;COM VÍTIMA;CANCELADA;SANCHO;AV LIBERDADE;1531;;SANCHO;;;COLISÃO FRONTAL;1;1;0;0;0;0;0;0;0;1;0;;;;;;;;;;;;;
202222153;18/09/2022;;COM VÍTIMA;FINALIZADA;BOA VISTA;RUA DO HOSPICIO;815;RUA JOAO LIRA;BOA VISTA;32;SUBURBIO;COLISÃO FRONTAL;1;1;0;0;0;0;0;0;0;1;0;Cruzamento;Bom;Sem defeito;Perfeito estado;Seca;Perfeito estado;Faixa de pedestre;Não há placas;60 km/h;Única;Faixa contínua;Faixa seccionada;
202222155;18/09/2022;;COM VÍTIMA;FINALIZADA;AFOGADOS;RUA SAO MIGUEL;1331;RUA LUIZ PEREIRA DE FARIAS;AFOGADOS;;SUBURBIO;COLISÃO TRASEIRA;1;1;0;0;0;0;0;0;0;2;0;Cruzamento;Bom;Não existe;Não existente;Seca;Perfeito estado;Não existe;Não há placas;;Dupla;Faixa seccionada;;
202222159;18/09/2022;;COM VÍTIMA;FINALIZADA;IPSEP;AV RECIFE;;RUA JEAN EMILE FAVRE;IPSEP;130;CIDADE;COLISÃO TRASEIRA;1;1;0;0;0;0;0;0;0;1;0;Cruzamento;Bom;Sem defeito;Perfeito estado;Seca;Perfeito estado;Faixa de pedestre;Não há placas;60 km/h;Única;Faixa contínua;Faixa seccionada;
202222166;18/09/2022;;SEM VÍTIMA;FINALIZADA;AFOGADOS;RUA TRES DE AGOSTO;117';EST DOS REMEDIOS;AFOGADOS;;;COLISÃO LATERAL;2;0;0;0;0;1;0;0;0;0;0;;;;;;;;;;;;;
202222178;18/09/2022;;SEM VÍTIMA;FINALIZADA;BOA VIAGEM;AV CONSELHEIRO AGUIAR;5025;;BOA VIAGEM;318;SUBURBIO;;1;1;0;0;0;0;0;0;0;0;0;Longo da via;Bom;Sem defeito;Perfeito estado;Seca;Perfeito estado;Faixa de pedestre;R-6a;;Única;Faixa seccionada;;
202222190;18/09/2022;;COM VÍTIMA;FINALIZADA;BOA VIAGEM;RUA FELIX DE BRITO E MELO;3278;RUA DOS NAVEGANTES;BOA VIAGEM;;SUBURBIO;COLISÃO LATERAL;2;0;0;0;0;0;0;0;0;1;0;Cruzamento;Bom;Não existe;Perfeito estado;Seca;Perfeito estado;Não existe;"Placas ""Pare""";30 km/h;Única;Faixa seccionada;;
202222191;18/09/2022;;SEM VÍTIMA;CANCELADA;BOMBA DO HEMETÉRIO;RUA CORREGO DO EUCLIDES;391;;BOMBA DO HEMETÉRIO;;;CHOQUE;1;3;0;0;0;0;0;0;0;0;0;;;;;;;;;;;;;
202222200;19/09/2022;;COM VÍTIMA;FINALIZADA;ARRUDA;AV BEBERIBE;1628;RUA SAO BENTO;ARRUDA;64;CIDADE;COLISÃO FRONTAL;0;0;0;1;0;1;0;0;0;2;0;Esquina;Bom;Sem defeito;Perfeito estado;Seca;Perfeito estado;Faixa de pedestre;R-6a;30 km/h;Dupla;Faixa contínua;Outros;
202222215;19/09/2022;;COM VÍTIMA;FINALIZADA;JIQUIÁ;RUA SAO MIGUEL;2015;RUA GUARAMIRIM;JIQUIÁ;;CIDADE;COLISÃO TRASEIRA;2;1;0;0;0;0;0;0;0;1;0;Longo da via;Bom;Não existe;Incompleta;Seca;Perfeito estado;Não existe;R-6c;60 km/h;Dupla;Faixa contínua;Faixa seccionada;
202222240;19/09/2022;;SEM VÍTIMA;FINALIZADA;ESPINHEIRO;AV GOVERNADOR AGAMENON MAGALHAES;;RUA BUENOS AYRES;ESPINHEIRO;78;CIDADE;;1;0;0;0;0;1;0;0;0;0;0;Cruzamento;Bom;Sem defeito;Perfeito estado;Seca;Perfeito estado;Faixa de pedestre;;60 km/h;Única;Canteiro central;;
202222245;19/09/2022;;COM VÍTIMA;FINALIZADA;SÃO JOSÉ;AV SUL;;;SÃO JOSÉ;;CIDADE;COLISÃO FRONTAL;1;1;0;0;0;0;0;0;0;1;0;Longo da via;Bom;Não existe;Perfeito estado;Seca;Perfeito estado;Não existe;Não há placas;;Única;Faixa contínua;;
202222248;19/09/2022;;COM VÍTIMA;FINALIZADA;AFOGADOS;RUA COSME VIANA;;RUA TRES DE AGOSTO;AFOGADOS;;;ATROPELAMENTO DE PESSOA;0;0;0;0;1;1;0;0;0;1;0;;;;;;;;;;;;;
202222254;19/09/2022;;COM VÍTIMA;FINALIZADA;AFOGADOS;RUA SAO MIGUEL;268;;AFOGADOS;;;COLISÃO LATERAL;0;1;0;0;0;0;0;1;0;1;0;Longo da via;Bom;Não existe;Ilegível;Seca;Perfeito estado;Não existe;Não há placas;60 km/h;Dupla;Faixa contínua;;
202222255;19/09/2022;;COM VÍTIMA;FINALIZADA;SANTO AMARO;RUA TREZE DE MAIO;;RUA PEDRO AFONSO;SANTO AMARO;427;;COLISÃO LATERAL;1;1;0;0;0;0;0;0;0;1;0;Cruzamento;Bom;Sem defeito;Perfeito estado;Seca;Perfeito estado;Faixa de pedestre;Não há placas;40 km/h;Dupla;Faixa;;
202222258;19/09/2022;;COM VÍTIMA;FINALIZADA;AFOGADOS;RUA SAO MIGUEL;;;AFOGADOS;;SUBURBIO;COLISÃO LATERAL;1;1;0;0;0;0;0;0;0;1;0;Longo da via;Bom;Sem defeito;Perfeito estado;Seca;Perfeito estado;Faixa de retenção;Não há placas;60 km/h;Dupla;Faixa contínua;;
202222264;19/09/2022;;COM VÍTIMA;FINALIZADA;BOA VISTA;RUA BISPO CARDOSO AYRES;;RUA DO RIACHUELO;BOA VISTA;;;COLISÃO LATERAL;1;1;0;0;0;0;0;0;0;1;0;Cruzamento;Bom;Não existe;Perfeito estado;;Perfeito estado;Faixa de pedestre;R-6a;40 km/h;Única;Não existe;;
202222290;20/09/2022;;COM VÍTIMA;FINALIZADA;IMBIRIBEIRA;AV PINHEIROS;;RUA ARQUITETO LUIZ NUNES;IMBIRIBEIRA;;;COLISÃO TRASEIRA;1;1;0;0;0;0;0;0;0;2;0;Longo da via;Bom;Sem defeito;Perfeito estado;Seca;Perfeito estado;Faixa de pedestre;Outras;30 km/h;Dupla;Faixa contínua;;
202222302;20/09/2022;;SEM VÍTIMA;FINALIZADA;BOA VIAGEM;AV BOA VIAGEM;118;;BOA VIAGEM;118;CIDADE;COLISÃO TRASEIRA;2;0;0;0;0;0;0;1;0;0;0;Longo da via;Bom;Sem defeito;Perfeito estado;Seca;Perfeito estado;Faixa de pedestre;R-6a;60 km/h;Única;Faixa seccionada;;
202222314;20/09/2022;;COM VÍTIMA;FINALIZADA;CASA AMARELA;EST DO ARRAIAL;4834;;CASA AMARELA;;;COLISÃO LATERAL;1;1;0;0;0;0;0;0;0;1;0;Longo da via;Bom;Não existe;Incompleta;Seca;Perfeito estado;Não existe;Outras;;Única;Não existe;;
202222325;20/09/2022;;COM VÍTIMA;FINALIZADA;JOANA BEZERRA;AV DES GUERRA BARRETO;;;JOANA BEZERRA;38;CIDADE;COLISÃO LATERAL;1;1;0;0;0;0;0;0;0;1;0;Longo da via;Bom;Sem defeito;Perfeito estado;Seca;Perfeito estado;Faixa de pedestre;Outras;;Dupla;Faixa contínua;;
202222333;20/09/2022;;COM VÍTIMA;FINALIZADA;DERBY;AV GOVERNADOR AGAMENON MAGALHAES;;;DERBY;68;;COLISÃO LATERAL;1;1;0;0;0;0;0;0;0;1;0;Longo da via;Bom;Sem defeito;Perfeito estado;Seca;Perfeito estado;Não existe;Outras;60 km/h;Dupla;Canal;;
202222340;20/09/2022;;SEM VÍTIMA;FINALIZADA;BAIRRO DO RECIFE;CAIS DO APOLO;;;BAIRRO DO RECIFE;19;SUBURBIO;;2;0;0;0;0;0;0;0;1;0;0;Longo da via;Bom;Sem defeito;Perfeito estado;Seca;Perfeito estado;Não existe;Outras;;Dupla;Canteiro central;;
202222343;20/09/2022;;COM VÍTIMA;FINALIZADA;IMBIRIBEIRA;RUA ITACARI;301;;IMBIRIBEIRA;;;COLISÃO FRONTAL;1;1;0;0;0;0;0;0;0;1;0;Cruzamento;Bom;Não existe;Perfeito estado;Seca;Perfeito estado;Faixa de pedestre;"Placas ""Pare""";40 km/h;;Faixa contínua;;
202222345;20/09/2022;;COM VÍTIMA;FINALIZADA;MADALENA;AV BEIRA RIO;701;RUA JOSE OSORIO;MADALENA;;SUBURBIO;ATROPELAMENTO DE PESSOA;1;0;0;0;1;0;0;0;0;1;0;Longo da via;Bom;Sem defeito;Perfeito estado;Seca;Perfeito estado;Faixa de pedestre;Outras;40 km/h;Dupla;Faixa contínua;;
202222349;20/09/2022;;SEM VÍTIMA;FINALIZADA;ESPINHEIRO;RUA BARAO DE ITAMARACA;;;ESPINHEIRO;;SUBURBIO;COLISÃO FRONTAL;2;0;0;0;0;0;0;0;0;0;0;Longo da via;Bom;Não existe;Perfeito estado;Seca;Perfeito estado;Não existe;Outras;30 km/h;Dupla;Não existe;;
202222350;20/09/2022;;SEM VÍTIMA;FINALIZADA;BOA VIAGEM;RUA CORONEL ANIZIO RODRIGUES COELHO;66;RUA DES JOAO PAES;BOA VIAGEM;;SUBURBIO;COLISÃO TRANSVERSAL;2;0;0;0;0;0;0;0;0;0;0;Cruzamento;Bom;Sem defeito;Perfeito estado;Seca;Perfeito estado;Faixa de pedestre;"Placas ""Pare""";;Única;Não existe;;
202222366;20/09/2022;;COM VÍTIMA;CANCELADA;IPSEP;AV RECIFE;;;IPSEP;55;;COLISÃO LATERAL;0;2;0;0;0;0;0;0;0;1;0;;;;;;;;;;;;;
202222372;21/09/2022;;COM VÍTIMA;FINALIZADA;BAIRRO DO RECIFE;PTE GIRATORIA;;;BAIRRO DO RECIFE;;;COLISÃO TRASEIRA;1;1;0;0;0;0;0;0;0;1;0;Longo da via;Bom;Não existe;Perfeito estado;Seca;Perfeito estado;Não existe;Não há placas;;Dupla;Canteiro central;;
202222411;21/09/2022;;COM VÍTIMA;FINALIZADA;AREIAS;AV DR JOSE RUFINO;841;;AREIAS;;;COLISÃO LATERAL;1;1;0;0;0;0;0;0;0;1;0;Longo da via;Bom;Não existe;Perfeito estado;Seca;Perfeito estado;Não existe;Não há placas;50 km/h;Dupla;Faixa contínua;;
202222426;21/09/2022;;COM VÍTIMA;FINALIZADA;JOANA BEZERRA;VDO PAPA JOAO PAULO II;;;JOANA BEZERRA;;;COLISÃO TRASEIRA;1;1;0;0;0;0;0;0;0;1;0;Longo da via;Bom;Não existe;Perfeito estado;Seca;Perfeito estado;Não existe;Não há placas;60 km/h;Única;;;
202222431;21/09/2022;;SEM VÍTIMA;FINALIZADA;DOIS IRMÃOS;PRC FARIAS NEVES;1314;;DOIS IRMÃOS;;;;1;1;0;0;0;0;0;0;0;0;0;Longo da via;Bom;Não existe;Incompleta;Seca;Mal conservada;Outros;Outras;;Única;Não existe;;
202222432;21/09/2022;;COM VÍTIMA;CANCELADA;BOA VIAGEM;RUA MARIA CAROLINA;671;;BOA VIAGEM;;;COLISÃO FRONTAL;0;2;0;0;0;0;0;0;0;1;0;;;;;;;;;;;;;
202222444;21/09/2022;;COM VÍTIMA;FINALIZADA;VÁRZEA;AV CAXANGA;;;VÁRZEA;;SUBURBIO;COLISÃO TRASEIRA;1;1;0;0;0;0;0;0;0;1;0;Longo da via;Bom;Sem defeito;Perfeito estado;Seca;Perfeito estado;Não existe;R-19;60 km/h;Dupla;Faixa seccionada;;
202222446;21/09/2022;;SEM VÍTIMA;CANCELADA;TORRE;RUA MARCOS ANDRE;;;TORRE;;;COLISÃO TRASEIRA;1;0;0;0;0;0;0;0;0;0;0;;;;;;;;;;;;;
202222457;21/09/2022;;COM VÍTIMA;FINALIZADA;SÃO JOSÉ;AV MARTINS DE BARROS;;;SÃO JOSÉ;;;ATROPELAMENTO DE PESSOA;0;0;0;0;1;1;0;0;0;1;0;Longo da via;Bom;Não existe;Perfeito estado;Seca;Perfeito estado;Não existe;Não há placas;;Única;Não existe;;