Protocolo;data;hora;natureza;situacao;bairro;endereco;numero;detalhe_endereco_acidente;bairro_cruzamento;num_semaforo;sentido_via;tipo;auto;moto;ciclom;ciclista;pedestre;onibus;caminhao;viatura;outros;vitimas;vitimasfatais;acidente_verificado;tempo_clima;situacao_semaforo;sinalizacao;condicao_via;conservacao_via;ponto_controle;situacao_placa;velocidade_max_via;mao_direcao;divisao_via1;divisao_via2;divisao_via3
202222458;21/09/2022;;COM VÍTIMA;FINALIZADA;IPSEP;AV RECIFE;;;IPSEP;;SUBURBIO;COLISÃO LATERAL;1;1;0;0;0;0;0;0;0;1;0;Longo da via;Bom;Não existe;Perfeito estado;Seca;Perfeito estado;Não existe;Não há placas;60 km/h;Dupla;Canteiro central;;
202222459;21/09/2022;;COM VÍTIMA;FINALIZADA;IMBIRIBEIRA;RUA ENGENHEIRO JOSE BRANDAO CAVALCANTE;95;;IMBIRIBEIRA;;;COLISÃO LATERAL;1;1;0;0;0;0;0;0;0;1;0;;;;;;;;;;;;;
202222469;21/09/2022;;COM VÍTIMA;FINALIZADA;TORRE;RUA PADRE LANDIM;405;RUA DOM MANOEL DA COSTA;TORRE;;;COLISÃO LATERAL;0;2;0;0;0;0;0;0;0;3;0;Cruzamento;Bom;Sem defeito;Perfeito estado;Seca;Perfeito estado;Outros;"Placas ""Pare""";;Única;Outros;;
202222498;22/09/2022;;COM VÍTIMA;CANCELADA;TAMARINEIRA;AV PROFESSOR JOSE DOS ANJOS;157;;TAMARINEIRA;;;QUEDA;0;1;0;0;0;0;0;0;0;1;0;;;;;;;;;;;;;
202222502;22/09/2022;;COM VÍTIMA;FINALIZADA;ÁGUA FRIA;AV BEBERIBE;;;ÁGUA FRIA;405;SUBURBIO;COLISÃO LATERAL;1;1;0;0;0;0;0;0;0;1;0;Cruzamento;Bom;Sem defeito;Perfeito estado;Seca;Perfeito estado;Faixa de retenção;Não há placas;60 km/h;Única;Faixa contínua;;
202222505;22/09/2022;;COM VÍTIMA;FINALIZADA;IMBIRIBEIRA;AV PRESIDENTE DUTRA;347;;IMBIRIBEIRA;;;COLISÃO COM CICLISTA;0;1;0;1;0;0;0;0;0;1;0;Longo da via;Bom;Não existe;Perfeito estado;Seca;Perfeito estado;Não existe;Outras;;Dupla;Canteiro central;;
202222521;22/09/2022;;SEM VÍTIMA;FINALIZADA;IMBIRIBEIRA;AV MARECHAL MASCARENHAS DE MORAES;2314;;IMBIRIBEIRA;631;SUBURBIO;COLISÃO TRASEIRA;1;1;0;0;0;0;0;0;0;0;0;Longo da via;Bom;Sem defeito;Perfeito estado;Seca;Perfeito estado;Não existe;R-4b;;Única;Faixa contínua;;
202222549;22/09/2022;;COM VÍTIMA;FINALIZADA;CAXANGÁ;AV CAXANGA;;;CAXANGÁ;;CIDADE;COLISÃO LATERAL;0;2;0;0;0;0;0;0;0;3;0;Longo da via;Bom;Não existe;Perfeito estado;Molhada;Perfeito estado;Não existe;Não há placas;;Única;Faixa seccionada;;
202222574;22/09/2022;;COM VÍTIMA;FINALIZADA;IMBIRIBEIRA;RUA ITACARI;;;IMBIRIBEIRA;;;COLISÃO LATERAL;2;1;0;0;0;0;0;0;0;1;0;Cruzamento;Bom;Não existe;Ilegível;Seca;Mal iluminada;Não existe;"Placas ""Pare""";40 km/h;Única;Faixa seccionada;;
202222585;23/09/2022;;COM VÍTIMA;FINALIZADA;TORRE;AV BEIRA RIO;1305;;TORRE;;;COLISÃO LATERAL;1;1;0;0;0;0;0;0;0;1;0;Longo da via;Bom;Não existe;Perfeito estado;Seca;Perfeito estado;Não existe;Não há placas;40 km/h;Dupla;Faixa contínua;;
202222587;23/09/2022;;COM VÍTIMA;FINALIZADA;ILHA JOANA BEZERRA;VIADUTO CAPITAO TEMUDO;;;ILHA JOANA BEZERRA;;;CHOQUE;1;0;0;0;0;0;0;0;0;1;0;Viaduto;Bom;Não existe;Perfeito estado;Seca;Perfeito estado;Não existe;Não há placas;;Dupla;Outros;;
202222589;23/09/2022;;COM VÍTIMA;FINALIZADA;BEBERIBE;AV BEBERIBE;581;;BEBERIBE;;;COLISÃO LATERAL;1;1;0;0;0;0;0;0;0;3;0;Cruzamento;Bom;Sem defeito;Perfeito estado;Seca;Mal conservada;Faixa de pedestre;Outras;;Dupla;Não existe;;
202222610;23/09/2022;;COM VÍTIMA;FINALIZADA;SAN MARTIN;AV GENERAL SAN MARTIN;2347;;SAN MARTIN;;;COLISÃO TRASEIRA;1;1;0;0;0;0;0;0;0;1;0;Longo da via;Bom;Não existe;Perfeito estado;Seca;Perfeito estado;Não existe;Não há placas;30 km/h;Dupla;Não existe;;
202222628;23/09/2022;;COM VÍTIMA;FINALIZADA;BOA VIAGEM;AV ENGENHEIRO DOMINGOS FERREIRA;2965;;BOA VIAGEM;;;COLISÃO LATERAL;1;1;0;0;0;0;0;0;0;1;0;Longo da via;Bom;Sem defeito;Perfeito estado;Seca;Perfeito estado;Não existe;Não há placas;;Única;Faixa seccionada;;
202222639;23/09/2022;;COM VÍTIMA;FINALIZADA;BOA VIAGEM;AV ENGENHEIRO DOMINGOS FERREIRA;;RUA PADRE CARAPUCEIRO;BOA VIAGEM;;SUBURBIO;ATROPELAMENTO DE PESSOA;0;0;0;0;1;1;0;0;0;1;0;Longo da via;Bom;Sem defeito;Perfeito estado;Seca;Perfeito estado;Faixa de pedestre;Não há placas;;Única;Não existe;;
202222647;23/09/2022;;COM VÍTIMA;FINALIZADA;JARDIM SÃO PAULO;RUA LORENA;93;;JARDIM SÃO PAULO;;;COLISÃO FRONTAL;1;1;0;0;0;0;0;0;0;1;0;Cruzamento;Bom;Não existe;Incompleta;Seca;Perfeito estado;Não existe;"Placas ""Pare""";;;;Não existe;
202222648;23/09/2022;;COM VÍTIMA;FINALIZADA;DERBY;AV GOVERNADOR AGAMENON MAGALHAES;;RUA HENRIQUE DIAS;DERBY;68;;COLISÃO LATERAL;0;2;0;0;0;0;0;0;0;2;0;Cruzamento;Bom;Sem defeito;Perfeito estado;Seca;Perfeito estado;Faixa de pedestre;Não há placas;60 km/h;Única;Canal;;
202222651;23/09/2022;;COM VÍTIMA;CANCELADA;AREIAS;AV RECIFE;;;AREIAS;;SUBURBIO;COLISÃO COM CICLISTA;0;1;0;1;0;0;0;0;0;3;0;;;;;;;;;;;;;
202222667;23/09/2022;;COM VÍTIMA;CANCELADA;BOMBA DO HEMETÉRIO;RUA CHA DE ALEGRIA;115;;BOMBA DO HEMETÉRIO;;;COLISÃO FRONTAL;0;0;0;0;0;0;0;0;0;1;0;;;;;;;;;;;;;
202222669;24/09/2022;;COM VÍTIMA;FINALIZADA;PORTO DA MADEIRA;AV BEBERIBE;;;PORTO DA MADEIRA;;;COLISÃO LATERAL;0;2;0;0;0;0;0;0;0;2;0;Longo da via;Bom;;Perfeito estado;Seca;Perfeito estado;Outros;Outras;;Dupla;Faixa seccionada;;
202222692;24/09/2022;;COM VÍTIMA;FINALIZADA;PAISSANDU;AV GOVERNADOR AGAMENON MAGALHAES;;;PAISSANDU;;;ATROPELAMENTO DE PESSOA;0;0;0;0;1;0;1;0;0;1;0;Longo da via;Bom;Sem defeito;Perfeito estado;Seca;Perfeito estado;Faixa de pedestre;R-6a;;Dupla;Canteiro central;;
202222693;24/09/2022;;COM VÍTIMA;FINALIZADA;TORRE;RUA REAL DA TORRE;;;TORRE;;;COLISÃO LATERAL;1;1;0;0;0;0;0;0;0;1;0;Longo da via;Bom;Não existe;Perfeito estado;Seca;Perfeito estado;Não existe;Outras;;Única;Faixa seccionada;;
202222702;24/09/2022;;SEM VÍTIMA;FINALIZADA;TORRE;AV VISCONDE DE ALBUQUERQUE;;;TORRE;;;COLISÃO TRASEIRA;0;0;0;0;0;0;0;0;0;0;0;;;;;;;;;;;;;
202222713;24/09/2022;;COM VÍTIMA;CANCELADA;ROSARINHO;AV SANTOS DUMONT;332;;ROSARINHO;;;COLISÃO TRASEIRA;1;1;0;0;0;0;0;0;0;1;0;;;;;;;;;;;;;
202222722;24/09/2022;;SEM VÍTIMA;FINALIZADA;JARDIM SÃO PAULO;AV RECIFE;5327;RUA MARQUES DE ITANHAEM;JARDIM SÃO PAULO;;;COLISÃO TRASEIRA;1;0;0;0;0;0;0;1;0;0;0;;;;;;;;;;;;;
202222746;24/09/2022;;COM VÍTIMA;FINALIZADA;IPSEP;AV RECIFE;;;IPSEP;;;CHOQUE;0;0;0;0;0;0;0;0;0;2;0;Longo da via;Bom;Não existe;Perfeito estado;Seca;Perfeito estado;Não existe;Não há placas;;Dupla;Faixa contínua;Faixa seccionada;
202222754;25/09/2022;;COM VÍTIMA;FINALIZADA;BAIRRO DO RECIFE;AV ALFREDO LISBOA;;;BAIRRO DO RECIFE;;;ATROPELAMENTO DE PESSOA;1;0;0;0;1;0;0;0;0;1;0;Longo da via;Bom;Não existe;Perfeito estado;Seca;Perfeito estado;;R-6a;30 km/h;Única;;;
202222838;26/09/2022;;COM VÍTIMA;FINALIZADA;MADALENA;AV VISCONDE DE ALBUQUERQUE;401;RUA LOPES DE CARVALHO;MADALENA;;CIDADE;COLISÃO LATERAL;1;1;0;0;0;0;0;0;0;1;0;Cruzamento;Bom;Não existe;Perfeito estado;Seca;Perfeito estado;Outros;Outras;;Única;Faixa seccionada;;
202222841;26/09/2022;;COM VÍTIMA;FINALIZADA;ESTÂNCIA;RUA JOAO TEIXEIRA;;;ESTÂNCIA;;;COLISÃO LATERAL;1;0;0;0;0;1;0;0;0;1;0;;;;;;;;;;;;;
202222849;26/09/2022;;COM VÍTIMA;FINALIZADA;BOA VISTA;RUA DR LEOPOLDO LINS;;AV GOVERNADOR AGAMENON MAGALHAES;BOA VISTA;78;;COLISÃO TRASEIRA;1;1;0;0;0;0;0;0;0;1;0;Cruzamento;Bom;Sem defeito;Perfeito estado;Seca;Perfeito estado;Faixa de pedestre;Não há placas;60 km/h;Única;Faixa seccionada;;
202222850;26/09/2022;;SEM VÍTIMA;FINALIZADA;IMBIRIBEIRA;AV MARECHAL MASCARENHAS DE MORAES;;;IMBIRIBEIRA;;CIDADE;COLISÃO TRANSVERSAL;1;0;0;0;0;0;1;0;0;0;0;Longo da via;Bom;Não existe;Perfeito estado;Seca;Perfeito estado;Não existe;Não há placas;;Única;Canteiro central;;
202222853;26/09/2022;;COM VÍTIMA;FINALIZADA;BOA VISTA;RUA DR LEOPOLDO LINS;;AV GOVERNADOR AGAMENON MAGALHAES;BOA VISTA;78;;QUEDA;0;1;0;0;0;0;0;0;0;1;0;Cruzamento;Bom;Sem defeito;Perfeito estado;Seca;Perfeito estado;Não existe;Não há placas;60 km/h;Única;Faixa seccionada;;
202222870;26/09/2022;;COM VÍTIMA;FINALIZADA;BOA VIAGEM;AV ENGENHEIRO DOMINGOS FERREIRA;;RUA PADRE CARAPUCEIRO;BOA VIAGEM;216;;COLISÃO LATERAL;1;1;0;0;0;0;0;0;0;1;0;Cruzamento;Bom;Sem defeito;Perfeito estado;Seca;Perfeito estado;Faixa de pedestre;Outras;;Única;Canteiro central;;
202222873;26/09/2022;;COM VÍTIMA;FINALIZADA;SANTO AMARO;AV CRUZ CABUGA;405;;SANTO AMARO;;CIDADE;COLISÃO LATERAL;1;1;0;0;0;0;0;0;0;1;0;Longo da via;Bom;Sem defeito;Perfeito estado;Seca;Perfeito estado;Não existe;Não há placas;60 km/h;Dupla;Faixa contínua;;
202222891;26/09/2022;;COM VÍTIMA;FINALIZADA;SANTO AMARO;AV CRUZ CABUGA;;AV PREFEITO ARTUR LIMA CAVALCANTI;SANTO AMARO;343;;COLISÃO LATERAL;2;0;0;0;0;0;0;0;0;1;0;Cruzamento;Bom;Sem defeito;Perfeito estado;Seca;Perfeito estado;Faixa de pedestre;R-6a;;Dupla;Faixa contínua;;
202222905;26/09/2022;;COM VÍTIMA;FINALIZADA;SANCHO;AV LIBERDADE;1427;;SANCHO;;;COLISÃO FRONTAL;1;1;0;0;0;0;0;0;0;1;0;Longo da via;Bom;Não existe;Ilegível;Seca;Perfeito estado;Não existe;R-6c;;Dupla;Não existe;;
202222911;26/09/2022;;COM VÍTIMA;FINALIZADA;DERBY;PRC DO DERBY;;;DERBY;;;QUEDA;0;1;0;0;0;0;0;0;0;2;0;Longo da via;Bom;Sem defeito;Perfeito estado;Seca;Perfeito estado;Faixa de pedestre;Outras;;Dupla;Canteiro central;;
202222916;26/09/2022;;COM VÍTIMA;FINALIZADA;IMBIRIBEIRA;AV MARECHAL MASCARENHAS DE MORAES;;;IMBIRIBEIRA;;;ATROPELAMENTO DE PESSOA;0;1;0;0;1;0;0;0;0;1;0;Longo da via;Bom;Não existe;Perfeito estado;Seca;Perfeito estado;Não existe;Não há placas;60 km/h;Única;Faixa seccionada;;
202222918;26/09/2022;;COM VÍTIMA;CANCELADA;CAMPO GRANDE;RUA PROFESSOR FRANCISCO DA TRINDADE;;RUA SAO CAETANO;CAMPO GRANDE;;;COLISÃO FRONTAL;1;1;0;0;0;0;0;0;0;2;0;;;;;;;;;;;;;
202222928;26/09/2022;;COM VÍTIMA;CANCELADA;TORRE;RUA JOSE BONIFACIO;;RUA MARCOS ANDRE;TORRE;;;COLISÃO TRASEIRA;1;1;0;0;0;0;0;0;0;1;0;;;;;;;;;;;;;
202222930;26/09/2022;;COM VÍTIMA;CANCELADA;ILHA DO RETIRO;RUA PROFESSOR BENEDITO MONTEIRO;;;ILHA DO RETIRO;;;COLISÃO LATERAL;1;1;0;0;0;0;0;0;0;1;0;;;;;;;;;;;;;
202222940;27/09/2022;;COM VÍTIMA;FINALIZADA;BOMBA DO HEMETÉRIO;RUA BOMBA DO HEMETERIO;649;;BOMBA DO HEMETÉRIO;;SUBURBIO;COLISÃO FRONTAL;1;1;0;0;0;0;0;0;0;2;0;Longo da via;Bom;Não existe;Perfeito estado;Seca;Perfeito estado;Não existe;R-6a;;Dupla;Não existe;;
202222950;27/09/2022;;COM VÍTIMA;FINALIZADA;CAXANGÁ;AV CAXANGA;;;CAXANGÁ;;;COLISÃO TRASEIRA;1;1;0;0;0;0;0;0;0;1;0;Longo da via;Bom;Não existe;Perfeito estado;Seca;Perfeito estado;Não existe;Não há placas;;Dupla;Canteiro central;;
202222951;27/09/2022;;COM VÍTIMA;FINALIZADA;CORDEIRO;AV GENERAL SAN MARTIN;495;RUA SANTOS MOREIRA;CORDEIRO;;;COLISÃO LATERAL;1;1;0;0;0;0;0;0;0;1;0;Longo da via;Bom;Não existe;Ilegível;Seca;Perfeito estado;Não existe;Não há placas;;Dupla;;;
202222982;27/09/2022;;COM VÍTIMA;FINALIZADA;VÁRZEA;AV PROFESSOR ARTUR DE SA;;RUA PROFESSOR ANTONIO COELHO;VÁRZEA;;;COLISÃO LATERAL;1;1;0;0;0;0;0;0;0;1;0;Longo da via;Bom;Não existe;Perfeito estado;Seca;Perfeito estado;Outros;R-6a;;Dupla;Faixa contínua;;
202222984;27/09/2022;;COM VÍTIMA;FINALIZADA;CAXANGÁ;AV MAURICIO DE NASSAU;2075;;CAXANGÁ;;;COLISÃO TRANSVERSAL;1;1;0;0;0;0;0;0;0;1;0;Longo da via;Bom;Sem defeito;Perfeito estado;Seca;Perfeito estado;Outros;Não há placas;;Dupla;Faixa contínua;;
202222986;27/09/2022;;COM VÍTIMA;FINALIZADA;MADALENA;AV VISCONDE DE ALBUQUERQUE;862;RUA JANUARIO BARBOSA;MADALENA;;;COLISÃO FRONTAL;1;1;0;0;0;0;0;0;0;1;0;Cruzamento;Bom;Não existe;Incompleta;Seca;Perfeito estado;Faixa de pedestre;"Placas ""Pare""";60 km/h;Única;Faixa contínua;Faixa seccionada;
202222992;27/09/2022;;SEM VÍTIMA;CANCELADA;DOIS UNIDOS;RUA VILA FLOR;281;;DOIS UNIDOS;;SUBURBIO;COLISÃO FRONTAL;1;1;0;0;0;0;0;0;0;0;0;;;;;;;;;;;;;
202223006;27/09/2022;;COM VÍTIMA;FINALIZADA;BEBERIBE;AV ANIBAL BENEVOLO;;;BEBERIBE;;;COLISÃO LATERAL;1;1;0;0;0;0;0;0;0;1;0;;;;;;;;;;;;;
202223009;27/09/2022;;COM VÍTIMA;CANCELADA;CABANGA;RUA GENERAL ESTILAC LEAL;;;CABANGA;;;COLISÃO TRASEIRA;1;0;0;0;0;0;0;0;0;1;0;;;;;;;;;;;;;
202223018;28/09/2022;;COM VÍTIMA;FINALIZADA;ESPINHEIRO;RUA CONS PORTELA;644;;ESPINHEIRO;;;COLISÃO LATERAL;1;1;0;0;0;0;0;0;0;1;0;Longo da via;Bom;Não existe;Perfeito estado;Seca;Perfeito estado;Não existe;Outras;30 km/h;Única;Não existe;;
202223020;28/09/2022;;COM VÍTIMA;FINALIZADA;IBURA;AV RECIFE;;;IBURA;;;ATROPELAMENTO DE PESSOA;0;1;0;0;1;0;0;0;0;2;0;Longo da via;Bom;Sem defeito;Perfeito estado;Seca;Perfeito estado;Faixa de pedestre;Não há placas;;Dupla;Não existe;;
202223077;28/09/2022;;SEM VÍTIMA;FINALIZADA;AFLITOS;AV SANTOS DUMONT;444;;AFLITOS;;SUBURBIO;CHOQUE;2;0;0;0;0;0;0;0;0;0;0;Longo da via;Bom;Não existe;Perfeito estado;Seca;Perfeito estado;Não existe;R-6a;30 km/h;Única;;;
202223087;28/09/2022;;COM VÍTIMA;FINALIZADA;IMBIRIBEIRA;AV MARECHAL MASCARENHAS DE MORAES;;;IMBIRIBEIRA;;;COLISÃO TRASEIRA;0;2;0;0;0;0;0;0;0;1;0;Longo da via;Bom;Não existe;Perfeito estado;Seca;Perfeito estado;Não existe;R-6a;60 km/h;Dupla;Canteiro central;;
202223091;28/09/2022;;COM VÍTIMA;FINALIZADA;GRAÇAS;RUA DAS PERNAMBUCANAS;;RUA MONSENHOR AMBROZINO LEITE;GRAÇAS;600;SUBURBIO;COLISÃO TRANSVERSAL;1;1;0;0;0;0;0;0;0;1;0;Cruzamento;Bom;Intermitente;Perfeito estado;Seca;Perfeito estado;Faixa de pedestre;R-6a;;Dupla;Faixa seccionada;;
202223098;29/09/2022;;COM VÍTIMA;CANCELADA;TEJIPIÓ;RUA LEANDRO BARRETO;425;;TEJIPIÓ;;;QUEDA;0;1;0;0;0;0;0;0;0;1;0;;;;;;;;;;;;;
202223110;29/09/2022;;COM VÍTIMA;DUPLICIDADE;;RUA SAO MIGUEL;;;;;;COLISÃO FRONTAL;1;1;0;0;0;0;0;0;0;1;0;;;;;;;;;;;;;
202223111;29/09/2022;;COM VÍTIMA;FINALIZADA;DERBY;RUA HENRIQUE DIAS;;AV GOVERNADOR AGAMENON MAGALHAES;DERBY;;;COLISÃO TRASEIRA;1;1;0;0;0;0;0;0;0;1;0;Longo da via;Bom;Sem defeito;Perfeito estado;Seca;Perfeito estado;Outros;Outras;;Dupla;Faixa seccionada;;
202223115;29/09/2022;;COM VÍTIMA;FINALIZADA;AFOGADOS;RUA SAO MIGUEL;1883;;AFOGADOS;;;COLISÃO LATERAL;1;2;0;0;0;0;0;0;0;1;0;Longo da via;Bom;Não existe;Perfeito estado;Seca;Perfeito estado;Não existe;Não há placas;;Dupla;Faixa contínua;Faixa seccionada;
202223138;29/09/2022;;COM VÍTIMA;FINALIZADA;CIDADE UNIVERSITÁRIA;AV PROFESSOR LUIZ FREIRE;;;CIDADE UNIVERSITÁRIA;;;COLISÃO TRASEIRA;0;2;0;0;0;0;0;0;0;2;0;Longo da via;Bom;Não existe;Perfeito estado;Seca;Perfeito estado;Não existe;Não há placas;40 km/h;Dupla;Faixa seccionada;;
202223141;29/09/2022;;COM VÍTIMA;FINALIZADA;BARRO;AV DR JOSE RUFINO;;;BARRO;;;COLISÃO LATERAL;1;1;0;0;0;0;0;0;0;1;0;;;;;;;;;;;;;
202223142;29/09/2022;;SEM VÍTIMA;FINALIZADA;BOA VIAGEM;AV MARECHAL MASCARENHAS DE MORAES;5313;;BOA VIAGEM;;CIDADE;;1;0;0;0;0;0;0;1;0;0;0;Longo da via;Bom;Não existe;Perfeito estado;Seca;Perfeito estado;Não existe;Não há placas;60 km/h;Única;Faixa contínua;Canteiro central;
202223162;29/09/2022;;COM VÍTIMA;FINALIZADA;DOIS IRMÃOS;RUA DOIS IRMAOS;;;DOIS IRMÃOS;;;QUEDA;0;1;0;0;0;0;0;0;0;1;0;Longo da via;Bom;Sem defeito;Perfeito estado;Seca;Perfeito estado;Não existe;R-6a;;Dupla;Faixa contínua;;
202223170;29/09/2022;;SEM VÍTIMA;CANCELADA;BOA VIAGEM;RUA BALTAZAR PASSOS;;AV BOA VIAGEM;BOA VIAGEM;;;COLISÃO LATERAL;1;0;0;0;0;0;1;0;0;0;0;;;;;;;;;;;;;
202223174;29/09/2022;;SEM VÍTIMA;FINALIZADA;BOA VIAGEM;AV BOA VIAGEM;;;BOA VIAGEM;547;CIDADE;COLISÃO TRASEIRA;2;0;0;0;0;0;0;0;0;0;0;Longo da via;Bom;Sem defeito;Perfeito estado;Seca;Perfeito estado;Faixa de pedestre;;;Única;Faixa seccionada;;
202223176;29/09/2022;;COM VÍTIMA;FINALIZADA;BOA VIAGEM;RUA CAMBOIM;;RUA JOAO CARDOSO AIRES;BOA VIAGEM;;;COLISÃO LATERAL;1;1;0;0;0;0;0;0;0;1;0;Cruzamento;Bom;Não existe;Ilegível;Seca;Perfeito estado;Não existe;"Placas ""Pare""";30 km/h;Dupla;Faixa seccionada;;
202223183;30/09/2022;;COM VÍTIMA;FINALIZADA;BOA VIAGEM;AV CONSELHEIRO AGUIAR;2707;;BOA VIAGEM;549;;ENGAVETAMENTO;3;0;0;0;0;0;0;0;0;1;0;Longo da via;Bom;Sem defeito;Perfeito estado;Seca;Perfeito estado;Faixa de pedestre;R-6a;;Única;Faixa seccionada;;
202223193;30/09/2022;;COM VÍTIMA;FINALIZADA;MANGUEIRA;RUA VINTE E UM DE ABRIL;2090;RUA BOM JARDIM;MANGUEIRA;;;COLISÃO LATERAL;1;1;0;0;0;0;0;0;0;1;0;Cruzamento;Bom;Não existe;Não existente;Seca;Perfeito estado;Não existe;Não há placas;;Dupla;Não existe;;
202223231;30/09/2022;;COM VÍTIMA;FINALIZADA;IMBIRIBEIRA;RUA CONEGO LIRA;370;;IMBIRIBEIRA;;;COLISÃO LATERAL;1;1;0;0;0;0;0;0;0;1;0;Cruzamento;Bom;Não existe;Não existente;Seca;Perfeito estado;Não existe;Não há placas;;Dupla;Não existe;;
202223236;30/09/2022;;COM VÍTIMA;FINALIZADA;BONGI;RUA DELMIRO GOUVEIA;333;;BONGI;;CIDADE;COLISÃO LATERAL;1;1;0;0;0;0;0;0;0;1;0;Longo da via;Bom;Não existe;Incompleta;Seca;Perfeito estado;Não existe;Não há placas;;Dupla;Não existe;;
202223254;30/09/2022;;COM VÍTIMA;CANCELADA;POÇO DA PANELA;AV DEZESSETE DE AGOSTO;1986;;POÇO DA PANELA;;;COLISÃO LATERAL;0;0;0;0;0;0;0;0;0;1;0;;;;;;;;;;;;;
202223262;30/09/2022;;COM VÍTIMA;CANCELADA;CAXANGÁ;RUA EMILIANO BRAGA;;;CAXANGÁ;;;COLISÃO FRONTAL;1;1;0;0;0;0;0;0;0;1;0;;;;;;;;;;;;;
202223274;30/09/2022;;COM VÍTIMA;CANCELADA;ARRUDA;RUA DA REGENERACAO;788;;ARRUDA;;;CHOQUE;2;0;0;0;0;0;0;0;0;1;0;;;;;;;;;;;;;
202223276;01/10/2022;;COM VÍTIMA;FINALIZADA;JARDIM SÃO PAULO;AV RECIFE;6165;;JARDIM SÃO PAULO;;;COLISÃO LATERAL;1;1;0;0;0;0;0;0;0;1;0;Longo da via;Bom;Sem defeito;Perfeito estado;Seca;Perfeito estado;Não existe;Não há placas;;Única;Faixa seccionada;;
202223345;01/10/2022;;COM VÍTIMA;FINALIZADA;ENCRUZILHADA;AV BEBERIBE;;RUA PEDRO ALVES;ENCRUZILHADA;186;CIDADE;COLISÃO TRASEIRA;1;1;0;0;0;0;0;0;0;1;0;Cruzamento;Bom;Sem defeito;Perfeito estado;Seca;Perfeito estado;Faixa de pedestre;Outras;;Dupla;Faixa contínua;;
202223347;01/10/2022;;SEM VÍTIMA;FINALIZADA;IBURA;RUA PINTOR AGENOR DE ALBUQUERQUE CESAR;160;;IBURA;;;CHOQUE;1;0;0;0;0;0;0;1;0;0;0;Longo da via;Bom;Não existe;Perfeito estado;Seca;Perfeito estado;Não existe;;;Dupla;Não existe;;
202223349;01/10/2022;;COM VÍTIMA;FINALIZADA;VASCO DA GAMA;RUA VASCO DA GAMA;178;;VASCO DA GAMA;;;COLISÃO LATERAL;1;1;0;0;0;0;0;0;0;1;0;Outros;Bom;Não existe;Incompleta;Seca;Mal conservada;Não existe;R-6a;40 km/h;Dupla;Faixa seccionada;;
202223352;02/10/2022;;COM VÍTIMA;FINALIZADA;IMBIRIBEIRA;RUA ARQUITETO LUIZ NUNES;;RUA ENGENHEIRO JOSE BRANDAO CAVALCANTE;IMBIRIBEIRA;;;COLISÃO LATERAL;1;1;0;0;0;0;0;0;0;2;0;Cruzamento;Bom;Não existe;Perfeito estado;Seca;Perfeito estado;Não existe;"Placas ""Pare""";;Dupla;Faixa contínua;;
202223354;02/10/2022;;COM VÍTIMA;FINALIZADA;CAXANGÁ;RUA GASTAO VIDIGAL;;;CAXANGÁ;;SUBURBIO;COLISÃO LATERAL;2;0;0;0;0;0;0;0;0;1;0;Cruzamento;Bom;Sem defeito;Perfeito estado;Seca;Perfeito estado;Faixa de pedestre;Não há placas;;Dupla;Não existe;;
202223358;02/10/2022;;SEM VÍTIMA;FINALIZADA;JORDÃO;PRC DO JORDAO;53;;JORDÃO;;CIDADE;COLISÃO FRONTAL;0;1;0;0;0;0;0;1;0;0;0;Longo da via;Bom;Não existe;Perfeito estado;Seca;Perfeito estado;Não existe;R-6a;30 km/h;Dupla;Não existe;;
202223400;02/10/2022;;COM VÍTIMA;CANCELADA;AREIAS;RUA FIGUEIRA DE MELO;11;;AREIAS;;;QUEDA;0;1;0;0;0;0;0;0;0;1;0;;;;;;;;;;;;;
202223416;02/10/2022;;COM VÍTIMA;FINALIZADA;PORTO DA MADEIRA;RUA DALVA DE OLIVEIRA;;;PORTO DA MADEIRA;;;COLISÃO LATERAL;1;1;0;0;0;0;0;0;0;1;0;Cruzamento;Bom;Não existe;Perfeito estado;Seca;Perfeito estado;Outros;Não há placas;;Dupla;Não existe;;
202223433;03/10/2022;;SEM VÍTIMA;FINALIZADA;CORDEIRO;RUA MANDIORE;152;;CORDEIRO;;SUBURBIO;CHOQUE;3;0;0;0;0;0;0;0;0;0;0;Longo da via;Bom;Não existe;Não existente;Seca;Perfeito estado;Não existe;Não há placas;;Dupla;Não existe;;
202223435;03/10/2022;;SEM VÍTIMA;FINALIZADA;VASCO DA GAMA;RUA NOVA DESCOBERTA;213;;VASCO DA GAMA;;CIDADE;COLISÃO FRONTAL;0;1;0;0;0;1;0;0;0;0;0;Longo da via;Bom;Não existe;Perfeito estado;Seca;Perfeito estado;Não existe;R-6a;;Dupla;Não existe;;
202223438;03/10/2022;;SEM VÍTIMA;FINALIZADA;DERBY;AV GOVERNADOR AGAMENON MAGALHAES;;RUA JOAO FERNANDES VIEIRA;DERBY;37;SUBURBIO;CHOQUE;0;0;0;0;0;0;0;1;0;0;0;Cruzamento;Bom;Sem defeito;Perfeito estado;Seca;Perfeito estado;Faixa de pedestre;Não há placas;60 km/h;Única;Faixa contínua;;