Protocolo;data;hora;natureza;situacao;bairro;endereco;numero;detalhe_endereco_acidente;bairro_cruzamento;num_semaforo;sentido_via;tipo;auto;moto;ciclom;ciclista;pedestre;onibus;caminhao;viatura;outros;vitimas;vitimasfatais;acidente_verificado;tempo_clima;situacao_semaforo;sinalizacao;condicao_via;conservacao_via;ponto_controle;situacao_placa;velocidade_max_via;mao_direcao;divisao_via1;divisao_via2;divisao_via3
202225218;24/10/2022;;SEM VÍTIMA;FINALIZADA;BOA VISTA;RUA DO HOSPICIO;751;;BOA VISTA;;CIDADE;;1;0;0;0;0;1;0;0;0;0;0;Longo da via;Bom;Sem defeito;Perfeito estado;Seca;Perfeito estado;Faixa de pedestre;Outras;60 km/h;Dupla;Faixa seccionada;Blocos;
202225227;24/10/2022;;COM VÍTIMA;FINALIZADA;AFOGADOS;RUA SAO MIGUEL;426;;AFOGADOS;;CIDADE;COLISÃO LATERAL;1;1;0;0;0;0;0;0;0;2;0;Longo da via;Bom;Não existe;Perfeito estado;Seca;Perfeito estado;Faixa de pedestre;Não há placas;;Dupla;Faixa contínua;;
202225229;24/10/2022;;SEM VÍTIMA;FINALIZADA;MACAXEIRA;AV NORTE MIGUEL ARRAES DE ALENCAR;;RUA MARIA CANDIDA;MACAXEIRA;296;SUBURBIO;COLISÃO TRASEIRA;1;0;0;0;0;0;1;1;0;0;0;Cruzamento;Bom;Sem defeito;Perfeito estado;Seca;Perfeito estado;Não existe;R-6a;;Dupla;Canteiro central;;
202225245;24/10/2022;;SEM VÍTIMA;FINALIZADA;CAMPO GRANDE;EST DE BELEM;1303;;CAMPO GRANDE;;;;2;0;0;0;0;0;0;0;0;0;0;Longo da via;Bom;Não existe;Ilegível;Seca;Perfeito estado;Não existe;Outras;40 km/h;Dupla;Faixa contínua;;
202225248;24/10/2022;;COM VÍTIMA;FINALIZADA;IBURA;AV RECIFE;2147E;;IBURA;;CIDADE;COLISÃO TRASEIRA;1;1;0;0;0;0;0;0;0;1;0;Longo da via;Bom;;Perfeito estado;Seca;Perfeito estado;;;60 km/h;Dupla;Canteiro central;;
202225249;24/10/2022;;COM VÍTIMA;FINALIZADA;PINA;RUA MANOEL DE BRITO;;AV REPUBLICA ARABE UNIDA;PINA;659;CIDADE;COLISÃO LATERAL;1;1;0;0;0;0;0;0;0;1;0;Cruzamento;Bom;Sem defeito;Perfeito estado;Seca;Perfeito estado;Não existe;Não há placas;60 km/h;Única;;;
202225251;24/10/2022;;COM VÍTIMA;CANCELADA;PARNAMIRIM;RUA LEONARDO BEZERRA CAVALCANTE;;;PARNAMIRIM;;;COLISÃO TRASEIRA;0;2;0;0;0;0;0;0;0;1;0;;;;;;;;;;;;;
202225252;24/10/2022;;COM VÍTIMA;FINALIZADA;MONTEIRO;AV DEZESSETE DE AGOSTO;1950;;MONTEIRO;;;COLISÃO LATERAL;1;1;0;0;0;0;0;0;0;1;0;Longo da via;Bom;Não existe;Perfeito estado;Seca;Perfeito estado;Não existe;Outras;50 km/h;Dupla;Faixa contínua;;
202225260;24/10/2022;;COM VÍTIMA;CANCELADA;BARRO;RUA AMADOR ARAUJO;115;;BARRO;;;COLISÃO COM CICLISTA;0;0;0;1;0;0;0;0;0;1;0;;;;;;;;;;;;;
202225261;24/10/2022;;COM VÍTIMA;FINALIZADA;SANTO AMARO;AV VISCONDE DE SUASSUNA;331;;SANTO AMARO;;;QUEDA;0;1;0;0;0;0;0;0;0;1;0;Longo da via;Bom;Não existe;Perfeito estado;Seca;Perfeito estado;Não existe;R-19;40 km/h;Única;Não existe;;
202225263;25/10/2022;;SEM VÍTIMA;FINALIZADA;IBURA;RUA RIO TAPADO;165;;IBURA;;;CHOQUE;0;0;0;0;0;0;0;0;0;0;0;;;;;;;;;;;;;
202225264;25/10/2022;;COM VÍTIMA;CANCELADA;IBURA;RUA RIO XINGU;543;;IBURA;;;COLISÃO LATERAL;0;2;0;0;0;0;0;0;0;2;0;;;;;;;;;;;;;
202225308;25/10/2022;;COM VÍTIMA;FINALIZADA;BOA VISTA;RUA AURORA;274;;BOA VISTA;;CIDADE;COLISÃO TRASEIRA;1;1;0;0;0;0;0;0;0;1;0;Longo da via;Bom;Sem defeito;Perfeito estado;Seca;Perfeito estado;Não existe;Não há placas;;Única;Faixa seccionada;;
202225311;25/10/2022;;COM VÍTIMA;FINALIZADA;MADALENA;RUA SOUZA BANDEIRA;;AV CAXANGA;MADALENA;236;SUBURBIO;COLISÃO FRONTAL;1;1;0;0;0;0;0;0;0;1;0;Cruzamento;Bom;Sem defeito;Perfeito estado;Seca;Perfeito estado;Faixa de pedestre;Não há placas;60 km/h;Única;Faixa seccionada;;
202225313;25/10/2022;;COM VÍTIMA;FINALIZADA;ESPINHEIRO;AV GOVERNADOR AGAMENON MAGALHAES;;;ESPINHEIRO;173;;COLISÃO LATERAL;1;1;0;0;0;0;0;0;0;1;0;Cruzamento;Bom;;Perfeito estado;Seca;Perfeito estado;Outros;;60 km/h;Única;;;
202225330;25/10/2022;;COM VÍTIMA;FINALIZADA;IMBIRIBEIRA;AV MARECHAL MASCARENHAS DE MORAES;3402;;IMBIRIBEIRA;;SUBURBIO;COLISÃO COM CICLISTA;0;0;0;1;0;0;1;0;0;1;0;Longo da via;Bom;Não existe;Não existente;Seca;Perfeito estado;Não existe;Não há placas;60 km/h;Única;Faixa contínua;;
202225331;25/10/2022;;COM VÍTIMA;FINALIZADA;PARNAMIRIM;RUA PADRE ROMA;259;RUA SEBASTIAO ALVES;PARNAMIRIM;;SUBURBIO;COLISÃO COM CICLISTA;1;0;0;1;0;0;0;0;0;1;0;Cruzamento;Bom;Não existe;Perfeito estado;Seca;Perfeito estado;Faixa de pedestre;Outras;;Única;Faixa seccionada;Outros;
202225332;25/10/2022;;SEM VÍTIMA;FINALIZADA;CAMPO GRANDE;EST DE BELEM;721;;CAMPO GRANDE;;CIDADE;;1;0;0;0;0;0;0;1;0;0;0;Longo da via;Bom;Não existe;Perfeito estado;Seca;Perfeito estado;Não existe;R-6a;;Dupla;Faixa contínua;;
202225352;26/10/2022;;COM VÍTIMA;FINALIZADA;TEJIPIÓ;RUA APRIGIO GUIMARAES;390;;TEJIPIÓ;;SUBURBIO;COLISÃO LATERAL;1;1;0;0;0;0;0;0;0;1;0;Esquina;Bom;Não existe;Perfeito estado;Seca;Perfeito estado;Não existe;Não há placas;;Dupla;Não existe;;
202225365;26/10/2022;;COM VÍTIMA;FINALIZADA;PARNAMIRIM;RUA DES GOIS CAVALCANTE;200;RUA ALBINO MEIRA;PARNAMIRIM;613;SUBURBIO;COLISÃO LATERAL;1;1;0;0;0;0;0;0;0;1;0;Longo da via;Bom;Sem defeito;Perfeito estado;Seca;Perfeito estado;Faixa de pedestre;R-6a;;Única;;;
202225367;26/10/2022;;COM VÍTIMA;FINALIZADA;IBURA;AV DOM HELDER CAMARA;351;;IBURA;;SUBURBIO;COLISÃO LATERAL;0;1;0;0;0;0;0;0;1;1;0;Longo da via;Bom;Não existe;Incompleta;Seca;Mal conservada;Não existe;R-6a;;Dupla;Canteiro central;;
202225384;26/10/2022;;SEM VÍTIMA;FINALIZADA;SANCHO;AV LIBERDADE;364;;SANCHO;;;COLISÃO TRANSVERSAL;0;0;0;0;0;0;1;1;1;0;0;Longo da via;Bom;;;Seca;Perfeito estado;;;30 km/h;Dupla;Não existe;;
202225402;26/10/2022;;COM VÍTIMA;FINALIZADA;BOA VIAGEM;RUA DEZ DE JULHO;265;RUA WALDEMAR NERY CARNEIRO MONTEIRO;BOA VIAGEM;573;;COLISÃO FRONTAL;2;0;0;0;0;0;0;0;0;2;0;Cruzamento;Bom;Sem defeito;Perfeito estado;Seca;Perfeito estado;Faixa de pedestre;Outras;;Dupla;Não existe;;
202225409;26/10/2022;;COM VÍTIMA;FINALIZADA;IMBIRIBEIRA;AV MARECHAL MASCARENHAS DE MORAES;2169;;IMBIRIBEIRA;501;CIDADE;ATROPELAMENTO DE PESSOA;0;1;0;0;1;0;0;0;0;1;0;Longo da via;Bom;Sem defeito;Perfeito estado;Seca;Perfeito estado;Faixa de retenção;Outras;60 km/h;Única;Faixa seccionada;;
202225416;26/10/2022;;SEM VÍTIMA;FINALIZADA;BOA VISTA;RUA DAS NINFAS;243;;BOA VISTA;;CIDADE;;2;0;0;0;0;0;0;0;0;0;0;Longo da via;Bom;Não existe;Perfeito estado;Seca;Perfeito estado;Não existe;Não há placas;30 km/h;Única;Faixa seccionada;;
202225424;26/10/2022;;COM VÍTIMA;FINALIZADA;IBURA;RUA RIO BRIGIDA;588;;IBURA;;SUBURBIO;COLISÃO COM CICLISTA;1;0;0;1;0;0;0;0;0;1;0;Longo da via;Bom;Não existe;Perfeito estado;Seca;Perfeito estado;Não existe;Não há placas;30 km/h;Única;Não existe;;
202225443;26/10/2022;;SEM VÍTIMA;FINALIZADA;GUABIRABA;RUA CORREGO MANOEL DAS MENINAS;;;GUABIRABA;;;COLISÃO TRASEIRA;0;0;0;0;0;0;0;0;0;0;0;Cruzamento;Bom;Não existe;Incompleta;Seca;Mal iluminada;Não existe;Outras;;Dupla;Não existe;;
202225444;26/10/2022;;COM VÍTIMA;FINALIZADA;SANTO AMARO;AV CRUZ CABUGA;;;SANTO AMARO;470;CIDADE;ATROPELAMENTO DE PESSOA;0;0;0;0;1;1;0;0;0;1;0;Longo da via;Bom;Sem defeito;Perfeito estado;Seca;Perfeito estado;Agente;Não há placas;;Dupla;Canteiro central;;
202225461;27/10/2022;;COM VÍTIMA;FINALIZADA;BOA VIAGEM;RUA MARQUES DE VALENCA;730;;BOA VIAGEM;;SUBURBIO;COLISÃO LATERAL;2;0;0;0;0;0;0;0;0;1;0;Longo da via;Bom;Não existe;Perfeito estado;Seca;Perfeito estado;Não existe;Não há placas;;Dupla;Faixa seccionada;;
202225478;27/10/2022;;COM VÍTIMA;FINALIZADA;TORREÃO;AV GOVERNADOR AGAMENON MAGALHAES;;;TORREÃO;;SUBURBIO;COLISÃO FRONTAL;1;1;0;0;0;0;0;0;0;1;0;Longo da via;Bom;Não existe;Não existente;Seca;Perfeito estado;Não existe;Não há placas;;Dupla;Não existe;;
202225496;27/10/2022;;SEM VÍTIMA;FINALIZADA;ILHA DO LEITE;VIADUTO CAPITAO TEMUDO;;;ILHA DO LEITE;;;COLISÃO TRASEIRA;2;0;0;0;0;0;0;0;0;0;0;;;;;;;;;;;;;
202225524;27/10/2022;;COM VÍTIMA;FINALIZADA;ARRUDA;RUA PETRONILA BOTELHO;;AV PROFESSOR JOSE DOS ANJOS;ARRUDA;554;;COLISÃO FRONTAL;2;0;0;0;0;0;0;0;0;1;0;Cruzamento;Bom;Sem defeito;Perfeito estado;Seca;Perfeito estado;Não existe;Não há placas;;Dupla;;;
202225531;27/10/2022;;SEM VÍTIMA;FINALIZADA;SANTO ANTÔNIO;PTE PRINCESA IZABEL;;;SANTO ANTÔNIO;;;COLISÃO TRASEIRA;2;0;0;0;0;0;0;0;0;0;0;Longo da via;Bom;Não existe;Perfeito estado;Seca;Perfeito estado;Não existe;Não há placas;;Dupla;Faixa contínua;;
202225549;27/10/2022;;COM VÍTIMA;FINALIZADA;BOA VIAGEM;RUA CAPITAO REBELINHO;534;RUA PEREIRA DA COSTA;BOA VIAGEM;;SUBURBIO;COLISÃO FRONTAL;1;1;0;0;0;0;0;0;0;1;0;Cruzamento;Bom;Não existe;Perfeito estado;Seca;Perfeito estado;Faixa de pedestre;Não há placas;;Única;Não existe;;
202225553;27/10/2022;;COM VÍTIMA;FINALIZADA;DERBY;AV GOVERNADOR AGAMENON MAGALHAES;;AV GOVERNADOR CARLOS DE LIMA CAVALCANTI;DERBY;75;SUBURBIO;COLISÃO LATERAL;1;1;0;0;0;0;0;0;0;1;0;Cruzamento;Bom;Sem defeito;Perfeito estado;Seca;Perfeito estado;Faixa de pedestre;Outras;60 km/h;Dupla;;;
202225554;27/10/2022;;SEM VÍTIMA;FINALIZADA;PARNAMIRIM;AV DEZESSETE DE AGOSTO;248;;PARNAMIRIM;;;CHOQUE;1;0;0;0;0;0;0;0;0;0;0;Longo da via;Bom;Sem defeito;Perfeito estado;Seca;Perfeito estado;Faixa de pedestre;;;Dupla;Faixa contínua;;
202225571;28/10/2022;;COM VÍTIMA;FINALIZADA;AFOGADOS;RUA VINTE E UM DE ABRIL;942;;AFOGADOS;;SUBURBIO;ATROPELAMENTO DE PESSOA;0;1;0;0;1;0;0;0;0;1;0;Longo da via;Bom;Não existe;;Seca;Perfeito estado;;Não há placas;;Dupla;Não existe;;
202225579;28/10/2022;;COM VÍTIMA;FINALIZADA;SANTO AMARO;AV GOVERNADOR AGAMENON MAGALHAES;100;;SANTO AMARO;;CIDADE;COLISÃO LATERAL;0;2;0;0;0;0;0;0;0;1;0;Longo da via;Bom;Não existe;Perfeito estado;Seca;Perfeito estado;Não existe;Não há placas;60 km/h;Única;Faixa seccionada;;
202225580;28/10/2022;;COM VÍTIMA;FINALIZADA;CORDEIRO;RUA TEOTONIO FREIRE;565;RUA DR JOAO LACERDA;CORDEIRO;;CIDADE;COLISÃO LATERAL;1;1;0;0;0;0;0;0;0;1;0;Cruzamento;Bom;Não existe;Perfeito estado;Seca;Perfeito estado;Não existe;Não há placas;;Dupla;Faixa seccionada;;
202225583;28/10/2022;;COM VÍTIMA;FINALIZADA;CAMPO GRANDE;EST DE BELEM;743;;CAMPO GRANDE;;CIDADE;COLISÃO LATERAL;1;1;0;0;0;0;0;0;0;1;0;Longo da via;Bom;Não existe;Perfeito estado;Seca;Perfeito estado;Não existe;R-6a;;Dupla;Faixa contínua;;
202225587;28/10/2022;;COM VÍTIMA;CANCELADA;SAN MARTIN;AV RECIFE;;;SAN MARTIN;;;ATROPELAMENTO DE PESSOA;1;0;0;1;0;0;0;0;0;1;0;;;;;;;;;;;;;
202225594;28/10/2022;;COM VÍTIMA;FINALIZADA;ESTÂNCIA;AV JOAO CABRAL DE MELO NETO;2000;;ESTÂNCIA;259;CIDADE;COLISÃO COM CICLISTA;1;0;0;1;0;0;0;0;0;1;0;Longo da via;Bom;Sem defeito;Perfeito estado;Seca;Perfeito estado;Agente;Outras;60 km/h;;Canteiro central;;
202225617;28/10/2022;;COM VÍTIMA;FINALIZADA;TEJIPIÓ;AV DR JOSE RUFINO;3429;;TEJIPIÓ;;SUBURBIO;COLISÃO LATERAL;1;1;0;0;0;0;0;0;0;1;0;Longo da via;Bom;Não existe;Incompleta;Seca;Perfeito estado;Não existe;Não há placas;;Dupla;Faixa contínua;;
202225620;28/10/2022;;COM VÍTIMA;FINALIZADA;AFOGADOS;RUA SAO MIGUEL;898;;AFOGADOS;;SUBURBIO;COLISÃO LATERAL;1;1;0;0;0;0;0;0;0;1;0;Longo da via;Bom;Sem defeito;Perfeito estado;Seca;Perfeito estado;Não existe;Não há placas;;Dupla;Faixa contínua;;
202225626;28/10/2022;;COM VÍTIMA;FINALIZADA;BOA VISTA;RUA DOM BOSCO;;AV CONDE DA BOA VISTA;BOA VISTA;27;SUBURBIO;COLISÃO LATERAL;1;1;0;0;0;0;0;0;0;1;0;Cruzamento;Bom;Sem defeito;Perfeito estado;Seca;Perfeito estado;Faixa de pedestre;Não há placas;40 km/h;Única;Faixa contínua;Faixa seccionada;
202225634;28/10/2022;;COM VÍTIMA;FINALIZADA;ILHA DO LEITE;RUA FRANCISCO ALVES;;;ILHA DO LEITE;508;SUBURBIO;COLISÃO LATERAL;2;1;0;0;0;0;0;0;0;1;0;Cruzamento;Bom;Sem defeito;Perfeito estado;Seca;Perfeito estado;Faixa de pedestre;Outras;60 km/h;Dupla;Faixa contínua;;
202225636;28/10/2022;;COM VÍTIMA;FINALIZADA;BOA VISTA;RUA SETE DE SETEMBRO;187;AV CONDE DA BOA VISTA;BOA VISTA;486;CIDADE;COLISÃO COM CICLISTA;0;0;0;1;0;1;0;0;0;1;0;Longo da via;Bom;Sem defeito;Perfeito estado;Seca;Perfeito estado;Faixa de pedestre;Outras;40 km/h;Dupla;Faixa contínua;Faixa seccionada;Canteiro central
202225639;28/10/2022;;COM VÍTIMA;FINALIZADA;CASA AMARELA;AV NORTE MIGUEL ARRAES DE ALENCAR;;AV PROFESSOR JOSE DOS ANJOS;CASA AMARELA;364;;ATROPELAMENTO DE PESSOA;1;0;0;0;1;0;0;0;0;1;0;Cruzamento;Bom;Sem defeito;Perfeito estado;Seca;Perfeito estado;;;;;;;
202225640;28/10/2022;;COM VÍTIMA;FINALIZADA;SÃO JOSÉ;AV SUL;;PRC SERGIO LORETO;SÃO JOSÉ;311;CIDADE;ATROPELAMENTO DE PESSOA;0;1;0;0;1;0;0;0;0;1;0;Longo da via;Bom;Sem defeito;Perfeito estado;Seca;Perfeito estado;Faixa de pedestre;Não há placas;60 km/h;Única;Canteiro central;;
202225657;28/10/2022;;COM VÍTIMA;FINALIZADA;VÁRZEA;RUA ACADEMICO HELIO RAMOS;297;;VÁRZEA;;SUBURBIO;CHOQUE;1;1;0;0;0;0;0;0;0;1;0;Longo da via;Bom;Não existe;Perfeito estado;Seca;Perfeito estado;Não existe;Não há placas;30 km/h;Dupla;Não existe;;
202225662;29/10/2022;;COM VÍTIMA;FINALIZADA;GRAÇAS;RUA JOAQUIM NABUCO;;;GRAÇAS;;SUBURBIO;COLISÃO LATERAL;1;1;0;0;0;0;0;0;0;1;0;Longo da via;Bom;Não existe;Perfeito estado;Seca;Perfeito estado;Não existe;Não há placas;;Dupla;Faixa seccionada;;
202225663;29/10/2022;;SEM VÍTIMA;FINALIZADA;CORDEIRO;RUA GOMES TABORDA;967;;CORDEIRO;;;COLISÃO LATERAL;0;0;0;0;0;0;0;0;0;0;0;;;;;;;;;;;;;
202225673;29/10/2022;;COM VÍTIMA;FINALIZADA;IPUTINGA;AV CAXANGA;3860;;IPUTINGA;533;SUBURBIO;ATROPELAMENTO DE PESSOA;0;1;0;0;2;0;0;0;0;3;0;Longo da via;Bom;Sem defeito;Perfeito estado;Seca;Perfeito estado;Não existe;R-6a;;Dupla;Canteiro central;;
202225677;29/10/2022;;COM VÍTIMA;FINALIZADA;MADALENA;AV VISCONDE DE ALBUQUERQUE;297;RUA LOPES DE CARVALHO;MADALENA;;SUBURBIO;COLISÃO TRASEIRA;1;1;0;0;0;0;0;0;0;1;0;Cruzamento;Bom;Não existe;Perfeito estado;Seca;Perfeito estado;Não existe;"Placas ""Pare""";60 km/h;Única;Faixa seccionada;;
202225679;29/10/2022;;COM VÍTIMA;FINALIZADA;ESTÂNCIA;AV RECIFE;5453;;ESTÂNCIA;;;COLISÃO COM CICLISTA;1;0;0;1;0;1;0;0;0;1;0;Longo da via;Bom;Não existe;Perfeito estado;Seca;Perfeito estado;Não existe;Não há placas;60 km/h;Única;Faixa seccionada;;
202225699;29/10/2022;;COM VÍTIMA;FINALIZADA;IMBIRIBEIRA;AV MARECHAL MASCARENHAS DE MORAES;4080;RUA CORONEL FABRICIANO;IMBIRIBEIRA;310;SUBURBIO;COLISÃO LATERAL;1;1;0;0;0;0;0;0;0;1;0;Cruzamento;Bom;Sem defeito;Perfeito estado;Seca;Perfeito estado;Não existe;Não há placas;60 km/h;Dupla;Canteiro central;;
202225709;29/10/2022;;COM VÍTIMA;DUPLICIDADE;SANTO AMARO;AV CRUZ CABUGA;;AV NORTE MIGUEL ARRAES DE ALENCAR;SANTO AMARO;104;;COLISÃO TRASEIRA;0;0;0;0;0;0;0;0;0;2;0;;;;;;;;;;;;;
202225710;29/10/2022;;COM VÍTIMA;FINALIZADA;SANTO AMARO;AV CRUZ CABUGA;1111;AV DR JAYME DA FONTE;SANTO AMARO;343;;COLISÃO FRONTAL;2;0;0;0;0;0;0;0;0;1;0;Cruzamento;Bom;Sem defeito;Perfeito estado;Seca;Perfeito estado;Faixa de pedestre;Outras;;Dupla;Faixa seccionada;;
202225719;29/10/2022;;COM VÍTIMA;FINALIZADA;SANTO ANTÔNIO;AV GUARARAPES;;RUA DO SOL;SANTO ANTÔNIO;14;;COLISÃO LATERAL;1;1;0;0;0;0;0;0;0;1;0;Cruzamento;Bom;Sem defeito;Perfeito estado;Seca;Perfeito estado;Faixa de pedestre;Não há placas;40 km/h;Dupla;Não existe;;
202225733;29/10/2022;;COM VÍTIMA;FINALIZADA;SANCHO;AV LIBERDADE;874;;SANCHO;;SUBURBIO;COLISÃO FRONTAL;0;2;0;0;0;0;0;0;0;2;0;Longo da via;Bom;Não existe;Perfeito estado;Seca;Perfeito estado;Não existe;Não há placas;;Dupla;Não existe;;
202225735;29/10/2022;;COM VÍTIMA;FINALIZADA;IBURA;AV DOIS RIOS;;;IBURA;561;CIDADE;COLISÃO LATERAL;1;1;0;0;0;0;0;0;0;1;0;Longo da via;Bom;Sem defeito;Perfeito estado;Seca;Perfeito estado;Faixa de retenção;Não há placas;60 km/h;Dupla;Faixa contínua;;
202225737;29/10/2022;;COM VÍTIMA;FINALIZADA;JORDÃO;AV MARIA IRENE;1592;;JORDÃO;;SUBURBIO;COLISÃO FRONTAL;2;0;0;0;0;0;0;0;0;1;0;Longo da via;Bom;Não existe;Não existente;Seca;Perfeito estado;Não existe;Não há placas;;Dupla;Não existe;;
202225749;30/10/2022;;COM VÍTIMA;FINALIZADA;ENCRUZILHADA;EST DE BELEM;190;RUA DONA JULIETA;ENCRUZILHADA;;SUBURBIO;COLISÃO FRONTAL;1;1;0;0;0;0;0;0;0;1;0;Esquina;Bom;Não existe;Perfeito estado;Seca;Perfeito estado;Não existe;Não há placas;60 km/h;Dupla;Faixa seccionada;;
202225758;30/10/2022;;SEM VÍTIMA;CANCELADA;VÁRZEA;AV AFONSO OLINDENSE;1553;;VÁRZEA;;;COLISÃO TRASEIRA;2;0;0;0;0;0;0;0;0;0;0;;;;;;;;;;;;;
202225768;30/10/2022;;COM VÍTIMA;FINALIZADA;CASA FORTE;RUA JERONIMO DE ALBUQUERQUE;205;RUA SILVINO LOPES;CASA FORTE;;SUBURBIO;COLISÃO LATERAL;1;1;0;0;0;0;0;0;0;1;0;Longo da via;Bom;Não existe;Ilegível;Seca;Perfeito estado;Não existe;R-6a;;Dupla;Não existe;;
202225773;30/10/2022;;COM VÍTIMA;FINALIZADA;JOANA BEZERRA;RUA DES RODOLFO AURELIANO;;;JOANA BEZERRA;;;COLISÃO COM CICLISTA;1;0;0;1;0;0;0;0;0;1;0;;;;;;;;;;;;;
202225777;30/10/2022;;COM VÍTIMA;FINALIZADA;SANCHO;AV LIBERDADE;65;;SANCHO;;;COLISÃO LATERAL;1;1;0;0;0;0;0;0;0;2;0;Longo da via;Bom;Não existe;;Seca;;Não existe;Não há placas;60 km/h;Dupla;Não existe;;
202225792;30/10/2022;;COM VÍTIMA;FINALIZADA;ARRUDA;RUA DO MACHADO;;RUA MANOEL SILVA;ARRUDA;;SUBURBIO;COLISÃO TRANSVERSAL;1;1;0;0;0;0;0;0;0;1;0;Cruzamento;Bom;Sem defeito;Perfeito estado;Seca;Perfeito estado;Não existe;"Placas ""Pare""";;Dupla;Não existe;;
202225812;31/10/2022;;COM VÍTIMA;FINALIZADA;IMBIRIBEIRA;AV MARECHAL MASCARENHAS DE MORAES;6217;;IMBIRIBEIRA;;;COLISÃO TRASEIRA;1;1;0;0;0;0;0;0;0;1;0;Longo da via;Bom;Não existe;Perfeito estado;Seca;Perfeito estado;Não existe;R-5a;60 km/h;Única;Faixa contínua;;
202225820;31/10/2022;;COM VÍTIMA;FINALIZADA;IMBIRIBEIRA;AV MARECHAL MASCARENHAS DE MORAES;570;RUA ARQUITETO FERNANDO ALMEIDA;IMBIRIBEIRA;286;SUBURBIO;COLISÃO COM CICLISTA;0;1;0;1;0;0;0;0;0;1;0;Longo da via;Chuvoso;Sem defeito;Perfeito estado;Molhada;Perfeito estado;Faixa de retenção;R-6a;;Única;Faixa seccionada;;
202225821;31/10/2022;;COM VÍTIMA;FINALIZADA;BOA VIAGEM;AV BOA VIAGEM;;;BOA VIAGEM;1;;ATROPELAMENTO DE PESSOA;1;0;0;0;1;0;0;0;0;1;0;Longo da via;Bom;Sem defeito;Perfeito estado;Seca;Perfeito estado;Faixa de pedestre;R-19;60 km/h;Única;Não existe;;
202225823;31/10/2022;;COM VÍTIMA;FINALIZADA;BOA VISTA;RUA MARQUES AMORIM;234;RUA VISCONDE DE GOIANA;BOA VISTA;;CIDADE;COLISÃO LATERAL;1;1;0;0;0;0;0;0;0;1;0;Cruzamento;Bom;Não existe;Perfeito estado;Seca;Perfeito estado;Faixa de pedestre;"Placas ""Pare""";;Única;Não existe;;
202225824;31/10/2022;;COM VÍTIMA;FINALIZADA;GRAÇAS;AV RUI BARBOSA;550;RUA ESMERALDINO BANDEIRA;GRAÇAS;;;COLISÃO LATERAL;1;1;0;0;0;0;0;0;0;1;0;Longo da via;Bom;Sem defeito;Perfeito estado;Seca;Perfeito estado;Agente;Outras;;Única;Faixa;;
202225831;31/10/2022;;COM VÍTIMA;FINALIZADA;GRAÇAS;RUA JOAQUIM NABUCO;398;;GRAÇAS;71;SUBURBIO;COLISÃO TRASEIRA;0;1;0;0;0;0;0;0;0;1;0;Longo da via;Bom;Sem defeito;Perfeito estado;Seca;Perfeito estado;Não existe;R-6a;60 km/h;Única;Não existe;;
202225843;31/10/2022;;SEM VÍTIMA;FINALIZADA;JARDIM SÃO PAULO;RUA LEANDRO BARRETO;50 B;;JARDIM SÃO PAULO;;SUBURBIO;COLISÃO TRASEIRA;1;0;0;0;0;0;0;1;0;0;0;Longo da via;Bom;Não existe;Não existente;Seca;Perfeito estado;Não existe;Não há placas;40 km/h;Dupla;Não existe;;
202225845;31/10/2022;;SEM VÍTIMA;FINALIZADA;PAISSANDU;RUA PAISSANDU;738;;PAISSANDU;;SUBURBIO;COLISÃO TRASEIRA;1;0;0;0;0;0;1;0;0;0;0;;Bom;Sem defeito;Perfeito estado;Seca;Perfeito estado;Não existe;Outras;60 km/h;Dupla;Canteiro central;;
202225849;31/10/2022;;COM VÍTIMA;FINALIZADA;IMBIRIBEIRA;AV MARECHAL MASCARENHAS DE MORAES;6211;;IMBIRIBEIRA;;SUBURBIO;COLISÃO FRONTAL;1;1;0;0;0;0;0;0;0;1;0;Longo da via;Bom;Não existe;Perfeito estado;Seca;Perfeito estado;Não existe;R-5a;60 km/h;Única;Faixa seccionada;;
202225871;31/10/2022;;COM VÍTIMA;FINALIZADA;JORDÃO;AV MARIA IRENE;255;;JORDÃO;;;QUEDA;0;1;0;0;0;0;0;0;0;2;0;Longo da via;Bom;Sem defeito;Perfeito estado;Seca;Perfeito estado;Faixa de pedestre;R-6a;;Dupla;Não existe;;
202225882;31/10/2022;;COM VÍTIMA;FINALIZADA;BARRO;RUA PERY;2533;;BARRO;615;;COLISÃO LATERAL;1;1;0;0;0;0;0;0;0;1;0;;;;;;;;;;;;;