Protocolo;data;hora;natureza;situacao;bairro;endereco;numero;detalhe_endereco_acidente;bairro_cruzamento;num_semaforo;sentido_via;tipo;auto;moto;ciclom;ciclista;pedestre;onibus;caminhao;viatura;outros;vitimas;vitimasfatais;acidente_verificado;tempo_clima;situacao_semaforo;sinalizacao;condicao_via;conservacao_via;ponto_controle;situacao_placa;velocidade_max_via;mao_direcao;divisao_via1;divisao_via2;divisao_via3
202225911;01/11/2022;;COM VÍTIMA;FINALIZADA;TORRE;RUA JOSE BONIFACIO;359;RUA CLOVIS BEVILAQUA;TORRE;;CIDADE;COLISÃO LATERAL;1;1;0;0;0;0;0;0;0;1;0;Longo da via;Bom;Não existe;Perfeito estado;Seca;Perfeito estado;Não existe;Outras;;Única;Faixa seccionada;;
202225916;01/11/2022;;COM VÍTIMA;FINALIZADA;BARRO;AV DR JOSE RUFINO;2125;;BARRO;213;SUBURBIO;COLISÃO FRONTAL;1;2;0;0;0;0;0;0;0;2;0;Longo da via;Bom;Sem defeito;Perfeito estado;Seca;Perfeito estado;Faixa de pedestre;R-6a;30 km/h;Dupla;Faixa contínua;;
202225918;01/11/2022;;COM VÍTIMA;FINALIZADA;PINA;AV HERCULANO BANDEIRA;65;;PINA;;SUBURBIO;COLISÃO LATERAL;1;1;0;0;0;0;0;0;0;1;0;Longo da via;Bom;Não existe;Perfeito estado;Seca;Perfeito estado;;R-25c;;Única;Não existe;;
202225931;01/11/2022;;SEM VÍTIMA;FINALIZADA;AREIAS;AV RECIFE;;;AREIAS;;;;1;0;0;0;0;0;1;0;0;0;0;Longo da via;Bom;Não existe;Perfeito estado;Seca;Perfeito estado;Não existe;Outras;;Dupla;Faixa contínua;;
202225938;01/11/2022;;COM VÍTIMA;FINALIZADA;SANTO AMARO;RUA FREI CASSIMIRO;919A;RUA TREZE DE MAIO;SANTO AMARO;;SUBURBIO;COLISÃO TRANSVERSAL;1;1;0;0;0;0;0;0;0;1;0;Longo da via;Bom;Não existe;Incompleta;Seca;Perfeito estado;Faixa de retenção;Não há placas;;Dupla;Faixa contínua;;
202225941;01/11/2022;;COM VÍTIMA;CANCELADA;BOA VIAGEM;AV BOA VIAGEM;5164;;BOA VIAGEM;;;COLISÃO TRASEIRA;1;1;0;0;0;0;0;0;0;1;0;;;;;;;;;;;;;
202225956;01/11/2022;;COM VÍTIMA;FINALIZADA;PINA;PTE VICE PRESIDENTE JOSE ALENCAR;;;PINA;;;COLISÃO COM CICLISTA;1;0;0;1;0;0;0;0;0;1;0;Ponte;Bom;Não existe;Perfeito estado;Seca;Perfeito estado;Não existe;Não há placas;60 km/h;Única;Faixa seccionada;;
202225959;01/11/2022;;COM VÍTIMA;FINALIZADA;MADALENA;RUA JOSE OSORIO;401;;MADALENA;;SUBURBIO;COLISÃO LATERAL;0;2;0;0;0;0;0;0;0;1;0;Longo da via;Bom;Não existe;Perfeito estado;Seca;Perfeito estado;Não existe;Outras;;Única;Faixa seccionada;;
202225977;01/11/2022;;COM VÍTIMA;FINALIZADA;SANTO AMARO;AV PREFEITO ARTUR LIMA CAVALCANTI;;;SANTO AMARO;;SUBURBIO;ATROPELAMENTO DE PESSOA;1;0;0;0;1;0;0;0;0;1;0;Longo da via;Bom;Não existe;Perfeito estado;Seca;Mal iluminada;Não existe;Não há placas;40 km/h;Única;Faixa seccionada;;
202225982;02/11/2022;;SEM VÍTIMA;FINALIZADA;BOA VIAGEM;AV ENGENHEIRO DOMINGOS FERREIRA;;RUA JOSE MARIA DE MIRANDA;BOA VIAGEM;;;COLISÃO LATERAL;2;0;0;0;0;0;0;0;0;0;0;;;;;;;;;;;;;
202226000;02/11/2022;;COM VÍTIMA;FINALIZADA;TORRÕES;AV CAXANGA;916;;TORRÕES;;;COLISÃO LATERAL;1;1;0;0;0;0;0;0;0;1;0;Longo da via;Bom;Não existe;Perfeito estado;Seca;Perfeito estado;Não existe;Não há placas;60 km/h;Única;Faixa seccionada;;
202226018;02/11/2022;;COM VÍTIMA;FINALIZADA;BOA VIAGEM;VIADUTO TANCREDO NEVES;100;;BOA VIAGEM;;CIDADE;COLISÃO LATERAL;1;1;0;0;0;0;0;0;0;1;0;Longo da via;Bom;Não existe;Perfeito estado;Seca;Perfeito estado;Não existe;Não há placas;;Única;Faixa seccionada;;
202226019;02/11/2022;;COM VÍTIMA;CANCELADA;BOA VIAGEM;RUA JACK AYRES;62;RUA FRANCISCO DA CUNHA;BOA VIAGEM;;;COLISÃO FRONTAL;1;1;0;0;0;0;0;0;0;1;0;;;;;;;;;;;;;
202226027;02/11/2022;;COM VÍTIMA;FINALIZADA;SAN MARTIN;AV GENERAL SAN MARTIN;801;RUA PEREIRA DE MORAES;SAN MARTIN;;;COLISÃO LATERAL;2;1;0;0;0;0;0;0;0;1;0;Esquina;Bom;Não existe;Não existente;Seca;Mal conservada;Não existe;Não há placas;40 km/h;Dupla;Não existe;;
202226039;02/11/2022;;SEM VÍTIMA;FINALIZADA;SANTO AMARO;AV CRUZ CABUGA;;;SANTO AMARO;;;COLISÃO TRASEIRA;2;0;0;0;0;0;0;0;0;0;0;;;;;;;;;;;;;
202226045;02/11/2022;;COM VÍTIMA;CANCELADA;TEJIPIÓ;AV DR JOSE RUFINO;3131;;TEJIPIÓ;;;COLISÃO FRONTAL;2;0;0;0;0;0;0;0;0;1;0;;;;;;;;;;;;;
202226046;02/11/2022;;COM VÍTIMA;FINALIZADA;PINA;RUA CARNEIRO PESSOA;56;RUA BARREIROS;PINA;;CIDADE;COLISÃO FRONTAL;1;1;0;0;0;0;0;0;0;1;0;Cruzamento;Bom;Não existe;Não existente;Seca;Perfeito estado;Não existe;Não há placas;30 km/h;Dupla;Não existe;;
202226052;02/11/2022;;SEM VÍTIMA;FINALIZADA;VÁRZEA;AV PROFESSOR ARTUR DE SA;;;VÁRZEA;;;CHOQUE;1;0;0;0;0;0;0;0;0;0;0;;;;;;;;;;;;;
202226056;02/11/2022;;COM VÍTIMA;FINALIZADA;SANTO AMARO;RUA MAMEDE SIMOES;;RUA DA UNIAO;SANTO AMARO;;SUBURBIO;COLISÃO FRONTAL;0;2;0;0;0;0;0;0;0;1;0;Cruzamento;Bom;Não existe;Perfeito estado;Seca;Perfeito estado;Não existe;Placas Pare;;Única;Não existe;;
202226061;02/11/2022;;COM VÍTIMA;CANCELADA;SAN MARTIN;AV GENERAL SAN MARTIN;1575;;SAN MARTIN;;;COLISÃO LATERAL;1;1;0;0;0;0;0;0;0;1;0;;;;;;;;;;;;;
202226083;03/11/2022;;COM VÍTIMA;FINALIZADA;TORRÕES;AV ENGENHEIRO ABDIAS DE CARVALHO;;;TORRÕES;;CIDADE;QUEDA;0;1;0;0;0;0;0;0;0;1;0;;;;;;;;;;;;;
202226101;03/11/2022;;COM VÍTIMA;FINALIZADA;AREIAS;AV DR JOSE RUFINO;642;;AREIAS;491;SUBURBIO;COLISÃO TRASEIRA;0;2;0;0;0;0;0;0;0;1;0;Longo da via;Bom;Sem defeito;Perfeito estado;Seca;Perfeito estado;Faixa de pedestre;Outras;;Dupla;Faixa seccionada;;
202226109;03/11/2022;;COM VÍTIMA;FINALIZADA;DOIS IRMÃOS;RUA DOIS IRMAOS;600;;DOIS IRMÃOS;416;CIDADE;COLISÃO LATERAL;1;1;0;0;0;0;0;0;0;1;0;Longo da via;Bom;Sem defeito;Perfeito estado;Seca;Perfeito estado;Faixa de retenção;Placas Pare;60 km/h;Dupla;Faixa contínua;;
202226121;03/11/2022;;COM VÍTIMA;FINALIZADA;BOA VISTA;RUA DOM BOSCO;;AV CONDE DA BOA VISTA;BOA VISTA;;SUBURBIO;COLISÃO LATERAL;1;1;0;0;0;0;0;0;0;2;0;Cruzamento;Bom;Sem defeito;Perfeito estado;Seca;Perfeito estado;Faixa de retenção;Outras;;Dupla;Canteiro central;;
202226133;03/11/2022;;COM VÍTIMA;FINALIZADA;BEBERIBE;AV BEBERIBE;1469;RUA SETE PECADOS;BEBERIBE;;;COLISÃO TRANSVERSAL;0;2;0;0;0;0;0;0;0;4;0;Cruzamento;Bom;Não existe;;Seca;Perfeito estado;Não existe;Não há placas;;Dupla;Não existe;;
202226162;03/11/2022;;COM VÍTIMA;FINALIZADA;BOA VIAGEM;AVENIDA CELSO FURTADO (VIA MANGUE);;;BOA VIAGEM;;CIDADE;COLISÃO LATERAL;0;2;0;0;0;0;0;0;0;2;0;Longo da via;Bom;Não existe;Perfeito estado;Seca;Perfeito estado;Não existe;Não há placas;;Dupla;Blocos;;
202226163;03/11/2022;;SEM VÍTIMA;FINALIZADA;BOA VIAGEM;RUA JOAO CARDOSO AIRES;438;RUA SA E SOUZA;BOA VIAGEM;;CIDADE;COLISÃO TRASEIRA;1;0;1;0;0;0;0;0;0;0;0;Longo da via;Bom;Sem defeito;Perfeito estado;Seca;Perfeito estado;Não existe;Não há placas;30 km/h;Única;Faixa contínua;;
202226164;03/11/2022;;VÍTIMA FATAL;FINALIZADA;BOA VISTA;RUA DO PRINCIPE;736;RUA NUNES MACHADO;BOA VISTA;;CIDADE;COLISÃO LATERAL;0;1;0;0;0;1;0;0;0;0;1;Longo da via;Bom;Não existe;Perfeito estado;Seca;Perfeito estado;Faixa de pedestre;R-6a;;Única;Faixa seccionada;;
202226168;04/11/2022;;SEM VÍTIMA;FINALIZADA;VASCO DA GAMA;AV NORTE MIGUEL ARRAES DE ALENCAR;945;RUA VASCO DA GAMA;VASCO DA GAMA;66;SUBURBIO;COLISÃO TRANSVERSAL;2;0;0;0;0;0;0;0;0;0;0;Cruzamento;Bom;Sem defeito;Perfeito estado;Seca;Perfeito estado;Faixa de pedestre;Outras;;Dupla;Faixa contínua;Faixa seccionada;
202226179;04/11/2022;;SEM VÍTIMA;FINALIZADA;CASA FORTE;EST DAS UBAIAS;105;;CASA FORTE;;SUBURBIO;COLISÃO LATERAL;2;0;0;0;0;0;0;0;0;0;0;Longo da via;Bom;Não existe;Incompleta;Seca;Perfeito estado;Não existe;Não há placas;;Dupla;;;
202226186;04/11/2022;;COM VÍTIMA;FINALIZADA;IMBIRIBEIRA;RUA ITACARI;301;RUA ITAJAI;IMBIRIBEIRA;;;COLISÃO COM CICLISTA;1;0;0;1;0;0;0;0;0;1;0;Longo da via;Bom;Não existe;Não existente;Seca;Mal conservada;Faixa de pedestre;Placas Pare;40 km/h;Única;Não existe;;
202226187;04/11/2022;;COM VÍTIMA;DUPLICIDADE;IMBIRIBEIRA;RUA JAMAICA;162;;IMBIRIBEIRA;;;COLISÃO COM CICLISTA;1;0;0;1;0;0;0;0;0;1;0;;;;;;;;;;;;;
202226210;04/11/2022;;COM VÍTIMA;FINALIZADA;BOA VISTA;AV GUARARAPES;250;;BOA VISTA;14;;ATROPELAMENTO DE PESSOA;0;0;0;0;1;1;0;0;0;1;0;Longo da via;Bom;Sem defeito;Perfeito estado;Seca;Perfeito estado;Faixa de pedestre;Outras;;Dupla;Faixa seccionada;Canteiro central;
202226222;04/11/2022;;SEM VÍTIMA;FINALIZADA;ARRUDA;AV BEBERIBE;1584;RUA SAO BENTO;ARRUDA;64;;;1;0;0;0;0;1;0;0;0;0;0;Longo da via;Bom;Sem defeito;Perfeito estado;Seca;Perfeito estado;Faixa de pedestre;Outras;;Dupla;Faixa contínua;;
202226250;04/11/2022;;COM VÍTIMA;FINALIZADA;VÁRZEA;AV AFONSO OLINDENSE;5671;;VÁRZEA;638;CIDADE;COLISÃO FRONTAL;1;0;1;0;0;0;0;0;0;1;0;Longo da via;Bom;Sem defeito;Perfeito estado;Seca;Perfeito estado;Faixa de pedestre;Outras;;Dupla;Faixa contínua;;
202226281;05/11/2022;;COM VÍTIMA;FINALIZADA;AFOGADOS;RUA VINTE E UM DE ABRIL;794;;AFOGADOS;;CIDADE;COLISÃO FRONTAL;1;1;0;0;0;0;1;0;0;1;0;Esquina;Bom;Não existe;Incompleta;Seca;Perfeito estado;Não existe;Placas Pare;;Dupla;Não existe;;
202226298;05/11/2022;;COM VÍTIMA;FINALIZADA;SÃO JOSÉ;AV SUL;52;;SÃO JOSÉ;;CIDADE;QUEDA;0;1;0;0;0;0;0;0;0;2;0;Longo da via;Bom;Não existe;Perfeito estado;Seca;Perfeito estado;Não existe;Outras;50 km/h;Dupla;Não existe;;
202226346;05/11/2022;;COM VÍTIMA;FINALIZADA;IBURA;RUA EXP FRANCISCO VITORIANO;122;;IBURA;;CIDADE;COLISÃO LATERAL;1;1;0;0;0;0;0;0;0;1;0;Longo da via;Bom;Não existe;Ilegível;Seca;Perfeito estado;Não existe;Não há placas;;Dupla;Faixa seccionada;;
202226347;05/11/2022;;SEM VÍTIMA;FINALIZADA;VÁRZEA;RUA GENERAL POLIDORO;;RUA AGRICOLANDIA;VÁRZEA;;;COLISÃO LATERAL;2;0;0;0;0;0;0;0;0;0;0;;;;;;;;;;;;;
202226349;06/11/2022;;COM VÍTIMA;FINALIZADA;MADALENA;RUA JOSE OSORIO;270;EST DOS REMEDIOS;MADALENA;50;SUBURBIO;COLISÃO TRANSVERSAL;2;0;0;0;0;0;0;0;0;1;0;Cruzamento;Bom;Sem defeito;Perfeito estado;Seca;Perfeito estado;Não existe;Não há placas;60 km/h;Única;Faixa seccionada;;
202226350;06/11/2022;;SEM VÍTIMA;CANCELADA;JAQUEIRA;AV RUI BARBOSA;;;JAQUEIRA;;;COLISÃO FRONTAL;0;0;0;0;0;0;0;0;0;0;0;;;;;;;;;;;;;
202226360;06/11/2022;;COM VÍTIMA;CANCELADA;ARRUDA;AV BEBERIBE;;RUA SAO BENTO;ARRUDA;64;;COLISÃO LATERAL;1;1;0;0;0;0;0;0;0;2;0;;;;;;;;;;;;;
202226361;06/11/2022;;COM VÍTIMA;CANCELADA;TOTÓ;RUA ONZE DE AGOSTO;571;;TOTÓ;;;CHOQUE;1;0;0;0;0;0;0;0;0;1;0;;;;;;;;;;;;;
202226416;06/11/2022;;SEM VÍTIMA;FINALIZADA;AFOGADOS;RUA SAO MIGUEL;;RUA QUITERIO INACIO DE MELLO;AFOGADOS;333;SUBURBIO;COLISÃO TRANSVERSAL;2;0;0;0;0;0;0;0;0;0;0;Cruzamento;Bom;Sem defeito;Perfeito estado;Seca;Perfeito estado;Faixa de pedestre;Outras;;Dupla;Faixa contínua;;
202226433;07/11/2022;;COM VÍTIMA;FINALIZADA;TORRE;RUA REAL DA TORRE;802;RUA GALVAO RAPOSO;TORRE;255;;COLISÃO LATERAL;1;1;0;0;0;0;0;0;0;1;0;Cruzamento;Bom;Sem defeito;Perfeito estado;Seca;Perfeito estado;Faixa de pedestre;Outras;;Única;Faixa seccionada;;
202226441;07/11/2022;;COM VÍTIMA;FINALIZADA;AFOGADOS;RUA COSME VIANA;225;;AFOGADOS;;SUBURBIO;COLISÃO LATERAL;1;1;0;0;0;0;0;0;0;1;0;Longo da via;Bom;Não existe;Perfeito estado;Seca;Perfeito estado;Não existe;Não há placas;;Única;Faixa seccionada;;
202226456;07/11/2022;;COM VÍTIMA;FINALIZADA;SANTO AMARO;RUA ODORICO MENDES;;AV GOVERNADOR AGAMENON MAGALHAES;SANTO AMARO;49;CIDADE;COLISÃO LATERAL;0;2;0;0;0;0;0;0;0;2;0;Cruzamento;Bom;Sem defeito;Perfeito estado;Seca;Perfeito estado;Agente;Outras;60 km/h;Dupla;Faixa seccionada;Blocos;
202226458;07/11/2022;;COM VÍTIMA;FINALIZADA;CASA AMARELA;LGO DOM LUIZ;;AV NORTE MIGUEL ARRAES DE ALENCAR;CASA AMARELA;;SUBURBIO;ATROPELAMENTO DE PESSOA;0;1;0;0;1;0;0;0;0;1;0;Longo da via;Bom;Sem defeito;Perfeito estado;Seca;Perfeito estado;Faixa de retenção;Outras;60 km/h;Dupla;Canteiro central;;
202226461;07/11/2022;;COM VÍTIMA;FINALIZADA;BOA VIAGEM;AV BOA VIAGEM;3962;RUA RIBEIRO DE BRITO;BOA VIAGEM;;CIDADE;COLISÃO LATERAL;3;0;0;0;0;0;0;0;0;1;0;;Bom;Não existe;Perfeito estado;Seca;Perfeito estado;Faixa de pedestre;Não há placas;;Única;Faixa seccionada;;
202226463;07/11/2022;;COM VÍTIMA;CANCELADA;BEBERIBE;AV BEBERIBE;487;;BEBERIBE;;;COLISÃO LATERAL;1;1;0;0;0;0;0;0;0;1;0;;;;;;;;;;;;;
202226475;07/11/2022;;COM VÍTIMA;FINALIZADA;BOA VIAGEM;RUA ERNESTO DE PAULA SANTOS;;;BOA VIAGEM;304;CIDADE;COLISÃO COM CICLISTA;0;0;0;1;0;1;0;0;0;1;0;Longo da via;Bom;Sem defeito;Perfeito estado;Seca;Perfeito estado;Não existe;Não há placas;30 km/h;Única;Faixa seccionada;;
202226501;08/11/2022;;COM VÍTIMA;FINALIZADA;GRAÇAS;AV DR MALAQUIAS;;;GRAÇAS;;;COLISÃO LATERAL;0;0;0;0;0;0;0;0;0;1;0;Longo da via;Bom;Não existe;Perfeito estado;Seca;Perfeito estado;Não existe;Não há placas;40 km/h;Única;Não existe;;
202226514;08/11/2022;;COM VÍTIMA;FINALIZADA;AREIAS;AV RECIFE;;;AREIAS;;SUBURBIO;COLISÃO TRASEIRA;7;0;0;0;0;0;0;1;0;1;0;Longo da via;Bom;Não existe;Perfeito estado;Seca;Perfeito estado;Não existe;Outras;60 km/h;Única;Faixa seccionada;;
202226518;08/11/2022;;COM VÍTIMA;FINALIZADA;IMBIRIBEIRA;RUA ARQUITETO LUIZ NUNES;673;;IMBIRIBEIRA;;;COLISÃO TRANSVERSAL;1;1;0;0;0;0;0;0;0;1;0;Longo da via;Bom;Não existe;Perfeito estado;Seca;Perfeito estado;Faixa de pedestre;Outras;40 km/h;Dupla;Faixa contínua;;
202226523;08/11/2022;;COM VÍTIMA;FINALIZADA;BOA VIAGEM;AV DES JOSE NEVES;103;;BOA VIAGEM;;;COLISÃO LATERAL;0;1;0;0;0;0;0;0;0;1;0;Longo da via;Bom;Não existe;Perfeito estado;Seca;Perfeito estado;Não existe;Não há placas;;Única;Faixa seccionada;;
202226597;09/11/2022;;COM VÍTIMA;FINALIZADA;SANTO AMARO;RUA DOS PALMARES;;;SANTO AMARO;;;COLISÃO COM CICLISTA;2;0;0;1;0;0;0;0;0;1;0;Longo da via;Bom;Não existe;Perfeito estado;Seca;Perfeito estado;Não existe;Outras;40 km/h;;Faixa seccionada;;
202226600;09/11/2022;;COM VÍTIMA;FINALIZADA;NOVA DESCOBERTA;RUA NOVA DESCOBERTA;1051;;NOVA DESCOBERTA;;;COLISÃO LATERAL;1;1;0;0;0;0;0;0;0;2;0;Longo da via;Bom;Não existe;Incompleta;Seca;Perfeito estado;Não existe;R-6a;;Dupla;Faixa seccionada;;
202226604;09/11/2022;;SEM VÍTIMA;FINALIZADA;BOA VISTA;RUA PADRE INGLES;366;;BOA VISTA;;CIDADE;COLISÃO FRONTAL;2;0;0;0;0;0;0;0;0;0;0;Longo da via;Bom;Não existe;Perfeito estado;Seca;Perfeito estado;Não existe;Outras;;Dupla;Não existe;;
202226605;09/11/2022;;COM VÍTIMA;FINALIZADA;JORDÃO;AV MARIA IRENE;500;;JORDÃO;;;COLISÃO LATERAL;1;1;0;0;0;0;0;0;0;1;0;Longo da via;Bom;Não existe;Não existente;Seca;Perfeito estado;Não existe;Não há placas;;Dupla;Não existe;;
202226636;09/11/2022;;COM VÍTIMA;CANCELADA;ENGENHO DO MEIO;AV MARIO ALVARES PEREIRA DE LYRA;;;ENGENHO DO MEIO;;;COLISÃO TRASEIRA;2;0;0;0;0;0;0;0;0;1;0;;;;;;;;;;;;;
202226638;09/11/2022;;COM VÍTIMA;FINALIZADA;BOA VISTA;RUA DA AURORA;;;BOA VISTA;162;;COLISÃO LATERAL;1;1;0;0;0;0;0;0;0;1;0;Cruzamento;Bom;Sem defeito;Perfeito estado;Seca;Perfeito estado;Faixa de pedestre;Outras;;Única;Faixa contínua;Faixa seccionada;
202226650;10/11/2022;;COM VÍTIMA;FINALIZADA;MADALENA;RUA BENFICA;411;;MADALENA;590;;COLISÃO LATERAL;1;1;0;0;0;0;0;0;0;1;0;Cruzamento;Bom;Sem defeito;Perfeito estado;Seca;Perfeito estado;Faixa de pedestre;R-6c;40 km/h;Dupla;Faixa contínua;Faixa seccionada;Canteiro central
202226653;10/11/2022;;COM VÍTIMA;FINALIZADA;PRADO;AV ENGENHEIRO ABDIAS DE CARVALHO;;;PRADO;;CIDADE;COLISÃO TRANSVERSAL;0;1;0;0;0;0;1;0;0;2;0;Longo da via;Bom;Sem defeito;Perfeito estado;Seca;Perfeito estado;Faixa de retenção;R-6a;;Dupla;Canteiro central;;
202226656;10/11/2022;;COM VÍTIMA;FINALIZADA;TORRÕES;AV ENGENHEIRO ABDIAS DE CARVALHO;9;;TORRÕES;;;COLISÃO TRASEIRA;0;1;0;0;0;1;0;0;0;1;0;Longo da via;Bom;Sem defeito;Perfeito estado;Seca;Perfeito estado;Outros;R-6a;;Dupla;Canteiro central;;
202226676;10/11/2022;;SEM VÍTIMA;FINALIZADA;IMBIRIBEIRA;AV MARECHAL MASCARENHAS DE MORAES;;;IMBIRIBEIRA;;;;1;0;0;0;0;0;1;0;0;0;0;Longo da via;Bom;Não existe;Perfeito estado;Seca;Perfeito estado;Não existe;Outras;;Dupla;Canteiro central;;
202226682;10/11/2022;;COM VÍTIMA;FINALIZADA;JIQUIÁ;RUA SAO MIGUEL;1676;;JIQUIÁ;;SUBURBIO;COLISÃO TRASEIRA;1;1;0;0;0;0;0;0;0;1;0;Longo da via;Bom;Não existe;Perfeito estado;Seca;Perfeito estado;Não existe;Não há placas;60 km/h;Dupla;Faixa contínua;;
202226699;10/11/2022;;COM VÍTIMA;CANCELADA;ILHA DO RETIRO;AV ENGENHEIRO ABDIAS DE CARVALHO;441;;ILHA DO RETIRO;;;COLISÃO TRASEIRA;1;1;0;0;0;0;0;0;0;1;0;;;;;;;;;;;;;
202226722;10/11/2022;;COM VÍTIMA;FINALIZADA;SÃO JOSÉ;AV ENGENHEIRO JOSE ESTELITA;;;SÃO JOSÉ;;SUBURBIO;;1;0;0;0;0;0;0;0;0;1;0;Longo da via;Bom;Não existe;Perfeito estado;Seca;Perfeito estado;Não existe;Outras;;Única;Faixa seccionada;;
202226725;10/11/2022;;COM VÍTIMA;FINALIZADA;CAMPO GRANDE;RUA VISCONDE DE CAIRU;188;RUA ODORICO MENDES;CAMPO GRANDE;;;COLISÃO LATERAL;1;1;0;0;0;0;0;0;0;1;0;Longo da via;Bom;Não existe;Perfeito estado;Seca;Perfeito estado;Não existe;Placas Pare;40 km/h;Dupla;Faixa seccionada;;
202226739;10/11/2022;;COM VÍTIMA;FINALIZADA;CAXANGÁ;AV CAXANGA;;;CAXANGÁ;;;ATROPELAMENTO DE PESSOA;0;1;0;0;1;0;0;0;0;1;0;Longo da via;Bom;Sem defeito;Perfeito estado;Seca;Perfeito estado;Faixa de pedestre;Outras;40 km/h;Dupla;Canteiro central;;
202226744;10/11/2022;;COM VÍTIMA;FINALIZADA;AREIAS;RUA IPOJUCA;124;;AREIAS;;;COLISÃO FRONTAL;1;1;0;0;0;0;0;0;0;1;0;;;;;;;;;;;;;
202226755;10/11/2022;;SEM VÍTIMA;FINALIZADA;SÃO JOSÉ;RUA IMPERIAL;;TRV DO RAPOSO;SÃO JOSÉ;510;SUBURBIO;COLISÃO TRANSVERSAL;2;0;0;0;0;0;0;0;0;0;0;Cruzamento;Chuvoso;Intermitente;Incompleta;Molhada;Mal iluminada;Não existe;Não há placas;60 km/h;Única;Não existe;;
202226756;10/11/2022;;COM VÍTIMA;FINALIZADA;BOA VISTA;AV CONDE DA BOA VISTA;;RUA DA AURORA;BOA VISTA;;;COLISÃO TRANSVERSAL;1;0;0;0;0;1;0;0;0;1;0;Cruzamento;Bom;Sem defeito;Perfeito estado;Seca;Perfeito estado;Faixa de pedestre;Não há placas;;Dupla;Faixa contínua;;
202226757;10/11/2022;;COM VÍTIMA;FINALIZADA;COQUEIRAL;RUA PAPA JOAO VINTE E TRES;;RUA FALCAO DE LACERDA;COQUEIRAL;;;COLISÃO FRONTAL;0;1;0;0;0;1;0;0;0;1;0;Longo da via;Bom;Não existe;Não existente;Seca;;Não existe;;;;;;
202226773;11/11/2022;;SEM VÍTIMA;FINALIZADA;PINA;AVENIDA CELSO FURTADO (VIA MANGUE);;;PINA;;;CHOQUE;0;0;0;0;0;0;0;1;0;0;0;Longo da via;Chuvoso;Não existe;Perfeito estado;Molhada;Perfeito estado;;R-19;;Dupla;Canteiro central;;
202226782;11/11/2022;;COM VÍTIMA;FINALIZADA;VÁRZEA;RUA VALE DO SIRIJI;S/N;RUA JOSE ANTONIO DA COSTA FILHO;VÁRZEA;;;COLISÃO TRASEIRA;2;1;0;0;0;0;0;0;0;1;0;Longo da via;Chuvoso;Não existe;Perfeito estado;Molhada;Perfeito estado;Não existe;Não há placas;;Dupla;Não existe;;
202226787;11/11/2022;;SEM VÍTIMA;FINALIZADA;IBURA;LAD DA COHAB;;AV DOIS RIOS;IBURA;;;COLISÃO TRASEIRA;1;0;0;0;0;0;0;0;0;0;0;Cruzamento;Chuvoso;Não existe;Perfeito estado;Molhada;Mal conservada;Agente;R-4a;;Dupla;Faixa contínua;;
202226811;11/11/2022;;COM VÍTIMA;FINALIZADA;SANTO AMARO;RUA AURORA;1035;;SANTO AMARO;;;COLISÃO LATERAL;1;1;0;0;0;0;0;0;0;1;0;Longo da via;Bom;Não existe;Perfeito estado;Seca;Perfeito estado;Faixa de pedestre;Não há placas;;Dupla;Canteiro central;;
202226812;11/11/2022;;COM VÍTIMA;FINALIZADA;ILHA DO LEITE;AV GOVERNADOR AGAMENON MAGALHAES;;;ILHA DO LEITE;;;COLISÃO TRASEIRA;2;0;0;0;0;0;0;0;0;1;0;;;;;;;;;;;;;
202226827;11/11/2022;;COM VÍTIMA;FINALIZADA;TORRÕES;AV ENGENHEIRO ABDIAS DE CARVALHO;1325;RUA DELMIRO GOUVEIA;TORRÕES;375;CIDADE;COLISÃO LATERAL;1;1;0;0;0;0;0;0;0;1;0;Cruzamento;Bom;Sem defeito;Perfeito estado;Seca;Perfeito estado;;Outras;;Dupla;Não existe;;
202226832;11/11/2022;;COM VÍTIMA;FINALIZADA;DOIS UNIDOS;AV HILDEBRANDO DE VASCONCELOS;2692;;DOIS UNIDOS;;SUBURBIO;COLISÃO TRASEIRA;1;1;0;0;0;0;0;0;0;1;0;Longo da via;Bom;Não existe;Não existente;Seca;Perfeito estado;Não existe;Não há placas;;Dupla;Não existe;;
202226857;11/11/2022;;COM VÍTIMA;FINALIZADA;IPUTINGA;RUA EMILIANO BRAGA;425;;IPUTINGA;;;COLISÃO LATERAL;2;0;0;0;0;0;0;0;0;1;0;;;;;;;;;;;;;
202226862;11/11/2022;;COM VÍTIMA;FINALIZADA;ESPINHEIRO;RUA DA HORA;;RUA AMELIA;ESPINHEIRO;;;COLISÃO COM CICLISTA;0;1;0;1;0;0;0;0;0;2;0;Cruzamento;Bom;Sem defeito;Perfeito estado;Seca;Perfeito estado;Faixa de pedestre;Outras;40 km/h;Única;Faixa contínua;Faixa seccionada;