Protocolo;data;hora;natureza;situacao;bairro;endereco;numero;detalhe_endereco_acidente;bairro_cruzamento;num_semaforo;sentido_via;tipo;auto;moto;ciclom;ciclista;pedestre;onibus;caminhao;viatura;outros;vitimas;vitimasfatais;acidente_verificado;tempo_clima;situacao_semaforo;sinalizacao;condicao_via;conservacao_via;ponto_controle;situacao_placa;velocidade_max_via;mao_direcao;divisao_via1;divisao_via2;divisao_via3
202226865;11/11/2022;;COM VÍTIMA;FINALIZADA;JORDÃO;AV MARIA IRENE;1038;;JORDÃO;;SUBURBIO;CHOQUE;1;1;0;0;0;0;0;0;0;2;0;Longo da via;Bom;Não existe;Perfeito estado;Seca;Perfeito estado;Não existe;Não há placas;;Dupla;Faixa contínua;;
202226884;12/11/2022;;COM VÍTIMA;FINALIZADA;APIPUCOS;RUA DE APIPUCOS;23;;APIPUCOS;;CIDADE;COLISÃO TRASEIRA;1;0;0;0;0;0;1;0;0;1;0;Longo da via;Chuvoso;Não existe;Perfeito estado;Molhada;Perfeito estado;Não existe;Não há placas;;Dupla;Faixa contínua;;
202226885;12/11/2022;;SEM VÍTIMA;FINALIZADA;MADALENA;RUA JOAO IVO DA SILVA;232;RUA RICARDO SALAZAR;MADALENA;;SUBURBIO;TOMBAMENTO;1;0;0;0;0;0;0;0;0;0;0;;;;;;;;;;;;;
202226900;12/11/2022;;COM VÍTIMA;FINALIZADA;VÁRZEA;AV CAXANGA;4617;RUA GENERAL POLIDORO;VÁRZEA;231;CIDADE;COLISÃO LATERAL;1;1;0;0;0;0;0;0;0;1;0;Cruzamento;Bom;Sem defeito;Perfeito estado;Seca;Perfeito estado;Faixa de pedestre;R-32;60 km/h;Dupla;Faixa contínua;Faixa seccionada;
202226905;12/11/2022;;COM VÍTIMA;FINALIZADA;IMBIRIBEIRA;AV MARECHAL MASCARENHAS DE MORAES;4080;;IMBIRIBEIRA;310;SUBURBIO;COLISÃO LATERAL;1;1;0;0;0;0;0;0;0;2;0;Longo da via;Bom;Sem defeito;Perfeito estado;Seca;Perfeito estado;;;60 km/h;;Faixa seccionada;Canteiro central;
202226914;12/11/2022;;COM VÍTIMA;FINALIZADA;MANGUEIRA;AV DR JOSE RUFINO;;;MANGUEIRA;;;COLISÃO FRONTAL;1;1;0;0;0;0;0;0;0;1;0;;;;;;;;;;;;;
202226915;12/11/2022;;COM VÍTIMA;FINALIZADA;SAN MARTIN;AV GENERAL SAN MARTIN;2195;RUA DR GOMES PORTO;SAN MARTIN;;;COLISÃO TRANSVERSAL;1;1;0;0;0;0;0;0;0;1;0;Longo da via;Bom;Não existe;Incompleta;Seca;Perfeito estado;Faixa de pedestre;;;Dupla;Não existe;;
202226928;12/11/2022;;SEM VÍTIMA;FINALIZADA;DERBY;AV GOVERNADOR AGAMENON MAGALHAES;;AV RUI BARBOSA;DERBY;37;;COLISÃO LATERAL;1;0;0;0;0;0;0;1;0;0;0;Cruzamento;Chuvoso;Sem defeito;Perfeito estado;Molhada;Perfeito estado;Faixa de pedestre;Placas Pare;;Dupla;Canal;;
202226935;12/11/2022;;COM VÍTIMA;FINALIZADA;CAXANGÁ;AV CAXANGA;;;CAXANGÁ;;CIDADE;ATROPELAMENTO DE PESSOA;1;0;0;0;1;0;0;0;0;1;0;Longo da via;Chuvoso;Não existe;Perfeito estado;Molhada;Perfeito estado;Não existe;Não há placas;60 km/h;Dupla;Faixa contínua;Faixa seccionada;Canteiro central
202226937;12/11/2022;;SEM VÍTIMA;CANCELADA;BOA VIAGEM;RUA BARAO DE SOUZA LEAO;400;;BOA VIAGEM;;;;0;0;0;0;0;0;0;0;0;0;0;;;;;;;;;;;;;
202226968;13/11/2022;;COM VÍTIMA;FINALIZADA;PARNAMIRIM;RUA DR JOAO SANTOS FILHO;;;PARNAMIRIM;;;COLISÃO COM CICLISTA;1;0;0;1;0;0;0;0;0;1;0;Esquina;Bom;Não existe;Perfeito estado;Seca;Perfeito estado;Não existe;R-6a;;Única;Não existe;;
202226985;13/11/2022;;COM VÍTIMA;FINALIZADA;PRADO;RUA ARMANDO SORIANO;103;;PRADO;558;SUBURBIO;COLISÃO COM CICLISTA;1;0;0;1;0;0;0;0;0;1;0;Longo da via;Bom;Não existe;Não existente;Seca;Perfeito estado;Não existe;Outras;;Dupla;Não existe;;
202226986;13/11/2022;;COM VÍTIMA;FINALIZADA;AFOGADOS;RUA SAO MIGUEL;1347;;AFOGADOS;;SUBURBIO;COLISÃO TRANSVERSAL;1;1;0;0;0;0;0;0;0;2;0;Longo da via;Bom;Sem defeito;Perfeito estado;Seca;Perfeito estado;Não existe;Não há placas;;Dupla;Faixa contínua;;
202226998;14/11/2022;;COM VÍTIMA;FINALIZADA;PINA;AVENIDA CELSO FURTADO (VIA MANGUE);S/N;;PINA;;CIDADE;COLISÃO TRASEIRA;1;1;0;0;0;0;0;0;0;1;0;Ponte;Chuvoso;Não existe;Perfeito estado;Molhada;Perfeito estado;Não existe;Outras;60 km/h;Única;Faixa contínua;Faixa seccionada;
202227009;14/11/2022;;COM VÍTIMA;FINALIZADA;AREIAS;AV RECIFE;4316;;AREIAS;;;CHOQUE;1;0;0;0;0;0;0;0;0;1;0;Longo da via;Bom;Sem defeito;Perfeito estado;Seca;Perfeito estado;Não existe;Não há placas;;Dupla;Canteiro central;;
202227013;14/11/2022;;SEM VÍTIMA;FINALIZADA;BOA VIAGEM;RUA BARAO DE SOUZA LEAO;1000;RUA BARAO DE TAMANDARE;BOA VIAGEM;;;COLISÃO LATERAL;2;0;0;0;0;0;0;0;0;0;0;Longo da via;Bom;Não existe;Perfeito estado;Seca;Perfeito estado;Não existe;Outras;60KM/H;Única;Faixa seccionada;;
202227029;14/11/2022;;COM VÍTIMA;FINALIZADA;JIQUIÁ;AV RECIFE;5680;;JIQUIÁ;705;SUBURBIO;TOMBAMENTO;0;1;0;0;0;0;1;0;0;2;0;Cruzamento;Bom;Sem defeito;Perfeito estado;Seca;Perfeito estado;Faixa de pedestre;Não há placas;60 km/h;Dupla;Canteiro central;;
202227039;14/11/2022;;COM VÍTIMA;FINALIZADA;BOA VISTA;RUA AURORA;529;RUA PRINCESA IZABEL;BOA VISTA;;SUBURBIO;COLISÃO LATERAL;0;2;0;0;0;0;0;0;0;1;0;Cruzamento;Bom;Sem defeito;Perfeito estado;Seca;Perfeito estado;Não existe;Não há placas;;Única;Faixa seccionada;;
202227044;14/11/2022;;COM VÍTIMA;FINALIZADA;ESPINHEIRO;RUA DO ESPINHEIRO;;RUA SANTO ELIAS;ESPINHEIRO;;SUBURBIO;COLISÃO LATERAL;0;2;0;0;0;0;0;0;0;1;0;Longo da via;Chuvoso;Não existe;Incompleta;Molhada;Perfeito estado;;;40 km/h;Única;;;
202227045;14/11/2022;;COM VÍTIMA;FINALIZADA;AFOGADOS;EST DOS REMEDIOS;470;;AFOGADOS;;SUBURBIO;COLISÃO LATERAL;0;2;0;0;0;0;0;0;0;1;0;Longo da via;Chuvoso;Não existe;Incompleta;Molhada;Mal conservada;Faixa de pedestre;R-6b;40 km/h;Dupla;Faixa contínua;;
202227047;14/11/2022;;COM VÍTIMA;FINALIZADA;PARNAMIRIM;EST DO ENCANAMENTO;216;RUA PROFESSOR ANDRADE BEZERRA;PARNAMIRIM;;CIDADE;COLISÃO LATERAL;1;1;0;0;0;0;0;0;0;1;0;Esquina;Bom;Não existe;Perfeito estado;Seca;Perfeito estado;Faixa de pedestre;Outras;60 km/h;Única;Faixa seccionada;;
202227051;14/11/2022;;COM VÍTIMA;FINALIZADA;IPSEP;AV RECIFE;;;IPSEP;494;SUBURBIO;COLISÃO FRONTAL;1;1;0;0;0;0;0;0;0;2;0;Longo da via;Chuvoso;Sem defeito;Perfeito estado;Molhada;Perfeito estado;Faixa de pedestre;Não há placas;;Dupla;Faixa contínua;Canteiro central;
202227059;14/11/2022;;COM VÍTIMA;FINALIZADA;AREIAS;AV RECIFE;;AV CAPITAO GREGORIO DE CALDAS;AREIAS;494;SUBURBIO;COLISÃO TRASEIRA;1;1;0;0;0;0;0;0;0;2;0;Longo da via;Bom;Sem defeito;Perfeito estado;Seca;Perfeito estado;;;;Dupla;Canteiro central;;
202227060;14/11/2022;;SEM VÍTIMA;FINALIZADA;CASA FORTE;RUA DA HARMONIA;;EST DO ENCANAMENTO;CASA FORTE;;;CHOQUE;2;0;0;0;0;0;0;0;0;0;0;Longo da via;Bom;Sem defeito;Perfeito estado;Seca;Perfeito estado;Faixa de pedestre;Não há placas;;Única;Faixa seccionada;;
202227062;15/11/2022;;COM VÍTIMA;FINALIZADA;CABANGA;AV ENGENHEIRO JOSE ESTELITA;;AV ANTONIO DE GOES;CABANGA;;CIDADE;CHOQUE;1;0;0;0;0;0;0;0;0;1;0;Viaduto;Bom;Não existe;Perfeito estado;Seca;Perfeito estado;Não existe;Não há placas;;Dupla;;;
202227101;15/11/2022;;COM VÍTIMA;FINALIZADA;IMBIRIBEIRA;RUA OLIVIA MENELAU;119;RUA ZEFERINO PINHO;IMBIRIBEIRA;396;CIDADE;COLISÃO LATERAL;1;1;0;0;0;0;0;0;0;1;0;Esquina;Bom;Sem defeito;Perfeito estado;Seca;Perfeito estado;Não existe;Não há placas;;Única;Não existe;;
202227124;15/11/2022;;COM VÍTIMA;FINALIZADA;VÁRZEA;RUA PROFESSOR ANTONIO COELHO;157;RUA PROFESSOR ANTONIO COELHO;VÁRZEA;;SUBURBIO;COLISÃO LATERAL;1;1;0;0;0;0;0;0;0;1;0;Cruzamento;Bom;Não existe;Perfeito estado;Seca;Perfeito estado;Faixa de pedestre;;;Única;Não existe;;
202227135;15/11/2022;;COM VÍTIMA;FINALIZADA;TAMARINEIRA;RUA CONEGO BARATA;;AV NORTE MIGUEL ARRAES DE ALENCAR;TAMARINEIRA;62;;COLISÃO LATERAL;1;1;0;0;0;0;0;0;0;1;0;Cruzamento;Bom;Sem defeito;Perfeito estado;Seca;Perfeito estado;Faixa de pedestre;R-6a;;Dupla;Faixa seccionada;Blocos;
202227143;16/11/2022;;COM VÍTIMA;FINALIZADA;AREIAS;AV RECIFE;;;AREIAS;617;CIDADE;COLISÃO TRASEIRA;1;1;0;0;0;0;0;0;0;1;0;Longo da via;Bom;Intermitente;Perfeito estado;Seca;Perfeito estado;Faixa de pedestre;R-6a;;Dupla;Canteiro central;;
202227165;16/11/2022;;COM VÍTIMA;FINALIZADA;BOA VISTA;RUA DOM BOSCO;1002;;BOA VISTA;401;;COLISÃO TRASEIRA;0;2;0;0;0;0;0;0;0;1;0;Longo da via;Bom;Sem defeito;Perfeito estado;Seca;Perfeito estado;Faixa de pedestre;Outras;;Única;Faixa seccionada;;
202227169;16/11/2022;;SEM VÍTIMA;FINALIZADA;SANTO AMARO;AV MARIO MELO;263;;SANTO AMARO;;;COLISÃO LATERAL;2;0;0;0;0;0;0;0;0;0;0;Longo da via;Bom;Sem defeito;Perfeito estado;Seca;Perfeito estado;Não existe;Não há placas;;Dupla;Faixa contínua;;
202227186;16/11/2022;;COM VÍTIMA;FINALIZADA;ESPINHEIRO;RUA DO ESPINHEIRO;;AV JOAO DE BARROS;ESPINHEIRO;89;CIDADE;COLISÃO LATERAL;1;1;0;0;0;0;0;0;0;1;0;Cruzamento;Bom;Sem defeito;Perfeito estado;Seca;Perfeito estado;Faixa de pedestre;R-6a;;Única;Faixa seccionada;;
202227193;16/11/2022;;SEM VÍTIMA;FINALIZADA;TORRE;RUA REAL DA TORRE;;;TORRE;;;COLISÃO LATERAL;0;0;0;0;0;0;0;2;0;0;0;Esquina;Chuvoso;Não existe;;Molhada;Perfeito estado;Não existe;Não há placas;;Única;Não existe;;
202227210;16/11/2022;;COM VÍTIMA;FINALIZADA;CAXANGÁ;AV CAXANGA;;;CAXANGÁ;;;COLISÃO COM CICLISTA;1;0;0;1;0;0;0;0;0;2;0;;;;;;;;;;;;;
202227211;16/11/2022;;COM VÍTIMA;FINALIZADA;BOA VIAGEM;RUA DEZ DE JULHO;210;;BOA VIAGEM;;;COLISÃO FRONTAL;1;1;0;0;0;0;0;0;0;1;0;;;;;;;;;;;;;
202227214;16/11/2022;;COM VÍTIMA;FINALIZADA;VÁRZEA;RUA GASTAO VIDIGAL;65;;VÁRZEA;;SUBURBIO;COLISÃO LATERAL;0;1;0;0;0;1;0;0;0;2;0;Longo da via;Bom;Não existe;Perfeito estado;Seca;Perfeito estado;Não existe;Outras;;Dupla;Faixa seccionada;;
202227216;16/11/2022;;COM VÍTIMA;FINALIZADA;ESTÂNCIA;AV RECIFE;6840;RUA LAURA BANDEIRA DE MELLO;ESTÂNCIA;;;COLISÃO LATERAL;1;1;0;0;0;0;0;0;0;1;0;Cruzamento;Bom;Sem defeito;Perfeito estado;Seca;Perfeito estado;Faixa de pedestre;R-4a;60 km/h;Dupla;Canteiro central;;
202227232;16/11/2022;;COM VÍTIMA;FINALIZADA;BOA VIAGEM;RUA SETUBAL;1492;;BOA VIAGEM;;;COLISÃO LATERAL;1;1;0;0;0;0;0;0;0;1;0;Longo da via;Bom;Não existe;Perfeito estado;Seca;Perfeito estado;Não existe;Não há placas;;Dupla;Não existe;;
202227240;17/11/2022;;COM VÍTIMA;FINALIZADA;SANTO AMARO;AV GOVERNADOR AGAMENON MAGALHAES;;AV DR JAYME DA FONTE;SANTO AMARO;49;SUBURBIO;COLISÃO FRONTAL;2;0;0;0;0;0;0;0;0;2;0;Cruzamento;Chuvoso;Sem defeito;Perfeito estado;Molhada;Perfeito estado;Faixa de pedestre;Outras;;Dupla;Canal;;
202227274;17/11/2022;;COM VÍTIMA;DUPLICIDADE;ARRUDA;AV PROFESSOR JOSE DOS ANJOS;;;ARRUDA;;;COLISÃO TRASEIRA;1;1;0;0;0;0;0;0;0;2;0;;;;;;;;;;;;;
202227275;17/11/2022;;COM VÍTIMA;FINALIZADA;ARRUDA;AV PROFESSOR JOSE DOS ANJOS;;EST VELHA DE AGUA FRIA;ARRUDA;306;SUBURBIO;COLISÃO TRASEIRA;1;1;0;0;0;0;0;0;0;1;0;Cruzamento;Bom;Sem defeito;Perfeito estado;Seca;Perfeito estado;Faixa de retenção;Não há placas;;Única;Faixa contínua;;
202227289;17/11/2022;;COM VÍTIMA;FINALIZADA;SANTO AMARO;AV GOVERNADOR AGAMENON MAGALHAES;S/N;;SANTO AMARO;;SUBURBIO;CHOQUE;1;0;0;0;0;0;0;0;0;1;0;Longo da via;Bom;Não existe;Perfeito estado;Seca;Perfeito estado;Não existe;Não há placas;60 km/h;Dupla;Faixa contínua;Faixa seccionada;Canal
202227305;17/11/2022;;SEM VÍTIMA;FINALIZADA;IPSEP;AV RECIFE;2706;;IPSEP;;;COLISÃO TRASEIRA;1;0;0;0;0;0;0;1;0;0;0;Cruzamento;Bom;Sem defeito;Perfeito estado;Seca;Perfeito estado;Faixa de pedestre;R-6a;;Dupla;Canteiro central;;
202227318;17/11/2022;;COM VÍTIMA;FINALIZADA;BOA VISTA;RUA AURORA;1295;;BOA VISTA;;;COLISÃO LATERAL;1;0;0;0;0;0;1;0;0;1;0;Longo da via;Bom;;Não existente;Seca;Perfeito estado;Não existe;Não há placas;;Única;Faixa seccionada;;
202227319;17/11/2022;;COM VÍTIMA;FINALIZADA;TEJIPIÓ;RUA FALCAO DE LACERDA;175;;TEJIPIÓ;;;COLISÃO LATERAL;1;2;0;0;0;0;0;0;0;1;0;;;;;;;;;;;;;
202227325;17/11/2022;;COM VÍTIMA;FINALIZADA;CASA AMARELA;RUA PADRE LEMOS;723;;CASA AMARELA;66;SUBURBIO;COLISÃO LATERAL;1;1;0;0;0;0;0;0;0;1;0;Longo da via;Bom;Sem defeito;Incompleta;Seca;Perfeito estado;Não existe;Não há placas;;Dupla;Não existe;;
202227326;17/11/2022;;COM VÍTIMA;FINALIZADA;SÃO JOSÉ;PRC DAS CINCO PONTAS;104;RUA DO JARDIM;SÃO JOSÉ;199;SUBURBIO;COLISÃO LATERAL;0;2;0;0;0;0;0;0;0;1;0;Longo da via;Bom;Sem defeito;Perfeito estado;Seca;Perfeito estado;Não existe;Não há placas;40 km/h;Única;Não existe;;
202227330;17/11/2022;;COM VÍTIMA;FINALIZADA;BOA VISTA;RUA DA AURORA;;;BOA VISTA;162;CIDADE;ATROPELAMENTO DE PESSOA;1;0;0;0;1;0;0;0;0;1;0;Longo da via;Bom;Sem defeito;Perfeito estado;Seca;Perfeito estado;Faixa de pedestre;R-6a;;Única;Faixa contínua;;
202227372;18/11/2022;;COM VÍTIMA;FINALIZADA;CORDEIRO;RUA DR JOAO LACERDA;S/N;;CORDEIRO;;;COLISÃO TRASEIRA;1;1;0;0;0;0;0;0;0;1;0;Longo da via;Bom;Não existe;Ilegível;Seca;Perfeito estado;Não existe;Não há placas;60 km/h;Dupla;Faixa contínua;;
202227440;18/11/2022;;SEM VÍTIMA;FINALIZADA;SÃO JOSÉ;AV MARTINS DE BARROS;;;SÃO JOSÉ;;;COLISÃO LATERAL;1;1;0;0;0;0;0;0;0;0;0;Longo da via;Bom;Sem defeito;Perfeito estado;Seca;Perfeito estado;Faixa de pedestre;Não há placas;;Única;Faixa contínua;Faixa contínua;
202227446;18/11/2022;;COM VÍTIMA;FINALIZADA;SÃO JOSÉ;AV SUL;1374;RUA CARLOS COELHO LEAL VALENTE;SÃO JOSÉ;260;CIDADE;COLISÃO LATERAL;1;1;0;0;0;0;0;0;0;1;0;Cruzamento;Bom;Sem defeito;;Seca;Perfeito estado;;Não há placas;;Única;;;
202227448;18/11/2022;;COM VÍTIMA;FINALIZADA;ESPINHEIRO;RUA CONS PORTELA;;RUA LAURO MONTENEGRO;ESPINHEIRO;464;SUBURBIO;COLISÃO LATERAL;1;1;0;0;0;0;0;0;0;1;0;Longo da via;Bom;Sem defeito;Perfeito estado;Seca;Perfeito estado;Não existe;R-6a;;Única;Faixa seccionada;;
202227449;18/11/2022;;COM VÍTIMA;CANCELADA;MONTEIRO;AV CIDADE DE MONTEIRO;;;MONTEIRO;;;COLISÃO FRONTAL;1;0;0;0;0;0;0;0;0;2;0;;;;;;;;;;;;;
202227458;18/11/2022;;COM VÍTIMA;FINALIZADA;AREIAS;AV RECIFE;3585;;AREIAS;;;COLISÃO TRANSVERSAL;1;1;0;0;0;0;1;0;0;1;0;Longo da via;Bom;Não existe;Perfeito estado;Seca;Perfeito estado;Não existe;Não há placas;60 km/h;Dupla;Faixa seccionada;Canteiro central;
202227463;18/11/2022;;SEM VÍTIMA;FINALIZADA;BOA VIAGEM;RUA CARLOS PEREIRA FALCAO;100;;BOA VIAGEM;;;COLISÃO FRONTAL;2;0;0;0;0;0;0;0;0;0;0;;;;;;;;;;;;;
202227495;19/11/2022;;COM VÍTIMA;FINALIZADA;CAMPO GRANDE;RUA CATULO DA PAIXAO CEARENSE;263;RUA PROFESSOR FRANCISCO DA TRINDADE;CAMPO GRANDE;;;COLISÃO LATERAL;1;1;0;0;0;0;0;0;0;1;0;;;;;;;;;;;;;
202227496;19/11/2022;;COM VÍTIMA;FINALIZADA;AFOGADOS;RUA SAO MIGUEL;1357;;AFOGADOS;;;COLISÃO LATERAL;1;1;0;0;0;0;0;0;0;1;0;Longo da via;Bom;Não existe;Incompleta;Seca;Perfeito estado;Não existe;Não há placas;;Dupla;Não existe;;
202227503;19/11/2022;;COM VÍTIMA;FINALIZADA;ENCRUZILHADA;EST DE BELEM;535;RUA LARGA DO FEITOSA;ENCRUZILHADA;;CIDADE;COLISÃO LATERAL;1;1;0;0;0;0;0;0;0;2;0;Longo da via;Bom;Não existe;Perfeito estado;Seca;Perfeito estado;Não existe;R-6a;;Dupla;Faixa contínua;;
202227505;19/11/2022;;COM VÍTIMA;FINALIZADA;CORDEIRO;AV MAURICIO DE NASSAU;38;;CORDEIRO;;SUBURBIO;COLISÃO TRASEIRA;1;1;0;0;0;0;0;0;0;1;0;Longo da via;Bom;Não existe;Incompleta;Seca;Perfeito estado;Não existe;Outras;;Dupla;Faixa contínua;;
202227522;19/11/2022;;COM VÍTIMA;FINALIZADA;AFOGADOS;AV DR JOSE RUFINO;685;;AFOGADOS;391;SUBURBIO;COLISÃO LATERAL;1;1;0;0;0;0;0;0;0;1;0;Esquina;Bom;Sem defeito;Não existente;Seca;Perfeito estado;Faixa de pedestre;Não há placas;;Dupla;Faixa contínua;;
202227524;19/11/2022;;COM VÍTIMA;FINALIZADA;ESTÂNCIA;RUA HAVAI;119;;ESTÂNCIA;;SUBURBIO;COLISÃO FRONTAL;1;1;0;0;0;0;0;0;0;1;0;Longo da via;Bom;Não existe;Não existente;Seca;Perfeito estado;Não existe;Não há placas;;Dupla;Não existe;;
202227567;20/11/2022;;SEM VÍTIMA;FINALIZADA;SAN MARTIN;AV ENGENHEIRO ABDIAS DE CARVALHO;;;SAN MARTIN;687;CIDADE;CAPOTAMENTO;0;0;0;0;0;0;0;0;0;0;0;;;;;;;;;;;;;
202227631;20/11/2022;;COM VÍTIMA;FINALIZADA;BOA VIAGEM;AV BOA VIAGEM;;;BOA VIAGEM;4;;ATROPELAMENTO DE PESSOA;0;1;0;0;1;0;0;0;0;2;0;Longo da via;Bom;Sem defeito;Perfeito estado;Seca;Perfeito estado;Faixa de pedestre;Não há placas;;Única;Faixa seccionada;;
202227650;21/11/2022;;COM VÍTIMA;FINALIZADA;ILHA DO LEITE;AV FREI MATIAS TEVES;;RUA SENADOR JOSE HENRIQUE;ILHA DO LEITE;;;COLISÃO LATERAL;1;1;0;0;0;0;0;0;0;1;0;Cruzamento;Bom;Não existe;Ilegível;Seca;Perfeito estado;Faixa de pedestre;Outras;30 km/h;Única;Faixa seccionada;;
202227653;21/11/2022;;COM VÍTIMA;FINALIZADA;IMBIRIBEIRA;RUA CONDE PEREIRA CARNEIRO;150;RUA JACY;IMBIRIBEIRA;;SUBURBIO;COLISÃO FRONTAL;1;1;0;0;0;0;0;0;0;2;0;Cruzamento;Bom;Não existe;Perfeito estado;Seca;Perfeito estado;Não existe;R-6a;;Dupla;Não existe;;
202227658;21/11/2022;;COM VÍTIMA;FINALIZADA;VÁRZEA;AV CAXANGA;5775;;VÁRZEA;;SUBURBIO;COLISÃO LATERAL;1;1;0;1;0;1;0;0;0;1;0;Longo da via;Bom;Sem defeito;Incompleta;Seca;Perfeito estado;Não existe;Não há placas;60 km/h;Única;Não existe;;
202227664;21/11/2022;;COM VÍTIMA;FINALIZADA;BOA VIAGEM;AV ENGENHEIRO DOMINGOS FERREIRA;;RUA DO MUNIZ;BOA VIAGEM;380;SUBURBIO;COLISÃO LATERAL;2;0;0;0;0;0;0;0;0;1;0;Cruzamento;Bom;Sem defeito;Perfeito estado;Seca;Perfeito estado;Faixa de pedestre;Outras;60 km/h;Única;Faixa seccionada;;
202227680;21/11/2022;;COM VÍTIMA;FINALIZADA;TORRÕES;EST DO FORTE DO ARRAIAL N. DO B. JESUS;1592;;TORRÕES;;SUBURBIO;ATROPELAMENTO DE PESSOA;1;0;0;0;1;0;0;0;0;1;0;Cruzamento;Bom;Não existe;Perfeito estado;Seca;Perfeito estado;Não existe;Não há placas;60 km/h;Dupla;Faixa contínua;;
202227683;21/11/2022;;COM VÍTIMA;CANCELADA;MADALENA;RUA PESSOA DE MELO;299;;MADALENA;;;COLISÃO LATERAL;2;0;0;0;0;0;0;0;0;1;0;;;;;;;;;;;;;
202227687;21/11/2022;;SEM VÍTIMA;CANCELADA;PRADO;RUA CARLOS GOMES;;AV ENGENHEIRO ABDIAS DE CARVALHO;PRADO;;;COLISÃO LATERAL;0;0;0;0;0;0;1;1;0;0;0;;;;;;;;;;;;;
202227690;21/11/2022;;COM VÍTIMA;FINALIZADA;BOA VIAGEM;AV ENGENHEIRO DOMINGOS FERREIRA;1653;;BOA VIAGEM;380;SUBURBIO;COLISÃO TRASEIRA;1;1;0;0;0;0;0;0;0;1;0;Longo da via;Bom;Sem defeito;Perfeito estado;Seca;Perfeito estado;Não existe;Não há placas;60 km/h;Única;Faixa seccionada;;
202227691;21/11/2022;;COM VÍTIMA;FINALIZADA;IPSEP;RUA DR RAPOSO PINTO;67;RUA JEAN EMILE FAVRE;IPSEP;;SUBURBIO;COLISÃO LATERAL;0;1;0;0;0;1;0;0;0;1;0;Longo da via;Bom;Não existe;Não existente;Seca;Perfeito estado;Não existe;Não há placas;;Dupla;Não existe;;
202227696;21/11/2022;;COM VÍTIMA;FINALIZADA;BAIRRO DO RECIFE;RUA IMPERIAL;;;BAIRRO DO RECIFE;;SUBURBIO;COLISÃO LATERAL;0;2;0;0;0;0;0;0;0;3;0;Cruzamento;Bom;Não existe;Perfeito estado;Seca;Perfeito estado;Não existe;Outras;;Única;Faixa seccionada;;
202227701;21/11/2022;;COM VÍTIMA;FINALIZADA;BOA VIAGEM;RUA BARAO DE SOUZA LEAO;1093;;BOA VIAGEM;476;SUBURBIO;COLISÃO LATERAL;1;1;0;0;0;0;0;0;0;1;0;Longo da via;Bom;Sem defeito;Perfeito estado;Seca;Perfeito estado;Não existe;R-6a;;Única;Faixa seccionada;;
202227711;21/11/2022;;COM VÍTIMA;FINALIZADA;VASCO DA GAMA;RUA VASCO DA GAMA;145;;VASCO DA GAMA;;SUBURBIO;COLISÃO LATERAL;1;1;0;0;0;0;0;0;0;2;0;Cruzamento;Bom;Não existe;Perfeito estado;Seca;Perfeito estado;Faixa de pedestre;Placas Pare;;Dupla;;;
202227713;21/11/2022;;COM VÍTIMA;FINALIZADA;ESPINHEIRO;RUA DO ESPINHEIRO;;RUA SANTO ELIAS;ESPINHEIRO;;SUBURBIO;COLISÃO LATERAL;1;1;0;0;0;0;0;0;0;1;0;Cruzamento;Bom;Não existe;Perfeito estado;Seca;Perfeito estado;Agente;R-6a;40 km/h;Única;Faixa contínua;;
202227724;21/11/2022;;COM VÍTIMA;FINALIZADA;CAXANGÁ;AV CAXANGA;;AV INACIO MONTEIRO;CAXANGÁ;;SUBURBIO;COLISÃO TRASEIRA;2;1;0;0;0;0;0;0;0;1;0;Longo da via;Bom;Sem defeito;Perfeito estado;Seca;Perfeito estado;Faixa de pedestre;;60 km/h;Única;Faixa seccionada;;
202227725;21/11/2022;;SEM VÍTIMA;FINALIZADA;ÁGUA FRIA;AV BEBERIBE;;;ÁGUA FRIA;;;CHOQUE;1;1;0;0;0;0;0;0;0;0;0;Cruzamento;Bom;Sem defeito;Perfeito estado;Seca;Perfeito estado;Faixa de pedestre;Não há placas;;Dupla;Faixa seccionada;;
202227727;21/11/2022;;COM VÍTIMA;FINALIZADA;ARRUDA;AV PROFESSOR JOSE DOS ANJOS;;RUA FARIAS NEVES;ARRUDA;;SUBURBIO;CHOQUE;1;0;0;0;0;0;0;0;0;1;0;Cruzamento;Bom;Não existe;Perfeito estado;Seca;Perfeito estado;Faixa de pedestre;Outras;;Única;Não existe;;
202227733;22/11/2022;;COM VÍTIMA;FINALIZADA;TAMARINEIRA;RUA CONEGO BARATA;;AV CONS ROSA E SILVA;TAMARINEIRA;61;SUBURBIO;CHOQUE;1;0;0;0;0;0;0;0;0;2;0;Cruzamento;Bom;Sem defeito;Perfeito estado;Seca;Perfeito estado;Faixa de pedestre;R-6a;;Dupla;Canteiro central;;