Protocolo;data;hora;natureza;situacao;bairro;endereco;numero;detalhe_endereco_acidente;bairro_cruzamento;num_semaforo;sentido_via;tipo;auto;moto;ciclom;ciclista;pedestre;onibus;caminhao;viatura;outros;vitimas;vitimasfatais;acidente_verificado;tempo_clima;situacao_semaforo;sinalizacao;condicao_via;conservacao_via;ponto_controle;situacao_placa;velocidade_max_via;mao_direcao;divisao_via1;divisao_via2;divisao_via3
202227762;22/11/2022;;COM VÍTIMA;FINALIZADA;BOMBA DO HEMETÉRIO;RUA BOMBA DO HEMETERIO;400;RUA GUANAMBI;BOMBA DO HEMETÉRIO;;CIDADE;COLISÃO FRONTAL;1;1;0;0;0;0;0;0;0;1;0;Esquina;Chuvoso;Não existe;Incompleta;Molhada;Perfeito estado;Não existe;Outras;;Dupla;Não existe;;
202227766;22/11/2022;;COM VÍTIMA;FINALIZADA;PINA;AV ANTONIO DE GOES;500;;PINA;;;ATROPELAMENTO DE PESSOA;1;1;0;0;1;0;0;0;0;1;0;Longo da via;Chuvoso;Não existe;Perfeito estado;Molhada;Perfeito estado;Não existe;Não há placas;60 km/h;Única;Canteiro central;;
202227767;22/11/2022;;COM VÍTIMA;FINALIZADA;IMBIRIBEIRA;AV MARECHAL MASCARENHAS DE MORAES;1482;RUA MURICILANDIA;IMBIRIBEIRA;287;CIDADE;QUEDA;0;1;0;0;0;0;0;0;0;2;0;Longo da via;Chuvoso;Sem defeito;Perfeito estado;Molhada;Perfeito estado;Faixa de retenção;Placas Pare;60 km/h;Dupla;Canteiro central;;
202227773;22/11/2022;;COM VÍTIMA;FINALIZADA;AFOGADOS;RUA SAO MIGUEL;865;;AFOGADOS;423;SUBURBIO;COLISÃO TRASEIRA;1;1;0;0;0;0;0;0;0;1;0;Longo da via;Chuvoso;Sem defeito;Perfeito estado;Molhada;Perfeito estado;Faixa de pedestre;Não há placas;60 km/h;Dupla;Faixa contínua;;
202227776;22/11/2022;;COM VÍTIMA;FINALIZADA;SANTO AMARO;AV DR JAYME DA FONTE;67;;SANTO AMARO;;CIDADE;COLISÃO COM CICLISTA;1;0;0;1;0;0;0;0;0;1;0;Longo da via;Bom;Sem defeito;Perfeito estado;Seca;Perfeito estado;Não existe;Não há placas;;;Não existe;;
202227783;22/11/2022;;COM VÍTIMA;FINALIZADA;BOA VIAGEM;AV ENGENHEIRO DOMINGOS FERREIRA;3704;RUA JACK AYRES;BOA VIAGEM;;SUBURBIO;COLISÃO TRANSVERSAL;1;1;0;0;0;0;0;0;0;1;0;Cruzamento;Bom;Não existe;Perfeito estado;Seca;Perfeito estado;Não existe;Outras;60 km/h;Única;Faixa seccionada;;
202227805;22/11/2022;;COM VÍTIMA;FINALIZADA;IMBIRIBEIRA;AV MARECHAL MASCARENHAS DE MORAES;4240;;IMBIRIBEIRA;;CIDADE;ATROPELAMENTO DE PESSOA;1;0;0;0;1;0;0;0;0;1;0;Longo da via;Chuvoso;Não existe;Perfeito estado;Molhada;Mal iluminada;Não existe;Não há placas;60 km/h;Dupla;;;
202227810;22/11/2022;;COM VÍTIMA;FINALIZADA;IMBIRIBEIRA;RUA DEZ DE JULHO;211;;IMBIRIBEIRA;;SUBURBIO;ATROPELAMENTO DE PESSOA;0;0;0;0;1;0;0;0;0;1;0;Não informado;Chuvoso;Não existe;Perfeito estado;Seca;Perfeito estado;Faixa de pedestre;Não há placas;;Única;Não existe;;
202227812;22/11/2022;;COM VÍTIMA;FINALIZADA;BOA VISTA;AV CRUZ CABUGA;;;BOA VISTA;31;;COLISÃO FRONTAL;1;1;0;0;0;0;0;0;0;1;0;Cruzamento;Chuvoso;Sem defeito;Perfeito estado;Molhada;Perfeito estado;;R-6a;40 km/h;Dupla;Canteiro central;Blocos;
202227832;23/11/2022;;COM VÍTIMA;CANCELADA;APIPUCOS;RUA DOIS IRMAOS;1196;;APIPUCOS;;;COLISÃO LATERAL;1;1;0;0;0;0;0;0;0;1;0;;;;;;;;;;;;;
202227867;23/11/2022;;COM VÍTIMA;FINALIZADA;IBURA;AV DOIS RIOS;250;;IBURA;;;COLISÃO LATERAL;1;1;0;0;0;0;0;0;0;1;0;;;;;;;;;;;;;
202227871;23/11/2022;;SEM VÍTIMA;FINALIZADA;AFOGADOS;RUA SAO MIGUEL;132;RUA PEDRO CABRAL DE OLIVEIRA;AFOGADOS;;CIDADE;;1;0;0;0;0;0;1;0;0;0;0;Cruzamento;Bom;Não existe;Perfeito estado;Seca;Perfeito estado;Outros;Outras;;Dupla;Não existe;;
202227878;23/11/2022;;COM VÍTIMA;FINALIZADA;IPUTINGA;AV MAURICIO DE NASSAU;134;RUA ENGENHEIRO MOACYR PARAHYBA;IPUTINGA;;SUBURBIO;COLISÃO FRONTAL;1;1;0;0;0;0;0;0;0;1;0;Cruzamento;Bom;Não existe;Não existente;Seca;Perfeito estado;Não existe;Não há placas;;Dupla;Faixa contínua;;
202227891;23/11/2022;;COM VÍTIMA;FINALIZADA;CASA AMARELA;EST DO ENCANAMENTO;1284;RUA JADER DE ANDRADE;CASA AMARELA;;;COLISÃO FRONTAL;1;1;0;0;0;0;0;0;0;2;0;Cruzamento;Bom;Não existe;Perfeito estado;Seca;Perfeito estado;Não existe;Placas Pare;;Única;Faixa seccionada;;
202227909;23/11/2022;;VÍTIMA FATAL;FINALIZADA;CORDEIRO;AV GENERAL SAN MARTIN;;;CORDEIRO;403;SUBURBIO;QUEDA;0;0;0;0;1;1;0;0;0;0;1;Longo da via;Bom;Desligado;Perfeito estado;Seca;Perfeito estado;Faixa de pedestre;R-6a;;Dupla;Faixa contínua;;
202227922;24/11/2022;;COM VÍTIMA;FINALIZADA;IPSEP;RUA PINTOR LULA CARDOSO AYRES;S/N;;IPSEP;;;COLISÃO FRONTAL;3;0;0;0;0;0;0;0;0;1;0;;;;;;;;;;;;;
202227924;24/11/2022;;SEM VÍTIMA;FINALIZADA;MADALENA;AV VISCONDE DE ALBUQUERQUE;668;;MADALENA;;;COLISÃO LATERAL;2;0;0;0;0;0;0;0;0;0;0;;;;;;;;;;;;;
202227926;24/11/2022;;COM VÍTIMA;FINALIZADA;HIPÓDROMO;RUA PRUDENTE DE MORAES;124;;HIPÓDROMO;;;COLISÃO LATERAL;1;1;0;0;0;0;0;0;0;1;0;Cruzamento;Bom;Não existe;Perfeito estado;Seca;Perfeito estado;Faixa de pedestre;Placas Pare;;Dupla;Faixa seccionada;;
202227941;24/11/2022;;COM VÍTIMA;FINALIZADA;IPSEP;RUA PINTOR LULA CARDOSO AYRES;595;;IPSEP;;;COLISÃO FRONTAL;3;0;0;0;0;0;0;0;0;1;0;Longo da via;Bom;Não existe;Não existente;Seca;Perfeito estado;Não existe;Não há placas;30 km/h;Única;Não existe;;
202227971;24/11/2022;;COM VÍTIMA;FINALIZADA;GRAÇAS;RUA SOUZA DE ANDRADE;241;RUA ANTONIO NOVAIS;GRAÇAS;;;COLISÃO FRONTAL;1;1;0;0;0;0;0;0;0;2;0;Cruzamento;Bom;Não existe;Perfeito estado;Seca;Perfeito estado;Não existe;Placas Pare;;Dupla;Não existe;;
202227975;24/11/2022;;SEM VÍTIMA;FINALIZADA;SANTO AMARO;AV GOVERNADOR AGAMENON MAGALHAES;118 A;;SANTO AMARO;;SUBURBIO;COLISÃO TRASEIRA;1;1;0;0;0;0;0;0;0;0;0;;Bom;Não existe;Perfeito estado;Seca;Perfeito estado;Não existe;Não há placas;60 km/h;Dupla;Canteiro central;;
202227980;24/11/2022;;COM VÍTIMA;FINALIZADA;MADALENA;AV CAXANGA;521;;MADALENA;489;CIDADE;ATROPELAMENTO DE PESSOA;0;1;0;0;1;0;0;0;0;2;0;Longo da via;Bom;Sem defeito;Incompleta;Seca;Mal conservada;Faixa de pedestre;R-6a;60 km/h;Dupla;Faixa contínua;Faixa seccionada;Canteiro central
202227984;24/11/2022;;COM VÍTIMA;FINALIZADA;CASA FORTE;AV DEZESSETE DE AGOSTO;99;;CASA FORTE;;CIDADE;COLISÃO FRONTAL;1;1;0;0;0;0;0;0;0;1;0;Longo da via;Bom;Não existe;Perfeito estado;Seca;Perfeito estado;Não existe;R-6a;60 km/h;Dupla;Faixa seccionada;;
202227987;24/11/2022;;COM VÍTIMA;FINALIZADA;BOA VISTA;AV GOVERNADOR AGAMENON MAGALHAES;;;BOA VISTA;;;COLISÃO LATERAL;1;1;0;0;0;0;0;0;0;1;0;Longo da via;Bom;Não existe;Perfeito estado;Seca;Perfeito estado;Não existe;R-6a;60 km/h;Dupla;Canteiro central;;
202227988;24/11/2022;;COM VÍTIMA;CANCELADA;ÁGUA FRIA;EST VELHA DE AGUA FRIA;;AV PROFESSOR JOSE DOS ANJOS;ÁGUA FRIA;;SUBURBIO;COLISÃO LATERAL;0;2;0;0;0;0;0;0;0;2;0;;;;;;;;;;;;;
202227992;24/11/2022;;COM VÍTIMA;FINALIZADA;AFOGADOS;RUA SAO MIGUEL;;RUA VEREADOR FRANCISCO DE PAULA SANTANA CHICO DA MANOLA;AFOGADOS;;CIDADE;COLISÃO LATERAL;1;1;0;0;0;0;0;0;0;1;0;Longo da via;Bom;Não existe;Não existente;Seca;Perfeito estado;Não existe;Não há placas;60 km/h;Dupla;Não existe;;
202227995;24/11/2022;;COM VÍTIMA;FINALIZADA;IPUTINGA;AV MARIO ALVARES PEREIRA DE LYRA;139;;IPUTINGA;;;QUEDA;0;1;0;0;0;0;0;0;0;1;0;;;;;;;;;;;;;
202227996;24/11/2022;;COM VÍTIMA;FINALIZADA;SÃO JOSÉ;CAIS DO APOLO;594;;SÃO JOSÉ;;;COLISÃO LATERAL;0;2;0;0;0;0;0;0;0;1;0;Longo da via;Bom;Não existe;Perfeito estado;Seca;Perfeito estado;;;;Dupla;Canteiro central;;
202228008;24/11/2022;;COM VÍTIMA;FINALIZADA;JORDÃO;AV MARIA IRENE;875;;JORDÃO;;;COLISÃO FRONTAL;0;2;0;0;0;0;0;0;0;3;0;Longo da via;Bom;Sem defeito;Perfeito estado;Seca;Perfeito estado;Faixa de pedestre;;;Dupla;Faixa contínua;;
202228009;24/11/2022;;COM VÍTIMA;FINALIZADA;CORDEIRO;RUA EDUARDO FONSECA;121;;CORDEIRO;;;COLISÃO FRONTAL;1;1;0;0;0;0;0;0;0;1;0;Cruzamento;Chuvoso;Não existe;Perfeito estado;Seca;Perfeito estado;Não existe;R-6a;;Única;Faixa seccionada;;
202228010;25/11/2022;;SEM VÍTIMA;CANCELADA;BOA VIAGEM;RUA DES JOAO PAES;657;;BOA VIAGEM;;;COLISÃO TRASEIRA;2;0;0;0;0;0;0;0;0;0;0;;;;;;;;;;;;;
202228055;25/11/2022;;COM VÍTIMA;FINALIZADA;BONGI;EST DO BONGI;365;;BONGI;;CIDADE;COLISÃO LATERAL;1;1;0;0;0;0;0;0;0;1;0;Longo da via;Bom;Não existe;Incompleta;Seca;Perfeito estado;Não existe;Não há placas;;Dupla;Não existe;;
202228057;25/11/2022;;COM VÍTIMA;FINALIZADA;BOA VIAGEM;AVENIDA CELSO FURTADO (VIA MANGUE);215;;BOA VIAGEM;;SUBURBIO / PIEDADE;COLISÃO TRASEIRA;2;0;0;0;0;0;0;0;0;2;0;Ponte;Bom;Não existe;Perfeito estado;Seca;Perfeito estado;Não existe;Outras;50 km/h;Dupla;Canal;;
202228069;25/11/2022;;COM VÍTIMA;FINALIZADA;CASA AMARELA;RUA PADRE LEMOS;743;;CASA AMARELA;;;COLISÃO LATERAL;1;1;0;0;0;0;0;0;0;1;0;Longo da via;Bom;Não existe;Não existente;Seca;Perfeito estado;Não existe;Não há placas;;Dupla;Não existe;;
202228075;25/11/2022;;COM VÍTIMA;FINALIZADA;SAN MARTIN;AV GENERAL SAN MARTIN;2337;;SAN MARTIN;;SUBURBIO;ATROPELAMENTO DE PESSOA;1;0;0;0;1;0;0;0;0;1;0;Rotatória;Bom;Não existe;Perfeito estado;Seca;Perfeito estado;Não existe;Não há placas;;Única;Não existe;;
202228076;25/11/2022;;COM VÍTIMA;FINALIZADA;CAXANGÁ;AV CAXANGA;;;CAXANGÁ;;;COLISÃO TRASEIRA;1;1;0;0;0;0;0;0;0;1;0;Longo da via;Bom;Não existe;Incompleta;Seca;Perfeito estado;Não existe;Não há placas;;Dupla;Canteiro central;;
202228085;25/11/2022;;COM VÍTIMA;FINALIZADA;CAMPO GRANDE;RUA ODORICO MENDES;882;;CAMPO GRANDE;;;COLISÃO LATERAL;0;1;0;0;0;0;0;1;0;1;0;Cruzamento;Bom;Sem defeito;Perfeito estado;Seca;Perfeito estado;Não existe;Outras;40 km/h;Dupla;Blocos;;
202228102;26/11/2022;;COM VÍTIMA;FINALIZADA;BOA VIAGEM;RUA VISCONDE DE JEQUITINHONHA;;RUA PROFESSOR MARIO CASTRO;BOA VIAGEM;;;COLISÃO FRONTAL;1;1;0;0;0;0;0;0;0;1;0;Cruzamento;Bom;Sem defeito;Perfeito estado;Seca;Perfeito estado;Faixa de pedestre;Não há placas;;Única;Faixa seccionada;;
202228120;26/11/2022;;COM VÍTIMA;FINALIZADA;SANTO AMARO;RUA DOS PALMARES;;RUA DO POMBAL;SANTO AMARO;;;COLISÃO LATERAL;1;1;0;0;0;0;0;0;0;1;0;Cruzamento;Bom;Não existe;Perfeito estado;Seca;Perfeito estado;;Não há placas;;Dupla;Faixa seccionada;Canteiro central;
202228130;26/11/2022;;COM VÍTIMA;FINALIZADA;SAN MARTIN;RUA VINTE E UM DE ABRIL;3470;;SAN MARTIN;;SUBURBIO;ATROPELAMENTO DE PESSOA;1;0;0;0;1;0;0;0;0;1;0;Longo da via;Bom;Não existe;Não existente;Seca;Perfeito estado;Não existe;Não há placas;40 km/h;Dupla;Faixa seccionada;;
202228135;26/11/2022;;COM VÍTIMA;FINALIZADA;BOA VIAGEM;RUA VISCONDE DE JEQUITINHONHA;;RUA PROFESSOR MARIO CASTRO;BOA VIAGEM;;;COLISÃO LATERAL;1;1;0;0;0;0;0;0;0;1;0;;;;;;;;;;;;;
202228155;26/11/2022;;SEM VÍTIMA;CANCELADA;CORDEIRO;RUA N S DA SAUDE;252;;CORDEIRO;;;COLISÃO FRONTAL;2;0;0;0;0;0;0;0;0;0;0;;;;;;;;;;;;;
202228164;26/11/2022;;COM VÍTIMA;FINALIZADA;SAN MARTIN;AV GENERAL SAN MARTIN;1648 B;;SAN MARTIN;;;COLISÃO FRONTAL;1;1;0;0;0;0;0;0;0;1;0;Cruzamento;Bom;Não existe;Perfeito estado;Seca;Perfeito estado;Não existe;Não há placas;;Dupla;Faixa contínua;;
202228171;27/11/2022;;COM VÍTIMA;FINALIZADA;BOA VIAGEM;AV BOA VIAGEM;2724;;BOA VIAGEM;;CIDADE;ATROPELAMENTO DE PESSOA;1;0;0;0;1;0;0;0;0;1;0;Longo da via;Bom;Não existe;Perfeito estado;Seca;Perfeito estado;Não existe;Não há placas;;Única;Faixa seccionada;;
202228190;27/11/2022;;COM VÍTIMA;FINALIZADA;TORRE;RUA CLOVIS BEVILAQUA;50;RUA AGUAS BELAS;TORRE;;;QUEDA;0;1;0;0;0;0;0;0;0;1;0;Cruzamento;Bom;Não existe;Perfeito estado;Seca;Perfeito estado;Outros;Outras;;Dupla;Não existe;;
202228212;27/11/2022;;COM VÍTIMA;CANCELADA;DERBY;RUA JENER DE SOUZA;;;DERBY;;;COLISÃO LATERAL;1;1;0;0;0;0;0;0;0;1;0;;;;;;;;;;;;;
202228215;27/11/2022;;SEM VÍTIMA;FINALIZADA;AREIAS;RUA IPOJUCA;918;;AREIAS;;;CHOQUE;0;0;0;0;0;0;0;0;0;0;0;;;;;;;;;;;;;
202228217;27/11/2022;;COM VÍTIMA;FINALIZADA;SANTO ANTÔNIO;AV GUARARAPES;;AV DANTAS BARRETO;SANTO ANTÔNIO;15;;COLISÃO LATERAL;1;0;0;0;0;1;0;0;0;1;0;Cruzamento;Bom;Sem defeito;Perfeito estado;Seca;Perfeito estado;Não existe;Não há placas;;Dupla;;;
202228237;27/11/2022;;COM VÍTIMA;FINALIZADA;PARNAMIRIM;RUA VIRGINIA LORETO;188;;PARNAMIRIM;;;COLISÃO LATERAL;1;1;0;0;0;0;0;0;0;1;0;Cruzamento;Bom;Não existe;Perfeito estado;Seca;Perfeito estado;Não existe;R-6a;;Única;Faixa seccionada;;
202228260;28/11/2022;;COM VÍTIMA;FINALIZADA;CAMPO GRANDE;RUA ODORICO MENDES;S/N;RUA VISCONDE DE CAIRU;CAMPO GRANDE;;;COLISÃO LATERAL;1;1;0;0;0;0;0;0;0;1;0;;;;;;;;;;;;;
202228279;28/11/2022;;COM VÍTIMA;FINALIZADA;ENCRUZILHADA;AV BEBERIBE;433;;ENCRUZILHADA;;;COLISÃO LATERAL;1;1;0;0;0;0;0;0;0;1;0;Cruzamento;Bom;Não existe;Perfeito estado;Seca;Perfeito estado;Não existe;Não há placas;;Dupla;Faixa contínua;;
202228281;28/11/2022;;COM VÍTIMA;FINALIZADA;MADALENA;RUA JOSE OSORIO;522;;MADALENA;;SUBURBIO;COLISÃO FRONTAL;1;1;0;0;0;0;0;0;0;1;0;Cruzamento;Bom;Não existe;Incompleta;Seca;Mal conservada;Não existe;R-6a;40 km/h;Dupla;Faixa contínua;Faixa seccionada;
202228284;28/11/2022;;COM VÍTIMA;FINALIZADA;SAN MARTIN;AV GENERAL SAN MARTIN;;;SAN MARTIN;;;COLISÃO LATERAL;1;1;0;0;0;0;0;0;0;1;0;Outros;Bom;Sem defeito;Perfeito estado;Seca;Perfeito estado;Outros;R-5a;;Dupla;Não existe;;
202228289;28/11/2022;;COM VÍTIMA;FINALIZADA;VASCO DA GAMA;RUA VASCO DA GAMA;667;;VASCO DA GAMA;;SUBURBIO;COLISÃO FRONTAL;0;2;0;0;0;0;0;0;0;1;0;Longo da via;Bom;Não existe;Perfeito estado;Seca;Perfeito estado;Não existe;R-6a;30 km/h;Dupla;Faixa seccionada;;
202228311;28/11/2022;;COM VÍTIMA;FINALIZADA;CASA FORTE;AV DEZESSETE DE AGOSTO;;;CASA FORTE;;SUBURBIO;COLISÃO FRONTAL;2;0;0;0;0;0;0;0;0;2;0;Longo da via;Bom;Não existe;Perfeito estado;Seca;Perfeito estado;Não existe;Não há placas;;Dupla;Faixa contínua;;
202228313;28/11/2022;;SEM VÍTIMA;FINALIZADA;CASA AMARELA;AV NORTE MIGUEL ARRAES DE ALENCAR;4913;;CASA AMARELA;;SUBURBIO;COLISÃO TRASEIRA;2;0;0;0;0;0;0;0;0;0;0;Longo da via;Bom;Não existe;Perfeito estado;Seca;Perfeito estado;Não existe;Não há placas;;Dupla;Faixa seccionada;;
202228316;28/11/2022;;COM VÍTIMA;FINALIZADA;APIPUCOS;RUA DE APIPUCOS;261;;APIPUCOS;;;COLISÃO TRASEIRA;1;1;0;0;0;0;0;0;0;2;0;Longo da via;Bom;Não existe;Perfeito estado;Seca;Perfeito estado;Não existe;Não há placas;;Dupla;Faixa contínua;;
202228335;29/11/2022;;COM VÍTIMA;FINALIZADA;IPUTINGA;AV CAXANGA;;;IPUTINGA;;;COLISÃO TRASEIRA;1;1;0;0;0;0;0;0;0;1;0;;;;;;;;;;;;;
202228337;29/11/2022;;COM VÍTIMA;FINALIZADA;VÁRZEA;RUA ACADEMICO HELIO RAMOS;238;;VÁRZEA;;;COLISÃO LATERAL;1;1;0;0;0;0;0;0;0;1;0;;;;;;;;;;;;;
202228343;29/11/2022;;COM VÍTIMA;FINALIZADA;ESPINHEIRO;RUA CONS PORTELA;1716;AV JOAO DE BARROS;ESPINHEIRO;;;COLISÃO TRASEIRA;1;1;0;0;0;0;0;0;0;1;0;;;;;;;;;;;;;
202228351;29/11/2022;;COM VÍTIMA;FINALIZADA;ESPINHEIRO;RUA CONS PORTELA;;AV JOAO DE BARROS;ESPINHEIRO;;;COLISÃO LATERAL;1;2;0;0;0;0;0;0;0;2;0;;;;;;;;;;;;;
202228356;29/11/2022;;COM VÍTIMA;FINALIZADA;SANTO AMARO;RUA DOS PALMARES;;;SANTO AMARO;;;COLISÃO LATERAL;1;1;0;0;0;0;0;0;0;1;0;;;;;;;;;;;;;
202228373;29/11/2022;;COM VÍTIMA;FINALIZADA;PINA;AV ANTONIO DE GOES;742;;PINA;;;COLISÃO TRASEIRA;1;1;0;0;0;0;0;0;0;1;0;;;;;;;;;;;;;
202228376;29/11/2022;;COM VÍTIMA;FINALIZADA;CORDEIRO;AV CAXANGA;1777;;CORDEIRO;;;ATROPELAMENTO DE PESSOA;0;1;0;0;1;0;0;0;0;1;0;;;;;;;;;;;;;
202228387;29/11/2022;;COM VÍTIMA;FINALIZADA;IPUTINGA;EST DO BARBALHO;;;IPUTINGA;;;COLISÃO FRONTAL;0;0;1;0;0;1;0;0;0;1;0;;;;;;;;;;;;;
202228390;29/11/2022;;COM VÍTIMA;FINALIZADA;IPSEP;AV RECIFE;;;IPSEP;;CIDADE;COLISÃO FRONTAL;0;2;0;0;0;0;0;0;0;2;0;;;;;;;;;;;;;
202228391;29/11/2022;;COM VÍTIMA;FINALIZADA;SÃO JOSÉ;AV SUL;;;SÃO JOSÉ;;;COLISÃO LATERAL;0;2;0;0;0;0;0;0;0;1;0;;;;;;;;;;;;;
202228406;29/11/2022;;COM VÍTIMA;FINALIZADA;IPUTINGA;AV MARECHAL CORDEIRO DE FARIAS;;;IPUTINGA;;;COLISÃO LATERAL;1;1;0;0;0;0;0;0;0;1;0;;;;;;;;;;;;;
202228414;30/11/2022;;COM VÍTIMA;FINALIZADA;SANTO AMARO;AV JOAO DE BARROS;860;;SANTO AMARO;;;COLISÃO TRASEIRA;1;0;0;0;0;1;0;0;0;1;0;;;;;;;;;;;;;
202228416;30/11/2022;;SEM VÍTIMA;FINALIZADA;CASA AMARELA;AV NORTE MIGUEL ARRAES DE ALENCAR;5280;;CASA AMARELA;312;CIDADE;CHOQUE;0;0;0;0;0;0;0;1;0;0;0;Longo da via;Nublado;Sem defeito;Perfeito estado;Seca;Perfeito estado;Faixa de pedestre;Outras;;Dupla;Canteiro central;;
202228419;30/11/2022;;COM VÍTIMA;FINALIZADA;IMBIRIBEIRA;AV MARECHAL MASCARENHAS DE MORAES;4555;;IMBIRIBEIRA;;;COLISÃO TRASEIRA;1;1;0;0;0;0;0;0;0;1;0;;;;;;;;;;;;;
202228436;30/11/2022;;SEM VÍTIMA;FINALIZADA;MADALENA;AV CAXANGA;;;MADALENA;;CIDADE;COLISÃO TRASEIRA;1;0;0;0;0;0;0;1;0;0;0;Longo da via;Chuvoso;Não existe;Perfeito estado;Molhada;Perfeito estado;Não existe;Não há placas;60 km/h;Única;Faixa seccionada;;
202228437;30/11/2022;;SEM VÍTIMA;FINALIZADA;MADALENA;AV CAXANGA;172;;MADALENA;;CIDADE;CHOQUE;1;0;0;0;0;0;0;1;0;0;0;Outros;Chuvoso;Não existe;Não existente;Molhada;Perfeito estado;Não existe;Não há placas;60 km/h;Única;Canteiro central;;
202228450;30/11/2022;;COM VÍTIMA;FINALIZADA;BRASÍLIA TEIMOSA;RUA ATUM;118;;BRASÍLIA TEIMOSA;;;QUEDA;0;1;0;0;0;0;0;0;0;1;0;;;;;;;;;;;;;
202228475;30/11/2022;;COM VÍTIMA;FINALIZADA;IBURA;AV CHAPADA DO ARARIPE;;;IBURA;;;COLISÃO FRONTAL;0;2;0;0;0;0;0;0;0;1;0;;;;;;;;;;;;;
202228535;01/12/2022;;COM VÍTIMA;FINALIZADA;AREIAS;AV RECIFE;3415;;AREIAS;;;COLISÃO LATERAL;0;1;0;0;0;0;1;0;0;1;0;Longo da via;Bom;Não existe;Perfeito estado;Seca;Perfeito estado;Não existe;Não há placas;;Dupla;Não existe;;
202228549;01/12/2022;;COM VÍTIMA;FINALIZADA;AFOGADOS;RUA SAO MIGUEL;;;AFOGADOS;392;;ATROPELAMENTO DE PESSOA;0;0;0;0;1;1;0;0;0;1;0;Longo da via;Bom;Sem defeito;Incompleta;Seca;Perfeito estado;Não existe;Não há placas;;Dupla;Não existe;;
202228572;01/12/2022;;COM VÍTIMA;FINALIZADA;APIPUCOS;RUA DOIS IRMAOS;92;;APIPUCOS;;SUBURBIO;COLISÃO LATERAL;1;1;0;0;0;0;0;0;0;1;0;Longo da via;Bom;Não existe;Perfeito estado;Seca;Perfeito estado;Não existe;Não há placas;;Dupla;Faixa contínua;;
202228573;01/12/2022;;SEM VÍTIMA;FINALIZADA;SANTO AMARO;AV GOVERNADOR AGAMENON MAGALHAES;2615;AV JOAO DE BARROS;SANTO AMARO;;CIDADE;CHOQUE;0;0;0;0;0;0;1;0;1;0;0;Cruzamento;Bom;Não existe;Perfeito estado;Seca;Perfeito estado;Não existe;"Placas ""Dê a preferência""";;Única;Canteiro central;;
202228582;02/12/2022;;COM VÍTIMA;FINALIZADA;BOA VIAGEM;AV ENGENHEIRO DOMINGOS FERREIRA;3436;RUA PADRE CARAPUCEIRO;BOA VIAGEM;216;SUBURBIO;COLISÃO TRANSVERSAL;1;1;0;0;0;0;0;0;0;2;0;Cruzamento;Bom;Sem defeito;Perfeito estado;Seca;Perfeito estado;;Outras;40 km/h;Única;Canteiro central;;
202228600;02/12/2022;;COM VÍTIMA;FINALIZADA;BEBERIBE;PRC DA CONVENCAO;;RUA COMPOSITOR VINICIUS DE MORAIS;BEBERIBE;;;COLISÃO LATERAL;1;1;0;0;0;0;0;0;0;1;0;Cruzamento;Bom;Não existe;Incompleta;Seca;Mal conservada;Não existe;Outras;;Dupla;Canteiro central;;
202228602;02/12/2022;;COM VÍTIMA;FINALIZADA;SAN MARTIN;RUA VINTE E UM DE ABRIL;1877;RUA BOM JARDIM;SAN MARTIN;;SUBURBIO;COLISÃO LATERAL;1;1;0;0;0;0;0;0;0;2;0;Longo da via;Bom;Não existe;;Seca;;Não existe;"Placas ""Pare""";40 km/h;Dupla;Faixa seccionada;;
202228637;02/12/2022;;SEM VÍTIMA;FINALIZADA;BOA VIAGEM;AV CONSELHEIRO AGUIAR;;RUA RIBEIRO DE BRITO;BOA VIAGEM;147;CIDADE;;1;0;0;0;0;1;0;0;0;0;0;Cruzamento;Bom;Sem defeito;Perfeito estado;Seca;Perfeito estado;Faixa de pedestre;Outras;60 km/h;Única;Não existe;;
202228655;02/12/2022;;COM VÍTIMA;FINALIZADA;TORRE;RUA JOSE BONIFACIO;1315;;TORRE;;;COLISÃO LATERAL;1;1;0;0;0;0;0;0;0;1;0;Cruzamento;Bom;Não existe;Incompleta;Seca;Perfeito estado;Não existe;;;Única;Não existe;;
202228675;02/12/2022;;COM VÍTIMA;FINALIZADA;JOANA BEZERRA;VIADUTO CAPITAO TEMUDO;;;JOANA BEZERRA;;CIDADE;COLISÃO TRASEIRA;1;1;0;0;0;0;0;0;0;1;0;Longo da via;Bom;Não existe;;Seca;Perfeito estado;Não existe;Não há placas;;Única;Não existe;;
202228689;02/12/2022;;COM VÍTIMA;FINALIZADA;CASA AMARELA;RUA DOIS DE FEVEREIRO;459;;CASA AMARELA;;CIDADE;COLISÃO COM CICLISTA;1;0;0;1;0;0;0;0;0;2;0;Longo da via;Bom;Não existe;Incompleta;Seca;Mal conservada;Não existe;Não há placas;;Dupla;Não existe;;