Protocolo;data;hora;natureza;situacao;bairro;endereco;numero;detalhe_endereco_acidente;bairro_cruzamento;num_semaforo;sentido_via;tipo;auto;moto;ciclom;ciclista;pedestre;onibus;caminhao;viatura;outros;vitimas;vitimasfatais;acidente_verificado;tempo_clima;situacao_semaforo;sinalizacao;condicao_via;conservacao_via;ponto_controle;situacao_placa;velocidade_max_via;mao_direcao;divisao_via1;divisao_via2;divisao_via3
202228703;02/12/2022;;COM VÍTIMA;FINALIZADA;VÁRZEA;RUA PROFESSOR ANTONIO COELHO;447;RUA MARECHAL MANOEL LUIS OSORIO;VÁRZEA;;CIDADE;COLISÃO FRONTAL;0;1;0;0;0;1;0;0;0;1;0;Cruzamento;Bom;Não existe;Perfeito estado;Seca;Perfeito estado;Faixa de pedestre;"Placas ""Pare""";30 km/h;Dupla;Não existe;;
202228710;02/12/2022;;COM VÍTIMA;FINALIZADA;IBURA;AV DOIS RIOS;1289;;IBURA;;SUBURBIO;COLISÃO FRONTAL;1;1;0;0;0;0;0;0;0;1;0;Longo da via;Bom;Não existe;Perfeito estado;Seca;Perfeito estado;Não existe;Não há placas;;Dupla;Faixa contínua;;
202228718;02/12/2022;;COM VÍTIMA;FINALIZADA;SAN MARTIN;AV GENERAL SAN MARTIN;706;;SAN MARTIN;;SUBURBIO;COLISÃO FRONTAL;1;1;0;0;0;0;0;0;0;2;0;Longo da via;Bom;Não existe;Ilegível;Seca;Perfeito estado;Não existe;Não há placas;60 km/h;Dupla;Não existe;;
202228722;02/12/2022;;COM VÍTIMA;FINALIZADA;ÁGUA FRIA;RUA CORONEL URBANO RIBEIRO DE SENA;;AV BEBERIBE;ÁGUA FRIA;307;SUBURBIO;COLISÃO FRONTAL;1;1;0;0;0;0;0;0;0;1;0;Cruzamento;Bom;Sem defeito;Perfeito estado;Seca;Perfeito estado;Não existe;Não há placas;60 km/h;Dupla;Não existe;;
202228729;03/12/2022;;COM VÍTIMA;FINALIZADA;CASA FORTE;AV DEZESSETE DE AGOSTO;;AV FLOR DE SANTANA;CASA FORTE;614;SUBURBIO;CHOQUE;0;0;0;0;0;0;0;1;0;1;0;Esquina;Bom;Intermitente;Perfeito estado;Seca;Perfeito estado;Faixa de pedestre;R-6a;;Dupla;Faixa contínua;;
202228747;03/12/2022;;COM VÍTIMA;FINALIZADA;GUABIRABA;AV DA RECUPERACAO;600;;GUABIRABA;;;COLISÃO LATERAL;1;1;0;0;0;0;0;0;0;1;0;Longo da via;Bom;Não existe;Ilegível;Seca;Perfeito estado;Não existe;Não há placas;;Única;Faixa seccionada;;
202228756;03/12/2022;;COM VÍTIMA;FINALIZADA;MADALENA;AV VISCONDE DE ALBUQUERQUE;668;;MADALENA;413;CIDADE;COLISÃO TRANSVERSAL;1;1;0;0;0;0;0;0;0;1;0;Longo da via;Bom;Não existe;Perfeito estado;Seca;Perfeito estado;Não existe;Outras;;Única;Faixa seccionada;;
202228758;03/12/2022;;COM VÍTIMA;FINALIZADA;AFOGADOS;RUA SANTOS ARAUJO;;RUA SAO MIGUEL;AFOGADOS;;;COLISÃO TRANSVERSAL;1;1;0;0;0;0;0;0;0;1;0;;;;;;;;;;;;;
202228769;03/12/2022;;SEM VÍTIMA;FINALIZADA;COHAB;RUA RIO SANHAUA;50;RUA PARANACITI;COHAB;;SUBURBIO;;1;0;0;0;0;0;0;1;0;0;0;Outros;Chuvoso;Não existe;Não existente;Molhada;Perfeito estado;Não existe;Não há placas;;Dupla;Não existe;;
202228781;03/12/2022;;SEM VÍTIMA;CANCELADA;BOA VIAGEM;RUA VISCONDE DE JEQUITINHONHA;860A;;BOA VIAGEM;;;COLISÃO LATERAL;2;0;0;0;0;0;0;0;0;0;0;;;;;;;;;;;;;
202228787;03/12/2022;;SEM VÍTIMA;FINALIZADA;BOA VISTA;RUA DO HOSPICIO;;;BOA VISTA;32;;ATROPELAMENTO DE PESSOA;1;0;0;0;1;0;0;0;0;0;0;Cruzamento;Bom;Sem defeito;Perfeito estado;Seca;Perfeito estado;Faixa de pedestre;R-6a;;Dupla;Faixa seccionada;;
202228807;03/12/2022;;COM VÍTIMA;FINALIZADA;CAXANGÁ;AV CAXANGA;;;CAXANGÁ;;SUBURBIO;COLISÃO LATERAL;1;1;0;0;0;0;0;0;0;2;0;Longo da via;Bom;Sem defeito;Perfeito estado;Seca;Perfeito estado;Não existe;Não há placas;60 km/h;Única;Faixa seccionada;;
202228813;03/12/2022;;COM VÍTIMA;FINALIZADA;MUSTARDINHA;AV MANOEL GONCALVES DA LUZ;396;;MUSTARDINHA;;;COLISÃO COM CICLISTA;0;0;0;1;0;1;0;0;0;1;0;Cruzamento;Bom;Não existe;Incompleta;Seca;Perfeito estado;Não existe;"Placas ""Pare""";30 km/h;Dupla;Faixa seccionada;;
202228814;03/12/2022;;COM VÍTIMA;CANCELADA;CASA FORTE;RUA JAYME LOYO;;;CASA FORTE;;;COLISÃO LATERAL;2;0;0;1;0;0;0;0;0;1;0;;;;;;;;;;;;;
202228822;04/12/2022;;COM VÍTIMA;FINALIZADA;BOA VIAGEM;AV CONSELHEIRO AGUIAR;;RUA PADRE CARAPUCEIRO;BOA VIAGEM;;;COLISÃO LATERAL;1;1;0;0;0;0;0;0;0;1;0;Cruzamento;Chuvoso;Sem defeito;Perfeito estado;Molhada;Perfeito estado;Faixa de pedestre;;;Única;Faixa seccionada;;
202228866;04/12/2022;;COM VÍTIMA;FINALIZADA;TOTÓ;AV LIBERDADE;811;;TOTÓ;;;COLISÃO LATERAL;1;1;0;0;0;0;0;0;0;1;0;Longo da via;Bom;Não existe;Não existente;Seca;Perfeito estado;Não existe;"Placas ""Dê a preferência""";40 km/h;Dupla;Não existe;;
202228895;04/12/2022;;COM VÍTIMA;FINALIZADA;MADALENA;EST DOS REMEDIOS;;;MADALENA;;;COLISÃO LATERAL;0;0;0;0;0;0;0;0;0;1;0;Cruzamento;Bom;Sem defeito;Perfeito estado;Seca;Perfeito estado;Outros;R-24a;;Única;Faixa seccionada;;
202228896;04/12/2022;;COM VÍTIMA;FINALIZADA;VÁRZEA;RUA ESCRITOR JOAQUIM NOBERTO;;;VÁRZEA;;;ATROPELAMENTO DE PESSOA;1;0;0;0;1;0;0;0;0;1;0;Cruzamento;Bom;Não existe;Não existente;Seca;Mal conservada;Não existe;Não há placas;30 km/h;Única;Não existe;;
202228903;04/12/2022;;VÍTIMA FATAL;FINALIZADA;IMBIRIBEIRA;AV MARECHAL MASCARENHAS DE MORAES;6997;;IMBIRIBEIRA;;CIDADE;COLISÃO TRASEIRA;0;2;0;0;0;0;0;0;0;1;1;Longo da via;Bom;Não existe;Perfeito estado;Seca;Perfeito estado;Não existe;Outras;;Dupla;Faixa seccionada;Canteiro central;
202228905;04/12/2022;;SEM VÍTIMA;FINALIZADA;BOA VIAGEM;RUA VISCONDE DE JEQUITINHONHA;;RUA BALTAZAR PASSOS;BOA VIAGEM;154;SUBURBIO;COLISÃO TRANSVERSAL;2;0;0;0;0;0;0;0;0;0;0;Cruzamento;Bom;Sem defeito;Perfeito estado;Seca;Perfeito estado;Faixa de pedestre;Outras;;Única;Canal;;
202228913;04/12/2022;;SEM VÍTIMA;FINALIZADA;BOA VIAGEM;RUA PADRE CARAPUCEIRO;;AV FERNANDO SIMOES BARBOSA;BOA VIAGEM;321;SUBURBIO;COLISÃO TRANSVERSAL;2;0;0;0;0;0;0;0;0;0;0;Cruzamento;Chuvoso;Sem defeito;Perfeito estado;Molhada;Perfeito estado;Faixa de pedestre;Outras;;Dupla;Canal;;
202228944;05/12/2022;;COM VÍTIMA;FINALIZADA;JARDIM SÃO PAULO;AV RECIFE;5704;;JARDIM SÃO PAULO;;;COLISÃO TRASEIRA;1;1;0;0;0;0;0;0;0;2;0;Longo da via;Chuvoso;Sem defeito;Perfeito estado;Molhada;Perfeito estado;Não existe;Não há placas;;Única;Faixa seccionada;;
202228950;05/12/2022;;SEM VÍTIMA;FINALIZADA;TORRE;RUA JOSE BONIFACIO;;;TORRE;;CIDADE;COLISÃO TRASEIRA;1;1;0;0;0;0;0;0;0;0;0;Ponte;Chuvoso;Não existe;Perfeito estado;Molhada;Perfeito estado;Não existe;;;Dupla;Canteiro central;;
202228961;05/12/2022;;COM VÍTIMA;FINALIZADA;SAN MARTIN;RUA APULCRO DE ASSUNCAO;17;RUA DELMIRO GOUVEIA;SAN MARTIN;;CIDADE;COLISÃO LATERAL;1;1;0;0;0;0;0;0;0;1;0;Esquina;Bom;Não existe;Incompleta;Seca;Perfeito estado;Não existe;Não há placas;;Dupla;Não existe;;
202228989;05/12/2022;;COM VÍTIMA;FINALIZADA;JARDIM SÃO PAULO;AV RECIFE;3943;RUA LAURA BANDEIRA DE MELLO;JARDIM SÃO PAULO;705;;COLISÃO TRASEIRA;1;1;0;0;0;0;0;0;0;2;0;Esquina;Chuvoso;Sem defeito;Perfeito estado;Molhada;Perfeito estado;Faixa de pedestre;Outras;;Dupla;Canteiro central;;
202228991;05/12/2022;;COM VÍTIMA;CANCELADA;SANTO AMARO;AV GOVERNADOR AGAMENON MAGALHAES;;;SANTO AMARO;;;COLISÃO TRASEIRA;1;1;0;0;0;0;0;0;0;1;0;;;;;;;;;;;;;
202228996;05/12/2022;;SEM VÍTIMA;FINALIZADA;BARRO;AV DR JOSE RUFINO;2442;;BARRO;;;COLISÃO LATERAL;1;0;0;0;0;0;1;0;0;0;0;;;;;;;;;;;;;
202228997;05/12/2022;;SEM VÍTIMA;FINALIZADA;CABANGA;AV SUL;;;CABANGA;;CIDADE;COLISÃO TRASEIRA;2;0;0;0;0;0;0;0;0;0;0;Longo da via;Chuvoso;Sem defeito;Perfeito estado;Molhada;Perfeito estado;Não existe;Outras;;Dupla;Canteiro central;;
202229010;05/12/2022;;COM VÍTIMA;FINALIZADA;CAXANGÁ;AV CAXANGA;1657;AV GENERAL SAN MARTIN;CAXANGÁ;80;CIDADE;COLISÃO LATERAL;1;1;0;0;0;0;0;0;0;1;0;Cruzamento;Chuvoso;Sem defeito;Perfeito estado;Molhada;Perfeito estado;Não existe;Não há placas;;Única;Faixa seccionada;;
202229016;05/12/2022;;SEM VÍTIMA;FINALIZADA;IPUTINGA;AV CAXANGA;;;IPUTINGA;229;SUBURBIO;COLISÃO LATERAL;1;0;0;0;0;0;0;1;0;0;0;;;;;;;;;;;;;
202229050;06/12/2022;;COM VÍTIMA;FINALIZADA;ÁGUA FRIA;AV BEBERIBE;2018;;ÁGUA FRIA;405;;COLISÃO LATERAL;1;1;0;0;0;0;0;0;0;1;0;Longo da via;Bom;;Perfeito estado;Seca;Perfeito estado;Faixa de pedestre;R-6a;;Única;Não existe;;
202229110;06/12/2022;;COM VÍTIMA;FINALIZADA;ESTÂNCIA;AV DR JOSE RUFINO;535;;ESTÂNCIA;;;COLISÃO LATERAL;1;1;0;0;0;0;0;0;0;1;0;Cruzamento;Bom;Não existe;Incompleta;Seca;Perfeito estado;Não existe;R-6a;60 km/h;Dupla;Não existe;;
202229118;06/12/2022;;COM VÍTIMA;CANCELADA;JOANA BEZERRA;VIADUTO CAPITAO TEMUDO;;;JOANA BEZERRA;;;COLISÃO TRASEIRA;2;0;0;0;0;0;0;0;0;1;0;;;;;;;;;;;;;
202229139;06/12/2022;;COM VÍTIMA;FINALIZADA;IMBIRIBEIRA;RUA ARQUITETO LUIZ NUNES;500;;IMBIRIBEIRA;;;COLISÃO TRASEIRA;1;1;0;0;0;0;0;0;0;1;0;Longo da via;Bom;Sem defeito;Perfeito estado;Seca;Perfeito estado;Faixa de pedestre;Não há placas;40 km/h;Dupla;Faixa contínua;;
202229145;06/12/2022;;COM VÍTIMA;FINALIZADA;BOA VIAGEM;RUA CAMBOIM;293;RUA DEZ DE JULHO;BOA VIAGEM;;;COLISÃO FRONTAL;1;1;0;0;0;0;0;0;0;1;0;Cruzamento;Bom;Não existe;Perfeito estado;Seca;Perfeito estado;Faixa de pedestre;"Placas ""Pare""";;Única;;;
202229147;06/12/2022;;COM VÍTIMA;FINALIZADA;BOA VIAGEM;RUA RIBEIRO DE BRITO;;;BOA VIAGEM;;;QUEDA;0;1;0;0;0;0;0;0;0;1;0;Longo da via;Bom;Sem defeito;Perfeito estado;Seca;Perfeito estado;Faixa de pedestre;R-6a;;Única;Faixa seccionada;;
202229179;07/12/2022;;COM VÍTIMA;FINALIZADA;AREIAS;AV RECIFE;5606;;AREIAS;;;COLISÃO TRASEIRA;2;1;0;0;0;0;0;0;0;1;0;Longo da via;Bom;Não existe;Perfeito estado;Seca;Perfeito estado;Não existe;Não há placas;;Única;Faixa contínua;;
202229186;07/12/2022;;COM VÍTIMA;FINALIZADA;PARNAMIRIM;RUA FERREIRA LOPES;200;;PARNAMIRIM;;;COLISÃO FRONTAL;1;1;0;0;0;0;0;0;0;1;0;Esquina;Bom;Não existe;Perfeito estado;Seca;Perfeito estado;Faixa de retenção;Outras;;Dupla;Faixa seccionada;;
202229188;07/12/2022;;COM VÍTIMA;FINALIZADA;BOA VIAGEM;RUA CAMBOIM;;RUA COPACABANA;BOA VIAGEM;;;COLISÃO LATERAL;1;1;0;0;0;0;0;0;0;1;0;Cruzamento;Bom;Não existe;Perfeito estado;Seca;Perfeito estado;Não existe;"Placas ""Pare""";30 km/h;Dupla;Faixa seccionada;;
202229200;07/12/2022;;SEM VÍTIMA;FINALIZADA;BOA VIAGEM;RUA JOSE MARIA DE MIRANDA;318;;BOA VIAGEM;;CIDADE;COLISÃO LATERAL;1;0;0;0;0;0;0;1;0;0;0;Longo da via;Bom;Sem defeito;Perfeito estado;Seca;Perfeito estado;Faixa de pedestre;Não há placas;;Única;Não existe;;
202229223;07/12/2022;;COM VÍTIMA;FINALIZADA;TEJIPIÓ;AV DR JOSE RUFINO;2930;;TEJIPIÓ;;;COLISÃO COM CICLISTA;1;0;0;1;0;0;0;0;0;1;0;Cruzamento;Bom;Não existe;Não existente;Seca;Perfeito estado;Não existe;Não há placas;;Dupla;Não existe;;
202229232;07/12/2022;;COM VÍTIMA;FINALIZADA;BOA VIAGEM;AV CONSELHEIRO AGUIAR;4264;;BOA VIAGEM;;;COLISÃO LATERAL;0;1;0;0;0;1;0;0;0;1;0;Cruzamento;Bom;Sem defeito;Perfeito estado;Seca;Perfeito estado;Faixa de pedestre;R-6a;;Única;Faixa seccionada;;
202229242;07/12/2022;;COM VÍTIMA;FINALIZADA;CASA AMARELA;AV PEDRO ALLAIN;;;CASA AMARELA;;;COLISÃO COM CICLISTA;1;0;0;1;0;0;0;0;0;1;0;Longo da via;Bom;Não existe;Incompleta;Seca;Perfeito estado;Não existe;Outras;30 km/h;Única;Não existe;;
202229244;07/12/2022;;COM VÍTIMA;CANCELADA;SANTO ANTÔNIO;AV DANTAS BARRETO;;PRC DA REPUBLICA;SANTO ANTÔNIO;;;COLISÃO LATERAL;0;0;0;0;0;0;0;0;0;1;0;;;;;;;;;;;;;
202229247;07/12/2022;;COM VÍTIMA;FINALIZADA;CAMPO GRANDE;EST DE BELEM;425;;CAMPO GRANDE;;;COLISÃO LATERAL;0;1;0;0;0;1;0;0;0;1;0;Longo da via;Bom;Não existe;Perfeito estado;Seca;Perfeito estado;Não existe;Não há placas;;Dupla;Faixa contínua;Faixa seccionada;
202229253;07/12/2022;;COM VÍTIMA;FINALIZADA;IBURA;RUA RIO XINGU;115;AV DOIS RIOS;IBURA;;;ATROPELAMENTO DE PESSOA;0;1;0;0;1;0;0;0;0;1;0;Longo da via;Bom;Não existe;Não existente;Seca;Mal conservada;Não existe;Não há placas;;Dupla;Não existe;;
202229254;07/12/2022;;COM VÍTIMA;FINALIZADA;CAXANGÁ;AV CAXANGA;2271;;CAXANGÁ;;CIDADE;COLISÃO FRONTAL;0;2;0;0;0;0;0;0;0;1;0;Cruzamento;Bom;Sem defeito;Perfeito estado;Seca;Perfeito estado;Faixa de pedestre;Outras;;Dupla;;;
202229255;07/12/2022;;COM VÍTIMA;FINALIZADA;IMBIRIBEIRA;AV MARECHAL MASCARENHAS DE MORAES;;;IMBIRIBEIRA;;CIDADE;ATROPELAMENTO DE PESSOA;0;1;0;0;0;0;0;0;0;2;0;Longo da via;Bom;;Perfeito estado;Seca;Perfeito estado;Não existe;R-19;60 km/h;Dupla;Canteiro central;;
202229294;08/12/2022;;SEM VÍTIMA;FINALIZADA;SÃO JOSÉ;AV SUL;;RUA LOURENCO DA SILVA;SÃO JOSÉ;;CIDADE;ATROPELAMENTO DE ANIMAL;0;0;0;0;0;0;0;0;0;0;0;;;;;;;;;;;;;
202229301;08/12/2022;;COM VÍTIMA;FINALIZADA;SANCHO;AV LIBERDADE;135;;SANCHO;;;COLISÃO FRONTAL;1;1;0;0;0;0;0;0;0;1;0;Cruzamento;Bom;Não existe;Incompleta;Seca;Mal conservada;Não existe;R-6a;40 km/h;Dupla;Não existe;;
202229306;08/12/2022;;COM VÍTIMA;FINALIZADA;SÃO JOSÉ;RUA IMPERIAL;1898;;SÃO JOSÉ;;;COLISÃO LATERAL;1;1;0;0;0;0;0;0;0;1;0;Longo da via;Bom;Não existe;Não existente;Seca;Perfeito estado;Não existe;Não há placas;;Única;Não existe;;
202229319;08/12/2022;;COM VÍTIMA;FINALIZADA;SÃO JOSÉ;AV MARTINS DE BARROS;593;;SÃO JOSÉ;;;COLISÃO TRASEIRA;0;0;0;0;0;2;0;0;0;3;0;Outros;Bom;Sem defeito;Perfeito estado;Seca;Perfeito estado;Outros;R-6c;;Única;Faixa seccionada;;
202229328;08/12/2022;;SEM VÍTIMA;FINALIZADA;CASA AMARELA;AV NORTE MIGUEL ARRAES DE ALENCAR;;;CASA AMARELA;;SUBURBIO;CHOQUE;2;1;0;0;0;0;0;0;0;0;0;Longo da via;Bom;Não existe;Perfeito estado;Seca;Perfeito estado;Não existe;Não há placas;60 km/h;Dupla;Canteiro central;;
202229330;08/12/2022;;COM VÍTIMA;FINALIZADA;IMBIRIBEIRA;RUA DUQUE ESTRADA;160;;IMBIRIBEIRA;;;CHOQUE;2;0;0;0;0;0;0;0;0;2;0;Longo da via;Bom;;Perfeito estado;Seca;Perfeito estado;Não existe;"Placas ""Pare""";;Dupla;Não existe;;
202229334;08/12/2022;;COM VÍTIMA;FINALIZADA;SÃO JOSÉ;RUA IMPERIAL;217;RUA LOURENCO DA SILVA;SÃO JOSÉ;;;COLISÃO TRANSVERSAL;1;1;0;0;0;0;0;0;0;1;0;Cruzamento;Bom;Não existe;Não existente;Seca;Perfeito estado;Não existe;Não há placas;;Única;Faixa seccionada;;
202229343;08/12/2022;;COM VÍTIMA;FINALIZADA;BOA VIAGEM;RUA DEZ DE JULHO;210;;BOA VIAGEM;;;COLISÃO FRONTAL;1;1;0;0;0;0;0;0;0;1;0;Cruzamento;Bom;Não existe;Perfeito estado;Seca;Perfeito estado;Faixa de pedestre;"Placas ""Pare""";;Dupla;Não existe;;
202229358;09/12/2022;;COM VÍTIMA;FINALIZADA;TAMARINEIRA;RUA PADRE ROMA;160;;TAMARINEIRA;;;COLISÃO LATERAL;1;1;0;0;0;0;0;0;0;1;0;Longo da via;Bom;Sem defeito;Perfeito estado;Seca;Perfeito estado;Faixa de retenção;Não há placas;;Única;Faixa contínua;;
202229375;09/12/2022;;SEM VÍTIMA;FINALIZADA;SANTO AMARO;AV CRUZ CABUGA;;;SANTO AMARO;;;COLISÃO FRONTAL;1;0;0;0;0;0;0;1;0;0;0;Cruzamento;Bom;Sem defeito;Perfeito estado;Seca;Perfeito estado;Faixa de pedestre;R-6a;;Dupla;Faixa contínua;;
202229380;09/12/2022;;COM VÍTIMA;FINALIZADA;BOA VISTA;RUA DO PRINCIPE;652;;BOA VISTA;;;COLISÃO TRASEIRA;1;0;0;0;0;0;0;0;0;1;0;Longo da via;Bom;Não existe;Perfeito estado;Seca;Perfeito estado;Faixa de pedestre;Não há placas;;Única;Faixa contínua;;
202229388;09/12/2022;;COM VÍTIMA;FINALIZADA;IMBIRIBEIRA;AV MARECHAL MASCARENHAS DE MORAES;841;;IMBIRIBEIRA;;;COLISÃO LATERAL;1;1;0;0;0;0;0;0;0;1;0;Cruzamento;Bom;Sem defeito;Perfeito estado;Seca;Perfeito estado;Faixa de pedestre;R-6a;;Dupla;Canteiro central;;
202229399;09/12/2022;;COM VÍTIMA;FINALIZADA;IPSEP;RUA JEAN EMILE FAVRE;;;IPSEP;70;;COLISÃO TRASEIRA;1;1;0;0;0;0;0;0;0;1;0;Cruzamento;Bom;Sem defeito;Perfeito estado;Seca;Perfeito estado;Faixa de pedestre;R-6a;;Dupla;Faixa contínua;;
202229431;10/12/2022;;VÍTIMA FATAL;FINALIZADA;TORRÕES;AV ENGENHEIRO ABDIAS DE CARVALHO;;;TORRÕES;;;TOMBAMENTO;1;0;0;0;0;0;0;0;0;1;4;;;;;;;;;;;;;
202229473;10/12/2022;;COM VÍTIMA;CANCELADA;TEJIPIÓ;AV LIBERDADE;;;TEJIPIÓ;;;COLISÃO LATERAL;1;1;0;0;0;0;0;0;0;1;0;;;;;;;;;;;;;
202229492;10/12/2022;;COM VÍTIMA;FINALIZADA;CAXANGÁ;RUA EMILIANO BRAGA;;;CAXANGÁ;;;COLISÃO LATERAL;2;0;0;0;0;0;0;0;0;1;0;Cruzamento;Chuvoso;Não existe;Incompleta;Seca;Perfeito estado;Faixa de pedestre;R-6a;;Única;Faixa contínua;Faixa seccionada;
202229494;10/12/2022;;COM VÍTIMA;FINALIZADA;LINHA DO TIRO;RUA URIEL DE HOLANDA;1800;;LINHA DO TIRO;;;COLISÃO FRONTAL;1;1;0;0;0;0;0;0;0;1;0;Esquina;Bom;Não existe;Perfeito estado;Seca;Perfeito estado;Não existe;R-6a;30 km/h;Dupla;Não existe;;
202229543;11/12/2022;;COM VÍTIMA;FINALIZADA;IBURA;RUA PINTOR AGENOR DE ALBUQUERQUE CESAR;190;;IBURA;;;COLISÃO FRONTAL;0;3;0;0;0;0;0;0;0;2;0;Longo da via;Bom;Não existe;Não existente;Seca;Mal conservada;Não existe;Não há placas;;Dupla;Não existe;;
202229554;11/12/2022;;COM VÍTIMA;FINALIZADA;GRAÇAS;AV GOVERNADOR AGAMENON MAGALHAES;;;GRAÇAS;;;COLISÃO TRASEIRA;2;1;0;0;0;0;0;0;0;1;0;Longo da via;Bom;Não existe;Não existente;Seca;Perfeito estado;Não existe;Não há placas;;Única;Faixa seccionada;;
202229557;11/12/2022;;SEM VÍTIMA;FINALIZADA;JARDIM SÃO PAULO;AV RECIFE;;;JARDIM SÃO PAULO;705;SUBURBIO;COLISÃO TRASEIRA;2;0;0;0;0;0;0;0;0;0;0;Longo da via;Bom;Sem defeito;;Seca;Perfeito estado;Faixa de pedestre;"Placas ""Dê a preferência""";;Dupla;Canteiro central;;
202229568;11/12/2022;;COM VÍTIMA;FINALIZADA;BOA VIAGEM;RUA VISCONDE DE JEQUITINHONHA;;RUA BALTAZAR PASSOS;BOA VIAGEM;154;;COLISÃO COM CICLISTA;1;0;0;1;0;0;0;0;0;1;0;Cruzamento;Bom;Sem defeito;Perfeito estado;Seca;Perfeito estado;Faixa de pedestre;Outras;;Dupla;Faixa contínua;;
202229589;11/12/2022;;COM VÍTIMA;FINALIZADA;BARRO;AV DR JOSE RUFINO;2134;;BARRO;;;COLISÃO LATERAL;1;1;0;0;0;0;0;0;0;2;0;Longo da via;Bom;;Perfeito estado;Seca;Perfeito estado;Faixa de pedestre;;;Dupla;Faixa contínua;;
202229595;12/12/2022;;COM VÍTIMA;FINALIZADA;ENCRUZILHADA;AV NORTE MIGUEL ARRAES DE ALENCAR;;;ENCRUZILHADA;;;COLISÃO COM CICLISTA;0;1;0;1;0;0;0;0;0;1;0;Longo da via;Bom;Sem defeito;Perfeito estado;Seca;Perfeito estado;Faixa de pedestre;Não há placas;60 km/h;Dupla;Canteiro central;;
202229602;12/12/2022;;COM VÍTIMA;FINALIZADA;APIPUCOS;RUA DE APIPUCOS;704;;APIPUCOS;;;COLISÃO TRASEIRA;1;1;0;0;0;0;0;0;0;1;0;Esquina;Bom;Sem defeito;Perfeito estado;Seca;Perfeito estado;Faixa de pedestre;Outras;;Dupla;Faixa contínua;;
202229633;12/12/2022;;COM VÍTIMA;FINALIZADA;MADALENA;RUA JOAO IVO DA SILVA;;;MADALENA;;;COLISÃO TRASEIRA;1;1;0;0;0;0;0;0;0;1;0;Longo da via;Bom;Não existe;Perfeito estado;Seca;Perfeito estado;Não existe;;60 km/h;Única;;;
202229636;12/12/2022;;SEM VÍTIMA;FINALIZADA;IPUTINGA;RUA SANTA LUCIA;450;;IPUTINGA;;SUBURBIO;;1;0;0;0;0;0;0;1;0;0;0;Longo da via;Bom;Não existe;Não existente;Seca;Perfeito estado;Não existe;Não há placas;;Dupla;Faixa contínua;;
202229648;12/12/2022;;COM VÍTIMA;FINALIZADA;BOA VIAGEM;RUA RIBEIRO DE BRITO;3984;;BOA VIAGEM;;CIDADE;COLISÃO LATERAL;1;1;0;0;0;0;0;0;0;1;0;Longo da via;Bom;Não existe;Perfeito estado;Seca;Perfeito estado;Não existe;Não há placas;60 km/h;Única;Faixa contínua;;
202229649;12/12/2022;;COM VÍTIMA;FINALIZADA;CAMPO GRANDE;EST DE BELEM;836;;CAMPO GRANDE;;;COLISÃO FRONTAL;1;1;0;0;0;0;0;0;0;1;0;Cruzamento;Bom;Sem defeito;Incompleta;Seca;Perfeito estado;Faixa de pedestre;R-6a;60 km/h;Dupla;Faixa contínua;Faixa seccionada;
202229658;12/12/2022;;COM VÍTIMA;FINALIZADA;BOA VIAGEM;RUA SA E SOUZA;78;RUA ANTONIO VICENTE;BOA VIAGEM;;;COLISÃO LATERAL;1;1;0;0;0;0;0;0;0;1;0;Cruzamento;Bom;Não existe;Incompleta;Seca;Perfeito estado;Outros;"Placas ""Pare""";30 km/h;Dupla;Faixa seccionada;;
202229664;12/12/2022;;COM VÍTIMA;FINALIZADA;AFOGADOS;PRC DA PAZ;;;AFOGADOS;;;COLISÃO TRASEIRA;2;1;0;0;0;0;0;0;0;1;0;Longo da via;Bom;Não existe;Incompleta;Seca;Perfeito estado;Faixa de pedestre;Outras;;Única;Não existe;;
202229676;12/12/2022;;COM VÍTIMA;FINALIZADA;AREIAS;AV RECIFE;2965;;AREIAS;;;COLISÃO TRASEIRA;1;1;0;0;0;0;0;0;0;2;0;Longo da via;Bom;Não existe;Perfeito estado;Seca;Perfeito estado;Não existe;Não há placas;60 km/h;Dupla;Canteiro central;;
202229701;12/12/2022;;COM VÍTIMA;FINALIZADA;JIQUIÁ;RUA ANTONIO CARNEIRO;514;;JIQUIÁ;;;COLISÃO FRONTAL;1;0;0;0;0;0;0;1;0;1;0;Cruzamento;Bom;Não existe;Não existente;Seca;Perfeito estado;Não existe;"Placas ""Pare""";;Dupla;Não existe;;
202229704;13/12/2022;;SEM VÍTIMA;FINALIZADA;DOIS IRMÃOS;RUA DOIS IRMAOS;;AV DA RECUPERACAO;DOIS IRMÃOS;416;SUBURBIO;CHOQUE;1;0;0;0;0;0;0;0;0;0;0;Cruzamento;Bom;Sem defeito;Perfeito estado;Seca;Perfeito estado;Faixa de pedestre;;;Dupla;Faixa contínua;;