Protocolo;data;hora;natureza;situacao;bairro;endereco;numero;detalhe_endereco_acidente;bairro_cruzamento;num_semaforo;sentido_via;tipo;auto;moto;ciclom;ciclista;pedestre;onibus;caminhao;viatura;outros;vitimas;vitimasfatais;acidente_verificado;tempo_clima;situacao_semaforo;sinalizacao;condicao_via;conservacao_via;ponto_controle;situacao_placa;velocidade_max_via;mao_direcao;divisao_via1;divisao_via2;divisao_via3
202229720;13/12/2022;;COM VÍTIMA;FINALIZADA;SÃO JOSÉ;RUA VIDAL DE NEGREIROS;;RUA SAO JOAO;SÃO JOSÉ;;;COLISÃO FRONTAL;1;1;0;0;0;0;0;0;0;1;0;Cruzamento;Bom;Não existe;Incompleta;Seca;Perfeito estado;Não existe;Outras;40 km/h;Única;Não existe;;
202229727;13/12/2022;;SEM VÍTIMA;FINALIZADA;ESPINHEIRO;AV GOVERNADOR AGAMENON MAGALHAES;1800;;ESPINHEIRO;108;CIDADE;;1;0;0;0;0;0;0;1;0;0;0;Longo da via;Bom;Sem defeito;Perfeito estado;Seca;Perfeito estado;Faixa de pedestre;Não há placas;60 km/h;Dupla;Canteiro central;;
202229737;13/12/2022;;COM VÍTIMA;FINALIZADA;BOA VIAGEM;RUA ZEFERINO GALVAO;68;;BOA VIAGEM;;;COLISÃO FRONTAL;1;0;0;1;0;0;0;0;0;1;0;Longo da via;Bom;Não existe;Não existente;Seca;Perfeito estado;Não existe;Não há placas;;Única;Não existe;;
202229740;13/12/2022;;SEM VÍTIMA;FINALIZADA;BOA VISTA;RUA DA GLORIA;322;;BOA VISTA;;CIDADE;CHOQUE;2;0;0;0;0;0;0;0;0;0;0;Longo da via;Bom;Sem defeito;Perfeito estado;Seca;Perfeito estado;Não existe;Não há placas;;Única;Não existe;;
202229757;13/12/2022;;COM VÍTIMA;FINALIZADA;PINA;AV ANTONIO DE GOES;;;PINA;;;COLISÃO TRANSVERSAL;1;1;0;0;0;0;0;0;0;1;0;Ponte;Bom;Sem defeito;Perfeito estado;Seca;Perfeito estado;Não existe;Não há placas;60 km/h;Única;Faixa seccionada;;
202229778;13/12/2022;;VÍTIMA FATAL;FINALIZADA;AREIAS;AV RECIFE;;;AREIAS;;;ATROPELAMENTO DE PESSOA;1;0;0;0;1;0;0;0;0;1;1;Longo da via;Bom;Não existe;Não existente;Seca;Perfeito estado;Não existe;Não há placas;;Dupla;Canteiro central;;
202229779;13/12/2022;;COM VÍTIMA;FINALIZADA;BOA VISTA;AV GOVERNADOR AGAMENON MAGALHAES;;RUA DOM BOSCO;BOA VISTA;174;OLINDA;ATROPELAMENTO DE PESSOA;0;0;0;0;1;0;0;0;0;1;0;Longo da via;Bom;Sem defeito;Perfeito estado;Seca;Perfeito estado;Agente;Outras;60 km/h;Dupla;Faixa contínua;;
202229799;13/12/2022;;COM VÍTIMA;FINALIZADA;BOA VIAGEM;AV BOA VIAGEM;2314;;BOA VIAGEM;;;COLISÃO TRASEIRA;1;1;0;0;0;0;0;0;0;1;0;Longo da via;Bom;Sem defeito;Perfeito estado;Seca;Perfeito estado;Não existe;Não há placas;;Única;Faixa seccionada;;
202229819;14/12/2022;;COM VÍTIMA;FINALIZADA;ARRUDA;RUA DAS MOCAS;1271;RUA EXP JAMIL DAGLI;ARRUDA;;;COLISÃO LATERAL;1;1;0;0;0;0;0;0;0;1;0;Esquina;Bom;Não existe;Incompleta;Seca;Perfeito estado;Faixa de pedestre;Outras;;Dupla;Não existe;;
202229890;14/12/2022;;COM VÍTIMA;FINALIZADA;IMBIRIBEIRA;AV MARECHAL MASCARENHAS DE MORAES;841;;IMBIRIBEIRA;;;COLISÃO FRONTAL;1;1;0;0;0;0;0;0;0;1;0;Cruzamento;Bom;Sem defeito;Perfeito estado;Seca;Perfeito estado;Faixa de retenção;Não há placas;60 km/h;Única;Canteiro central;;
202229900;14/12/2022;;COM VÍTIMA;FINALIZADA;IPSEP;RUA ITANAGE;77;RUA BLUMENAU;IPSEP;111;CIDADE;TOMBAMENTO;1;1;0;0;0;0;0;0;0;1;0;Longo da via;Bom;Não existe;Perfeito estado;Seca;Perfeito estado;Não existe;Não há placas;40 km/h;Dupla;Faixa seccionada;;
202229903;14/12/2022;;COM VÍTIMA;FINALIZADA;TEJIPIÓ;AV DR JOSE RUFINO;265;;TEJIPIÓ;;;COLISÃO LATERAL;0;1;0;0;0;1;0;0;0;1;0;Longo da via;Bom;Sem defeito;Não existente;Seca;Perfeito estado;Faixa de retenção;Não há placas;50 km/h;Dupla;Faixa contínua;;
202229905;14/12/2022;;SEM VÍTIMA;FINALIZADA;TORRE;RUA LAGOA DO RANCHO;;;TORRE;;;;0;0;0;0;0;0;1;0;1;0;0;Longo da via;Bom;Não existe;Perfeito estado;Seca;Perfeito estado;Não existe;Não há placas;20 km/h;Dupla;Faixa seccionada;;
202229919;14/12/2022;;COM VÍTIMA;FINALIZADA;PINA;AV HERCULANO BANDEIRA;;;PINA;;;QUEDA;1;1;0;0;0;0;0;0;0;1;0;;;;;;;;;;;;;
202229935;14/12/2022;;COM VÍTIMA;FINALIZADA;SANTO ANTÔNIO;RUA PRIMEIRO DE MARCO;;;SANTO ANTÔNIO;;;ATROPELAMENTO DE PESSOA;0;1;0;0;1;0;0;0;0;1;0;Longo da via;Bom;Sem defeito;Perfeito estado;Seca;Perfeito estado;Não existe;Não há placas;;Única;Não existe;;
202229965;15/12/2022;;COM VÍTIMA;FINALIZADA;SAN MARTIN;RUA DELMIRO GOUVEIA;333;;SAN MARTIN;;;COLISÃO LATERAL;0;0;0;0;0;0;0;0;0;1;0;Longo da via;Bom;Sem defeito;Perfeito estado;Seca;Perfeito estado;Não existe;Não há placas;;Dupla;Não existe;;
202229986;15/12/2022;;COM VÍTIMA;FINALIZADA;BOA VIAGEM;RUA CAMBOIM;;RUA DEZ DE JULHO;BOA VIAGEM;;;COLISÃO LATERAL;1;1;0;0;0;0;0;0;0;1;0;Cruzamento;Bom;Não existe;Perfeito estado;Seca;Perfeito estado;Faixa de pedestre;"Placas ""Pare""";30 km/h;Única;Faixa seccionada;;
202229991;15/12/2022;;COM VÍTIMA;FINALIZADA;CASA AMARELA;RUA BELA VISTA;102;;CASA AMARELA;;;COLISÃO LATERAL;0;1;0;0;0;0;1;0;0;1;0;Longo da via;Bom;;Perfeito estado;Seca;Perfeito estado;Não existe;Não há placas;;Única;Não existe;;
202229998;15/12/2022;;COM VÍTIMA;FINALIZADA;AFOGADOS;RUA VINTE E UM DE ABRIL;721;;AFOGADOS;;;COLISÃO LATERAL;1;1;0;0;0;0;0;0;0;1;0;Esquina;Bom;Não existe;Perfeito estado;Seca;Perfeito estado;Não existe;Outras;;Dupla;;;
202230006;15/12/2022;;COM VÍTIMA;FINALIZADA;PINA;AV ANTONIO DE GOES;792;;PINA;;;COLISÃO TRASEIRA;1;1;0;0;0;0;0;0;0;1;0;Longo da via;Bom;Sem defeito;Perfeito estado;Seca;Perfeito estado;Agente;R-19;60 km/h;Única;Canteiro central;;
202230013;15/12/2022;;COM VÍTIMA;FINALIZADA;MADALENA;RUA JOSE BONIFACIO;401;;MADALENA;;;COLISÃO LATERAL;1;1;0;0;0;0;0;0;0;1;0;Cruzamento;Bom;Não existe;Perfeito estado;Seca;Perfeito estado;Não existe;"Placas ""Pare""";;Única;Faixa seccionada;;
202230014;15/12/2022;;SEM VÍTIMA;FINALIZADA;PINA;AV REPUBLICA DO LIBANO;251;;PINA;;;COLISÃO LATERAL;1;1;0;0;0;0;0;0;0;0;0;Longo da via;Bom;Não existe;Perfeito estado;Seca;Perfeito estado;Não existe;Outras;;Única;;;
202230017;15/12/2022;;COM VÍTIMA;FINALIZADA;APIPUCOS;AV DEZESSETE DE AGOSTO;1056;;APIPUCOS;;CIDADE;COLISÃO FRONTAL;1;1;0;0;0;0;0;0;0;1;0;Longo da via;Bom;Sem defeito;Ilegível;Seca;Mal conservada;Faixa de retenção;Não há placas;;Dupla;Faixa contínua;;
202230024;15/12/2022;;SEM VÍTIMA;CANCELADA;TEJIPIÓ;RUA FALCAO DE LACERDA;;RUA JOAO PAULO II;TEJIPIÓ;;;COLISÃO TRANSVERSAL;1;0;0;0;0;0;0;0;0;0;0;;;;;;;;;;;;;
202230041;15/12/2022;;COM VÍTIMA;FINALIZADA;IPUTINGA;RUA LEAL DE BARROS;;;IPUTINGA;;;COLISÃO FRONTAL;1;1;0;0;0;0;0;0;0;1;0;Cruzamento;Bom;Não existe;Perfeito estado;Seca;Perfeito estado;Não existe;"Placas ""Pare""";;Dupla;Faixa seccionada;;
202230070;15/12/2022;;COM VÍTIMA;CANCELADA;NOVA DESCOBERTA;RUA NOVA DESCOBERTA;;;NOVA DESCOBERTA;;;COLISÃO FRONTAL;1;1;0;0;0;0;0;0;0;1;0;;;;;;;;;;;;;
202230085;16/12/2022;;COM VÍTIMA;FINALIZADA;SANTO AMARO;RUA TREZE DE MAIO;;;SANTO AMARO;;;COLISÃO TRANSVERSAL;1;0;0;0;0;1;0;0;0;3;0;Longo da via;Bom;Sem defeito;Perfeito estado;Seca;Perfeito estado;Faixa de retenção;R-6a;;Dupla;Canteiro central;;
202230109;16/12/2022;;SEM VÍTIMA;FINALIZADA;PARNAMIRIM;AV PARNAMIRIM;134;RUA TITO ROSAS;PARNAMIRIM;10;CIDADE;COLISÃO TRASEIRA;1;0;0;0;0;0;0;1;0;0;0;Cruzamento;Bom;Sem defeito;Perfeito estado;Seca;Perfeito estado;Faixa de pedestre;R-6a;;Única;Faixa contínua;;
202230110;16/12/2022;;COM VÍTIMA;FINALIZADA;VÁRZEA;AV CAXANGA;5293;;VÁRZEA;;;QUEDA;0;1;0;0;0;0;0;0;0;1;0;Longo da via;Bom;Não existe;Ilegível;Molhada;;Não existe;R-19;60 km/h;Dupla;Canteiro central;;
202230116;16/12/2022;;COM VÍTIMA;FINALIZADA;APIPUCOS;RUA DOIS IRMAOS;15;;APIPUCOS;;;COLISÃO LATERAL;1;1;0;0;0;0;0;0;0;1;0;Esquina;Bom;Sem defeito;Perfeito estado;Seca;Perfeito estado;Outros;Outras;;Dupla;Faixa;;
202230117;16/12/2022;;COM VÍTIMA;FINALIZADA;IPSEP;RUA JEAN EMILE FAVRE;1001;;IPSEP;;;ATROPELAMENTO DE PESSOA;0;1;0;0;1;0;0;0;0;1;0;Longo da via;Bom;Não existe;;Seca;Perfeito estado;Não existe;R-6a;30 km/h;Dupla;Outros;;
202230141;16/12/2022;;SEM VÍTIMA;FINALIZADA;CAMPO GRANDE;AV GOVERNADOR AGAMENON MAGALHAES;;;CAMPO GRANDE;;SUBURBIO;;1;0;0;0;0;0;0;1;0;0;0;Longo da via;Bom;Não existe;Não existente;Seca;Perfeito estado;Não existe;Não há placas;;Única;Não existe;;
202230202;16/12/2022;;COM VÍTIMA;FINALIZADA;MADALENA;RUA MENEZES DRUMOND;271;;MADALENA;;;COLISÃO FRONTAL;1;1;0;0;0;0;0;0;0;1;0;Cruzamento;Bom;Não existe;Perfeito estado;Seca;Perfeito estado;Faixa de pedestre;"Placas ""Pare""";;Dupla;Não existe;;
202230212;16/12/2022;;COM VÍTIMA;CANCELADA;PARNAMIRIM;RUA TITO ROSAS;375;;PARNAMIRIM;;;COLISÃO FRONTAL;0;2;0;0;0;0;0;0;0;2;0;;;;;;;;;;;;;
202230216;16/12/2022;;COM VÍTIMA;FINALIZADA;BOA VIAGEM;AV ENGENHEIRO DOMINGOS FERREIRA;;;BOA VIAGEM;;;COLISÃO FRONTAL;1;1;0;0;0;0;0;0;0;1;0;Longo da via;Bom;Não existe;Perfeito estado;Seca;Perfeito estado;Não existe;Não há placas;60 km/h;Dupla;Canteiro central;;
202230222;16/12/2022;;SEM VÍTIMA;FINALIZADA;BOA VISTA;RUA HENRIQUE DIAS;208;;BOA VISTA;;CIDADE;CHOQUE;1;0;0;0;0;0;1;0;0;0;0;Longo da via;Bom;Não existe;Perfeito estado;Seca;Perfeito estado;Não existe;R-6a;;Única;Faixa seccionada;;
202230247;17/12/2022;;COM VÍTIMA;FINALIZADA;ÁGUA FRIA;AV BEBERIBE;;;ÁGUA FRIA;;;COLISÃO TRANSVERSAL;0;2;0;0;0;0;0;0;0;2;0;Longo da via;Bom;Não existe;Ilegível;Seca;Mal conservada;Não existe;"Placas ""Pare""";30 km/h;Dupla;Outros;;
202230253;17/12/2022;;COM VÍTIMA;FINALIZADA;AFOGADOS;RUA VINTE E UM DE ABRIL;220;;AFOGADOS;;;COLISÃO COM CICLISTA;1;0;0;1;0;0;0;0;0;1;0;Longo da via;Bom;Sem defeito;Perfeito estado;Seca;Perfeito estado;Faixa de pedestre;Não há placas;;Única;Não existe;;
202230254;17/12/2022;;COM VÍTIMA;FINALIZADA;CASA AMARELA;RUA DA HARMONIA;599;;CASA AMARELA;;;COLISÃO FRONTAL;1;1;0;0;0;0;0;0;0;1;0;Cruzamento;Bom;Não existe;Perfeito estado;Seca;Perfeito estado;Não existe;Outras;30 km/h;Dupla;Faixa seccionada;;
202230274;17/12/2022;;COM VÍTIMA;FINALIZADA;DERBY;AV GOVERNADOR AGAMENON MAGALHAES;211;;DERBY;;;QUEDA;0;1;0;0;0;0;0;0;0;2;0;Longo da via;Bom;Não existe;Perfeito estado;Seca;Mal conservada;Não existe;Outras;60 km/h;Única;Faixa seccionada;;
202230280;17/12/2022;;COM VÍTIMA;FINALIZADA;SÃO JOSÉ;RUA IMPERIAL;1217;RUA BOM SUCESSO;SÃO JOSÉ;;SUBURBIO;COLISÃO FRONTAL;1;1;0;0;0;0;0;0;0;1;0;Cruzamento;Bom;Não existe;Incompleta;Seca;Perfeito estado;Não existe;R-6a;60 km/h;Única;Faixa seccionada;;
202230289;17/12/2022;;COM VÍTIMA;FINALIZADA;SAN MARTIN;RUA COMENDADOR JOSE VITA;;RUA MOSSORO;SAN MARTIN;;;COLISÃO LATERAL;1;1;0;0;0;0;0;0;0;1;0;Cruzamento;Bom;Não existe;Não existente;Seca;Perfeito estado;Não existe;Não há placas;30 km/h;Dupla;Não existe;;
202230290;17/12/2022;;SEM VÍTIMA;FINALIZADA;ÁGUA FRIA;RUA DR PEREIRA DA SILVA;88;;ÁGUA FRIA;;;COLISÃO TRASEIRA;1;0;0;0;0;0;1;0;0;0;0;;;;;;;;;;;;;
202230322;17/12/2022;;COM VÍTIMA;FINALIZADA;VASCO DA GAMA;RUA VASCO DA GAMA;1895;;VASCO DA GAMA;;;COLISÃO FRONTAL;1;1;0;0;0;0;0;0;0;2;0;;;;;;;;;;;;;
202230326;18/12/2022;;COM VÍTIMA;FINALIZADA;SÃO JOSÉ;RUA IMPERIAL;;;SÃO JOSÉ;511;SUBURBIO;;1;1;0;0;0;0;0;0;0;1;0;Cruzamento;Bom;Sem defeito;Perfeito estado;Seca;Perfeito estado;Faixa de pedestre;Não há placas;;Única;Faixa seccionada;;
202230340;18/12/2022;;COM VÍTIMA;FINALIZADA;BOA VIAGEM;RUA DES JOAO PAES;66;;BOA VIAGEM;;;COLISÃO LATERAL;1;1;0;0;0;0;0;0;0;1;0;Cruzamento;Bom;Não existe;Perfeito estado;Seca;Perfeito estado;Faixa de pedestre;"Placas ""Pare""";;Única;Não existe;;
202230391;18/12/2022;;COM VÍTIMA;FINALIZADA;MADALENA;RUA DEMOCRITO DE SOUZA FILHO;477;;MADALENA;;;COLISÃO LATERAL;1;1;0;0;0;0;0;0;0;1;0;Cruzamento;Bom;Não existe;Perfeito estado;Seca;Perfeito estado;Não existe;Não há placas;30 km/h;Única;Não existe;;
202230421;19/12/2022;;COM VÍTIMA;FINALIZADA;SANTO AMARO;AV GOVERNADOR AGAMENON MAGALHAES;2615;;SANTO AMARO;;SUBURBIO;COLISÃO TRASEIRA;1;1;0;0;0;0;0;0;0;2;0;Longo da via;Bom;Não existe;Perfeito estado;Seca;Perfeito estado;Não existe;Não há placas;60 km/h;Dupla;Faixa contínua;;
202230426;19/12/2022;;COM VÍTIMA;FINALIZADA;SANTO ANTÔNIO;RUA IMPERADOR PEDRO SEGUNDO;446;RUA PRIMEIRO DE MARCO;SANTO ANTÔNIO;18;CIDADE;QUEDA;0;1;0;0;0;0;0;0;0;1;0;Cruzamento;Bom;Sem defeito;Perfeito estado;Oleosa;Perfeito estado;Faixa de pedestre;Não há placas;40 km/h;Única;Faixa seccionada;;
202230428;19/12/2022;;SEM VÍTIMA;FINALIZADA;MADALENA;AV VISCONDE DE ALBUQUERQUE;137;;MADALENA;;CIDADE;COLISÃO TRASEIRA;0;0;0;0;0;1;0;1;0;0;0;Longo da via;Bom;Não existe;Perfeito estado;Seca;Perfeito estado;Não existe;Outras;;Única;Faixa seccionada;;
202230429;19/12/2022;;COM VÍTIMA;FINALIZADA;TORRE;RUA JOSE BONIFACIO;1210;RUA MARCOS ANDRE;TORRE;487;SUBURBIO;COLISÃO LATERAL;1;1;0;0;0;0;0;0;0;1;0;Longo da via;Bom;Sem defeito;Perfeito estado;Seca;Perfeito estado;Não existe;R-6a;;Dupla;Faixa seccionada;Canteiro central;
202230431;19/12/2022;;COM VÍTIMA;FINALIZADA;CASA AMARELA;RUA CONS NABUCO;271;RUA ANTONIO DE CASTRO;CASA AMARELA;;CIDADE;COLISÃO LATERAL;1;1;0;0;0;0;0;0;0;2;0;Longo da via;Bom;Não existe;Perfeito estado;Seca;Perfeito estado;;R-6a;;Dupla;Não existe;;
202230441;19/12/2022;;COM VÍTIMA;FINALIZADA;CASA AMARELA;AV NORTE MIGUEL ARRAES DE ALENCAR;5623;;CASA AMARELA;;CIDADE;COLISÃO LATERAL;1;1;0;0;0;0;0;0;0;1;0;Longo da via;Bom;Não existe;Perfeito estado;Seca;Perfeito estado;Não existe;Não há placas;;Dupla;Canteiro central;;
202230448;30/11/2022;;COM VÍTIMA;FINALIZADA;DERBY;AV GOVERNADOR AGAMENON MAGALHAES;;;DERBY;75;OLINDA;COLISÃO TRASEIRA;0;2;0;0;0;0;0;0;0;1;0;Longo da via;Chuvoso;Sem defeito;Perfeito estado;Molhada;Perfeito estado;Agente;;60 km/h;Única;Faixa contínua;Faixa seccionada;
202230453;02/12/2022;;COM VÍTIMA;FINALIZADA;BOA VIAGEM;AVENIDA CELSO FURTADO (VIA MANGUE);165;;BOA VIAGEM;;CIDADE;ATROPELAMENTO DE PESSOA;1;0;0;0;2;0;0;0;0;2;0;Viaduto;Bom;Não existe;Perfeito estado;Seca;Perfeito estado;Não existe;Não há placas;;Única;Não existe;;
202230454;03/12/2022;;COM VÍTIMA;FINALIZADA;AFOGADOS;RUA SANTOS ARAUJO;;;AFOGADOS;;CIDADE;COLISÃO LATERAL;0;1;0;0;0;0;0;0;0;1;0;Longo da via;Bom;Sem defeito;Perfeito estado;Seca;Perfeito estado;Agente;Outras;;Única;Faixa seccionada;;
202230462;19/12/2022;;COM VÍTIMA;FINALIZADA;CORDEIRO;RUA GOMES TABORDA;869;RUA FREI TEOFILO DE VIRGOLETTA;CORDEIRO;;CIDADE;COLISÃO LATERAL;0;1;0;0;0;0;0;0;1;1;0;Esquina;Bom;Não existe;Não existente;Seca;Mal conservada;Não existe;Não há placas;;Dupla;Não existe;;
202230465;19/12/2022;;COM VÍTIMA;CANCELADA;PRADO;RUA CARLOS GOMES;932;;PRADO;;;COLISÃO LATERAL;1;1;0;0;0;0;0;0;0;1;0;;;;;;;;;;;;;
202230467;19/12/2022;;COM VÍTIMA;FINALIZADA;ILHA DO LEITE;AV LINS PETIT;161;;ILHA DO LEITE;;SUBURBIO;COLISÃO LATERAL;1;1;0;0;0;0;0;0;0;1;0;Longo da via;Bom;Não existe;Não existente;Seca;Perfeito estado;Não existe;Outras;40 km/h;Única;Não existe;;
202230469;19/12/2022;;SEM VÍTIMA;FINALIZADA;IPUTINGA;AV MAURICIO DE NASSAU;156;AV PROFESSOR JOAQUIM CAVALCANTI;IPUTINGA;;CIDADE;;1;0;0;0;0;0;1;0;0;0;0;Outros;Bom;Não existe;Perfeito estado;Seca;Perfeito estado;Não existe;Outras;;Dupla;;;
202230471;19/12/2022;;SEM VÍTIMA;FINALIZADA;TORRE;RUA REAL DA TORRE;1275;RUA CONDE DE IRAJA;TORRE;106;SUBURBIO;COLISÃO FRONTAL;1;1;0;0;0;0;0;1;0;0;0;Longo da via;Bom;Sem defeito;Perfeito estado;Seca;Perfeito estado;Faixa de pedestre;;;Única;;;
202230503;19/12/2022;;COM VÍTIMA;FINALIZADA;ILHA JOANA BEZERRA;AV BEIRA RIO;;;ILHA JOANA BEZERRA;;SUBURBIO;COLISÃO LATERAL;1;1;0;0;0;0;0;0;0;1;0;Longo da via;Bom;Não existe;Perfeito estado;Seca;Perfeito estado;Não existe;R-6a;;Dupla;Faixa contínua;;
202230505;19/12/2022;;SEM VÍTIMA;FINALIZADA;BOA VIAGEM;RUA DR GASPAR REGUEIRA COSTA;36;;BOA VIAGEM;;;COLISÃO LATERAL;2;0;0;0;0;0;0;0;0;0;0;;;;;;;;;;;;;
202230514;19/12/2022;;COM VÍTIMA;FINALIZADA;SAN MARTIN;AV CONSUL VILARES FRAGOSO;;RUA OUREM;SAN MARTIN;;CIDADE;COLISÃO LATERAL;1;1;0;0;0;0;0;0;0;2;0;Esquina;Bom;Não existe;Perfeito estado;Seca;Perfeito estado;Não existe;Não há placas;;Dupla;Não existe;;
202230517;19/12/2022;;COM VÍTIMA;FINALIZADA;CAMPO GRANDE;RUA ODORICO MENDES;206;RUA VISCONDE DE CAIRU;CAMPO GRANDE;;;COLISÃO LATERAL;1;1;0;0;0;0;0;0;0;2;0;Cruzamento;Bom;Não existe;Perfeito estado;Seca;Perfeito estado;Não existe;R-1;;Dupla;Não existe;;
202230520;20/12/2022;;SEM VÍTIMA;CANCELADA;BOA VIAGEM;AV ENGENHEIRO DOMINGOS FERREIRA;844;;BOA VIAGEM;;;CHOQUE;1;0;0;0;0;0;0;0;0;0;0;;;;;;;;;;;;;
202230535;20/12/2022;;COM VÍTIMA;FINALIZADA;JARDIM SÃO PAULO;RUA OSORIO BORBA;338;AV SAO PAULO;JARDIM SÃO PAULO;;CIDADE;ATROPELAMENTO DE PESSOA;1;0;0;0;1;0;0;0;0;1;0;Cruzamento;Bom;Não existe;Incompleta;Seca;Perfeito estado;Não existe;R-6c;30 km/h;Única;Não existe;;
202230542;20/12/2022;;COM VÍTIMA;FINALIZADA;SAN MARTIN;AV ENGENHEIRO ABDIAS DE CARVALHO;;;SAN MARTIN;668;CIDADE;COLISÃO LATERAL;1;1;0;0;0;0;0;0;0;2;0;Longo da via;Bom;Sem defeito;Perfeito estado;Seca;Perfeito estado;Não existe;Não há placas;60 km/h;Dupla;Faixa contínua;Canteiro central;
202230573;20/12/2022;;COM VÍTIMA;FINALIZADA;CAXANGÁ;AV CAXANGA;;;CAXANGÁ;45;SUBURBIO;COLISÃO LATERAL;0;1;0;0;0;0;1;0;0;1;0;Longo da via;Bom;Sem defeito;Ilegível;Seca;Perfeito estado;;Não há placas;;Dupla;Canteiro central;;
202230580;20/12/2022;;COM VÍTIMA;FINALIZADA;CASA AMARELA;RUA CONS PERETTI;115;RUA OSCAR DE BARROS;CASA AMARELA;;SUBURBIO;COLISÃO LATERAL;1;0;0;0;0;0;1;0;0;1;0;Cruzamento;Bom;Não existe;Perfeito estado;Seca;Perfeito estado;Faixa de pedestre;"Placas ""Pare""";;Única;Faixa contínua;;
202230584;20/12/2022;;SEM VÍTIMA;FINALIZADA;COELHOS;RUA DOS COELHOS;186;;COELHOS;;SUBURBIO;;2;0;0;0;0;0;0;0;0;0;0;Longo da via;Bom;Não existe;Perfeito estado;Seca;Perfeito estado;Não existe;Não há placas;;Única;Não existe;;
202230586;20/12/2022;;COM VÍTIMA;FINALIZADA;AREIAS;AV DR JOSE RUFINO;;;AREIAS;156;CIDADE;COLISÃO LATERAL;1;1;0;0;0;0;0;0;0;1;0;Longo da via;Bom;Sem defeito;Perfeito estado;Seca;Perfeito estado;Faixa de pedestre;Não há placas;40 km/h;Dupla;Faixa contínua;;
202230588;20/12/2022;;COM VÍTIMA;FINALIZADA;BOA VIAGEM;RUA BRUNO VELOSO;;;BOA VIAGEM;;SUBURBIO;ATROPELAMENTO DE PESSOA;1;0;0;0;1;0;0;0;0;1;0;Longo da via;Bom;Não existe;Perfeito estado;Seca;Perfeito estado;Faixa de pedestre;R-6a;;Única;Não existe;;
202230593;16/12/2022;;COM VÍTIMA;FINALIZADA;SANTO AMARO;AV CRUZ CABUGA;212;;SANTO AMARO;523;SUBURBIO;ATROPELAMENTO DE PESSOA;1;0;0;0;1;0;0;0;0;1;0;Longo da via;Bom;Sem defeito;Perfeito estado;Seca;Perfeito estado;Faixa de pedestre;Não há placas;40 km/h;Dupla;;;
202230602;20/12/2022;;SEM VÍTIMA;FINALIZADA;CASA AMARELA;RUA BELA VISTA;;RUA ENGENHEIRO DOMBER;CASA AMARELA;;SUBURBIO;COLISÃO TRANSVERSAL;1;0;0;0;0;1;0;0;0;0;0;Cruzamento;Bom;Não existe;Incompleta;Seca;Perfeito estado;Não existe;Não há placas;;Dupla;Faixa seccionada;;
202230606;20/12/2022;;COM VÍTIMA;FINALIZADA;SÃO JOSÉ;RUA SANTA RITA;;;SÃO JOSÉ;76;CIDADE;QUEDA;0;1;0;0;0;0;0;0;0;1;0;Longo da via;Bom;Sem defeito;Perfeito estado;Seca;Perfeito estado;Não existe;;;Dupla;Faixa seccionada;;
202230621;20/12/2022;;COM VÍTIMA;FINALIZADA;ESTÂNCIA;AV ESTANCIA;;RUA MORAIS E SILVA;ESTÂNCIA;;;COLISÃO LATERAL;1;1;0;0;0;0;0;0;0;1;0;;;;;;;;;;;;;
202230622;20/12/2022;;COM VÍTIMA;FINALIZADA;SANCHO;RUA DO SANCHO;255;RUA APRIGIO GUIMARAES;SANCHO;;;COLISÃO TRASEIRA;2;0;0;0;0;0;0;0;0;1;0;Longo da via;Bom;Não existe;Não existente;Seca;Perfeito estado;Não existe;Não há placas;;Dupla;Não existe;;
202230629;20/12/2022;;SEM VÍTIMA;CANCELADA;PORTO DA MADEIRA;RUA NOVA ESPERANCA;99;RUA DR TRINDADE HENRIQUE;PORTO DA MADEIRA;;;COLISÃO FRONTAL;0;0;0;0;0;0;0;0;0;0;0;;;;;;;;;;;;;
202230630;20/12/2022;;COM VÍTIMA;FINALIZADA;VASCO DA GAMA;RUA VASCO DA GAMA;4095;;VASCO DA GAMA;;;ATROPELAMENTO DE PESSOA;0;0;0;0;1;1;0;0;0;1;0;Longo da via;Bom;Não existe;Não existente;Seca;Perfeito estado;Não existe;Não há placas;;Dupla;Não existe;;