Protocolo;data;hora;natureza;situacao;bairro;endereco;numero;detalhe_endereco_acidente;bairro_cruzamento;num_semaforo;sentido_via;tipo;auto;moto;ciclom;ciclista;pedestre;onibus;caminhao;viatura;outros;vitimas;vitimasfatais;acidente_verificado;tempo_clima;situacao_semaforo;sinalizacao;condicao_via;conservacao_via;ponto_controle;situacao_placa;velocidade_max_via;mao_direcao;divisao_via1;divisao_via2;divisao_via3
202230637;21/12/2022;;COM VÍTIMA;FINALIZADA;PRADO;AV ENGENHEIRO ABDIAS DE CARVALHO;1079;RUA JOAO IVO DA SILVA;PRADO;132;SUBURBIO;COLISÃO FRONTAL;0;1;0;0;0;0;1;0;0;1;0;Cruzamento;Bom;Sem defeito;Perfeito estado;Seca;Perfeito estado;Faixa de pedestre;Não há placas;;Dupla;Faixa contínua;Canteiro central;
202230660;21/12/2022;;COM VÍTIMA;FINALIZADA;CAMPO GRANDE;EST DE BELEM;1470;RUA TENENTE FORTUNA;CAMPO GRANDE;;;COLISÃO TRANSVERSAL;1;1;0;0;0;0;0;0;0;1;0;;;;;;;;;;;;;
202230662;21/12/2022;;COM VÍTIMA;FINALIZADA;IPUTINGA;RUA RIBEIRO PESSOA;;AV CAXANGA;IPUTINGA;281;CIDADE;COLISÃO FRONTAL;2;1;0;0;0;0;0;0;0;1;0;Cruzamento;Bom;Sem defeito;Perfeito estado;Seca;Perfeito estado;Agente;Outras;60 km/h;Única;Não existe;;
202230671;21/12/2022;;COM VÍTIMA;FINALIZADA;CORDEIRO;RUA SOUZA BANDEIRA;54;;CORDEIRO;;CIDADE;COLISÃO COM CICLISTA;1;0;0;1;0;0;0;0;0;1;0;Longo da via;Bom;Não existe;Perfeito estado;Seca;Perfeito estado;Não existe;Outras;;Única;Faixa seccionada;;
202230690;21/12/2022;;COM VÍTIMA;FINALIZADA;SAN MARTIN;AV JOAO CABRAL DE MELO NETO;416;;SAN MARTIN;;CIDADE;ATROPELAMENTO DE PESSOA;1;0;0;0;1;0;0;0;0;1;0;Ponte;Bom;Não existe;Não existente;Seca;Perfeito estado;Não existe;Não há placas;;Dupla;Canteiro central;;
202230693;21/12/2022;;COM VÍTIMA;FINALIZADA;TORRE;RUA JOSE BONIFACIO;1315;;TORRE;;;COLISÃO FRONTAL;1;1;0;0;0;0;0;0;0;1;0;Outros;Bom;;Perfeito estado;Seca;Perfeito estado;Não existe;Não há placas;;Única;Faixa seccionada;;
202230696;21/12/2022;;COM VÍTIMA;FINALIZADA;ESPINHEIRO;RUA MARQUES DO PARANA;;RUA ALFREDO DE CARVALHO;ESPINHEIRO;;CIDADE;COLISÃO LATERAL;1;1;0;0;0;0;0;0;0;1;0;Cruzamento;Bom;Não existe;Perfeito estado;Seca;Perfeito estado;Faixa de retenção;"Placas ""Pare""";30 km/h;Única;Não existe;;
202230703;21/12/2022;;COM VÍTIMA;FINALIZADA;BARRO;AV DR JOSE RUFINO;1640;;BARRO;557;CIDADE;COLISÃO LATERAL;1;1;0;0;0;0;0;0;0;2;0;Esquina;Bom;Sem defeito;Incompleta;Seca;Mal conservada;Faixa de pedestre;Não há placas;;Dupla;Não existe;;
202230755;22/12/2022;;COM VÍTIMA;FINALIZADA;CASA AMARELA;AV NORTE MIGUEL ARRAES DE ALENCAR;6607;RUA BONITO DE SANTA FE;CASA AMARELA;256;CIDADE;COLISÃO COM CICLISTA;0;0;0;1;0;1;0;0;0;1;0;Longo da via;Nublado;Sem defeito;Perfeito estado;Seca;;;Outras;;Única;Canteiro central;;
202230761;22/12/2022;;COM VÍTIMA;FINALIZADA;IPSEP;RUA MANOEL BEKMANN;88;RUA ALEXANDRE ALMEIDA;IPSEP;;;COLISÃO FRONTAL;1;1;0;0;0;0;0;0;0;1;0;Longo da via;Bom;Não existe;Não existente;Seca;;Não existe;Não há placas;;Dupla;Não existe;;
202230764;22/12/2022;;COM VÍTIMA;FINALIZADA;ILHA DO LEITE;RUA FRANCISCO ALVES;212;;ILHA DO LEITE;;CIDADE;COLISÃO LATERAL;1;1;0;0;0;0;0;0;0;1;0;Longo da via;Bom;Não existe;Perfeito estado;Seca;Perfeito estado;Não existe;Não há placas;40 km/h;Dupla;Faixa contínua;;
202230767;22/12/2022;;COM VÍTIMA;FINALIZADA;DERBY;PRC DO DERBY;;AV GOVERNADOR AGAMENON MAGALHAES;DERBY;;;COLISÃO LATERAL;0;1;0;0;0;1;0;0;0;1;0;Cruzamento;Bom;Sem defeito;Perfeito estado;Seca;Perfeito estado;Agente;Outras;60 km/h;Única;Faixa seccionada;;
202230774;22/12/2022;;COM VÍTIMA;FINALIZADA;BAIRRO DO RECIFE;RUA DA AURORA;;RUA PRINCESA IZABEL;BAIRRO DO RECIFE;;;COLISÃO FRONTAL;1;1;0;0;0;0;0;0;0;1;0;Cruzamento;Bom;Sem defeito;Perfeito estado;Seca;Perfeito estado;Faixa de retenção;Não há placas;;Única;Não existe;;
202230806;22/12/2022;;COM VÍTIMA;FINALIZADA;CAMPO GRANDE;EST DE BELEM;692;;CAMPO GRANDE;504;;COLISÃO FRONTAL;1;1;0;0;0;0;0;0;0;1;0;Cruzamento;Bom;Sem defeito;Perfeito estado;Seca;Perfeito estado;;R-6a;;Dupla;Faixa contínua;;
202230813;22/12/2022;;COM VÍTIMA;FINALIZADA;AREIAS;RUA IPOJUCA;273;;AREIAS;;;COLISÃO FRONTAL;1;1;0;0;0;0;0;0;0;1;0;Cruzamento;Bom;Não existe;Incompleta;Seca;Mal conservada;Não existe;"Placas ""Pare""";30 km/h;Dupla;Não existe;;
202230832;22/12/2022;;COM VÍTIMA;FINALIZADA;BOA VIAGEM;RUA ANTONIO FALCAO;735;;BOA VIAGEM;;;COLISÃO LATERAL;1;1;0;0;0;0;0;0;0;1;0;Cruzamento;Bom;Não existe;Perfeito estado;Seca;Perfeito estado;Não existe;R-6a;;Única;Faixa seccionada;;
202230856;22/12/2022;;COM VÍTIMA;FINALIZADA;SANTO AMARO;RUA DO PRINCIPE;526;;SANTO AMARO;;;COLISÃO FRONTAL;1;1;0;0;0;0;0;0;0;1;0;Longo da via;Bom;Não existe;Perfeito estado;Seca;Perfeito estado;Não existe;Não há placas;;Única;Faixa seccionada;;
202230887;23/12/2022;;COM VÍTIMA;FINALIZADA;CASA AMARELA;RUA MAJOR NEREU GUERRA;;RUA DR CARLOS MAVIGNIER;CASA AMARELA;;;COLISÃO FRONTAL;1;1;0;0;0;0;0;0;0;1;0;Cruzamento;Bom;Não existe;Não existente;Seca;Perfeito estado;Não existe;Não há placas;;Dupla;Não existe;;
202230900;23/12/2022;;COM VÍTIMA;CANCELADA;AREIAS;RUA CAMBUCA;142;;AREIAS;;;ATROPELAMENTO DE PESSOA;0;0;0;0;1;1;0;0;0;1;0;;;;;;;;;;;;;
202230925;23/12/2022;;COM VÍTIMA;FINALIZADA;AFOGADOS;RUA COSME VIANA;;;AFOGADOS;;;COLISÃO LATERAL;1;1;0;0;0;0;0;0;0;1;0;Longo da via;Bom;Não existe;Perfeito estado;Seca;Perfeito estado;Não existe;Outras;;Única;Não existe;;
202230926;23/12/2022;;COM VÍTIMA;FINALIZADA;IPSEP;AV RECIFE;;;IPSEP;;;COLISÃO LATERAL;1;1;0;0;0;0;0;0;0;1;0;Cruzamento;Bom;Sem defeito;Perfeito estado;Seca;Perfeito estado;Outros;Não há placas;60 km/h;Dupla;Canteiro central;;
202230928;23/12/2022;;COM VÍTIMA;FINALIZADA;BONGI;EST DO BONGI;955;;BONGI;;;QUEDA;0;1;0;0;0;0;0;0;0;1;0;Esquina;Bom;Não existe;Perfeito estado;Seca;Perfeito estado;Faixa de pedestre;Outras;;Dupla;Faixa contínua;;
202230957;23/12/2022;;COM VÍTIMA;FINALIZADA;SÃO JOSÉ;RUA IMPERIAL;;RUA BOM SUCESSO;SÃO JOSÉ;;SUBURBIO;COLISÃO TRANSVERSAL;1;1;0;0;0;0;0;0;0;1;0;Cruzamento;Bom;Não existe;Não existente;Seca;Perfeito estado;Não existe;Não há placas;;Única;Faixa seccionada;;
202230964;24/12/2022;;COM VÍTIMA;FINALIZADA;VÁRZEA;AV AFONSO OLINDENSE;;RUA DONA MARIA LACERDA;VÁRZEA;;;COLISÃO LATERAL;1;1;0;0;0;0;0;0;0;1;0;Longo da via;Bom;Não existe;Perfeito estado;Seca;Perfeito estado;Não existe;Não há placas;;Dupla;Faixa contínua;;
202230965;24/12/2022;;SEM VÍTIMA;FINALIZADA;SANTO AMARO;AV GOVERNADOR AGAMENON MAGALHAES;;AV DR JAYME DA FONTE;SANTO AMARO;;;COLISÃO TRASEIRA;2;0;0;0;0;0;0;0;0;0;0;;;;;;;;;;;;;
202230970;24/12/2022;;SEM VÍTIMA;FINALIZADA;BOA VIAGEM;AV FERNANDO SIMOES BARBOSA;558;RUA JORGE COUCEIRO DA COSTA EIRAS;BOA VIAGEM;;SUBURBIO;CHOQUE;1;0;0;0;0;0;0;0;0;0;0;;Chuvoso;Não existe;Perfeito estado;Molhada;Perfeito estado;Não existe;Não há placas;;Única;Faixa seccionada;;
202230971;24/12/2022;;COM VÍTIMA;FINALIZADA;BOA VIAGEM;AV ENGENHEIRO DOMINGOS FERREIRA;;;BOA VIAGEM;;;COLISÃO LATERAL;2;0;0;0;0;0;0;0;0;1;0;Cruzamento;Bom;Sem defeito;Perfeito estado;Seca;Perfeito estado;Faixa de pedestre;R-6a;;Única;Faixa seccionada;;
202230978;24/12/2022;;COM VÍTIMA;FINALIZADA;BEBERIBE;AV BEBERIBE;1772;;BEBERIBE;;;COLISÃO LATERAL;1;1;0;0;0;0;0;0;0;1;0;Esquina;Bom;Não existe;Perfeito estado;Seca;Perfeito estado;Faixa de pedestre;Outras;;Dupla;Faixa contínua;;
202230987;24/12/2022;;COM VÍTIMA;FINALIZADA;ILHA JOANA BEZERRA;VDO PAPA JOAO PAULO II;;;ILHA JOANA BEZERRA;;;COLISÃO TRASEIRA;1;1;0;0;0;0;0;0;0;1;0;Longo da via;Bom;Não existe;Ilegível;Seca;Mal conservada;Não existe;Não há placas;60 km/h;Dupla;Faixa contínua;;
202230990;24/12/2022;;COM VÍTIMA;FINALIZADA;SANTO AMARO;AV JOAO DE BARROS;;;SANTO AMARO;;;COLISÃO LATERAL;1;1;0;0;0;0;0;0;0;2;0;Cruzamento;Nublado;Sem defeito;Perfeito estado;Seca;Perfeito estado;Faixa de pedestre;Outras;;Única;Faixa seccionada;;
202230996;24/12/2022;;COM VÍTIMA;FINALIZADA;BOA VIAGEM;RUA RIBEIRO DE BRITO;1084;;BOA VIAGEM;;;COLISÃO FRONTAL;1;1;0;0;0;0;0;0;0;1;0;Cruzamento;Bom;Não existe;Perfeito estado;Seca;Perfeito estado;Faixa de pedestre;"Placas ""Pare""";60 km/h;Dupla;Faixa contínua;;
202231000;24/12/2022;;COM VÍTIMA;FINALIZADA;MACAXEIRA;AV NORTE MIGUEL ARRAES DE ALENCAR;;;MACAXEIRA;;;COLISÃO LATERAL;0;2;0;0;0;0;0;0;0;2;0;Esquina;Bom;Sem defeito;Perfeito estado;Seca;Perfeito estado;Faixa de pedestre;R-6a;60 km/h;Dupla;Faixa seccionada;Canteiro central;
202231017;24/12/2022;;COM VÍTIMA;FINALIZADA;BOA VIAGEM;AV CONSELHEIRO AGUIAR;;;BOA VIAGEM;;;QUEDA;0;1;0;0;0;0;0;0;0;1;0;Longo da via;Bom;Não existe;Perfeito estado;Seca;Perfeito estado;Não existe;R-6a;60 km/h;Única;Faixa seccionada;;
202231062;25/12/2022;;SEM VÍTIMA;FINALIZADA;IBURA;RUA RIO XINGU;115;;IBURA;;SUBURBIO;COLISÃO FRONTAL;0;1;0;0;0;0;0;1;0;0;0;Longo da via;Bom;Não existe;Não existente;Seca;Mal conservada;Não existe;Não há placas;;Dupla;Não existe;;
202231063;25/12/2022;;COM VÍTIMA;FINALIZADA;AREIAS;AV RECIFE;618;;AREIAS;;CAXANGA;COLISÃO TRASEIRA;1;1;0;0;0;0;0;0;0;1;0;Longo da via;Bom;Sem defeito;Perfeito estado;Seca;Perfeito estado;Faixa de pedestre;Não há placas;60 km/h;Dupla;Faixa contínua;;
202231088;25/12/2022;;COM VÍTIMA;FINALIZADA;IBURA;RUA VALE DO ITAJAI;;;IBURA;;;COLISÃO TRANSVERSAL;1;1;0;0;0;0;0;0;0;2;0;Longo da via;Bom;Não existe;Incompleta;Seca;Perfeito estado;Não existe;Não há placas;;Inglesa;Não existe;;
202231089;25/12/2022;;SEM VÍTIMA;FINALIZADA;;RUA LOURDES MARIA WANDERLEY PONTES;35;;;;;;0;1;0;0;0;0;0;1;0;0;0;Longo da via;Bom;Não existe;Não existente;Seca;Mal conservada;Não existe;Não há placas;;Dupla;Não existe;;
202231103;26/12/2022;;SEM VÍTIMA;FINALIZADA;IMBIRIBEIRA;AV MARECHAL MASCARENHAS DE MORAES;;;IMBIRIBEIRA;;SUBURBIO;CHOQUE;1;0;0;0;0;0;0;0;0;0;0;Longo da via;Bom;Não existe;Perfeito estado;Seca;Perfeito estado;Não existe;Outras;60 km/h;Única;Faixa seccionada;;
202231104;26/12/2022;;COM VÍTIMA;FINALIZADA;SÃO JOSÉ;AV SUL;S/N;;SÃO JOSÉ;;;COLISÃO LATERAL;1;1;0;0;0;0;0;0;0;1;0;Longo da via;Bom;Sem defeito;Perfeito estado;Seca;Perfeito estado;Outros;Não há placas;;Única;Faixa contínua;Canteiro central;
202231108;26/12/2022;;COM VÍTIMA;FINALIZADA;CASA AMARELA;AV NORTE MIGUEL ARRAES DE ALENCAR;5121;RUA BELA VISTA;CASA AMARELA;677;CIDADE;COLISÃO LATERAL;1;1;0;0;0;0;0;0;0;1;0;Cruzamento;Bom;Sem defeito;Perfeito estado;Seca;Mal conservada;Faixa de pedestre;Outras;;Dupla;Canteiro central;;
202231123;26/12/2022;;COM VÍTIMA;FINALIZADA;TAMARINEIRA;AV CONS ROSA E SILVA;;RUA CONEGO BARATA;TAMARINEIRA;;;COLISÃO TRASEIRA;1;0;0;0;0;1;0;0;0;2;0;Cruzamento;Bom;Sem defeito;Perfeito estado;Seca;Perfeito estado;Outros;R-4a;;Única;Canteiro central;;
202231158;26/12/2022;;COM VÍTIMA;FINALIZADA;BEBERIBE;AV BEBERIBE;;;BEBERIBE;;SUBURBIO;COLISÃO FRONTAL;1;1;0;0;0;0;0;0;0;1;0;Longo da via;Bom;Não existe;Perfeito estado;Seca;Perfeito estado;Não existe;Não há placas;60 km/h;Dupla;Faixa contínua;;
202231159;26/12/2022;;COM VÍTIMA;FINALIZADA;TOTÓ;AV LIBERDADE;;;TOTÓ;;;ATROPELAMENTO DE PESSOA;0;0;0;0;1;1;0;0;0;1;0;Longo da via;Bom;Não existe;Perfeito estado;Seca;Perfeito estado;Não existe;R-6a;;Dupla;Não existe;;
202231183;27/12/2022;;COM VÍTIMA;CANCELADA;BOA VIAGEM;AV HERCULANO BANDEIRA;;;BOA VIAGEM;;;COLISÃO TRASEIRA;0;2;0;0;0;0;0;0;0;1;0;;;;;;;;;;;;;
202231185;27/12/2022;;COM VÍTIMA;CANCELADA;IMBIRIBEIRA;RUA ARQUITETO LUIZ NUNES;1343;RUA PROCURADOR GALBA DE ALMEIDA MATOS;IMBIRIBEIRA;;;COLISÃO FRONTAL;1;1;0;0;0;0;0;0;0;1;0;;;;;;;;;;;;;
202231204;27/12/2022;;SEM VÍTIMA;FINALIZADA;BOA VIAGEM;AV ENGENHEIRO DOMINGOS FERREIRA;;;BOA VIAGEM;484;SUBURBIO;COLISÃO TRASEIRA;1;0;0;0;0;0;0;1;0;0;0;;Bom;Sem defeito;Perfeito estado;Seca;Perfeito estado;Não existe;Não há placas;;Única;Canteiro central;;
202231206;27/12/2022;;COM VÍTIMA;FINALIZADA;MADALENA;AV VISCONDE DE ALBUQUERQUE;;RUA LOPES DE CARVALHO;MADALENA;;;COLISÃO LATERAL;1;1;0;0;0;0;0;0;0;1;0;Cruzamento;Bom;Não existe;Perfeito estado;Seca;Perfeito estado;Não existe;"Placas ""Pare""";;Única;Não existe;;
202231207;27/12/2022;;COM VÍTIMA;FINALIZADA;TORRE;RUA JOSE BONIFACIO;70;;TORRE;;;COLISÃO LATERAL;1;0;0;0;0;0;0;1;0;1;0;Longo da via;Bom;Sem defeito;Perfeito estado;Seca;Perfeito estado;Faixa de pedestre;Outras;;Única;Canteiro central;;
202231210;27/12/2022;;SEM VÍTIMA;FINALIZADA;LINHA DO TIRO;RUA URIEL DE HOLANDA;245;;LINHA DO TIRO;;;;1;0;0;0;0;0;1;0;0;0;0;Longo da via;Bom;;Perfeito estado;Seca;Perfeito estado;Não existe;Não há placas;;Dupla;;;
202231222;27/12/2022;;COM VÍTIMA;FINALIZADA;CASA AMARELA;RUA PAULA BATISTA;188;;CASA AMARELA;;;COLISÃO LATERAL;2;0;0;0;0;0;0;0;0;1;0;Cruzamento;Bom;Não existe;Não existente;Seca;Perfeito estado;Não existe;Não há placas;;Dupla;Não existe;;
202231225;27/12/2022;;COM VÍTIMA;CANCELADA;CAMPO GRANDE;RUA ODORICO MENDES;;;CAMPO GRANDE;;;COLISÃO FRONTAL;1;1;0;0;0;0;0;0;0;1;0;;;;;;;;;;;;;
202231233;27/12/2022;;COM VÍTIMA;FINALIZADA;CASA FORTE;AV FLOR DE SANTANA;190;;CASA FORTE;;;COLISÃO LATERAL;1;1;0;0;0;0;0;0;0;1;0;Longo da via;Bom;Não existe;Incompleta;Seca;Perfeito estado;Não existe;Não há placas;;Dupla;Não existe;;
202231234;27/12/2022;;SEM VÍTIMA;FINALIZADA;ALTO JOSÉ BONIFÁCIO;RUA CORREGO DO EUCLIDES;641;;ALTO JOSÉ BONIFÁCIO;;CIDADE;CHOQUE;2;0;0;0;0;0;0;0;0;0;0;Longo da via;Chuvoso;Não existe;Não existente;Molhada;Mal conservada;Não existe;Não há placas;;Dupla;Não existe;;
202231246;27/12/2022;;SEM VÍTIMA;FINALIZADA;JORDÃO;RUA DR ALVARO FERRAZ;;RUA JOSE MARTORANO;JORDÃO;;;COLISÃO FRONTAL;1;1;0;0;0;0;0;0;0;0;0;;;;;;;;;;;;;
202231247;27/12/2022;;COM VÍTIMA;FINALIZADA;IMBIRIBEIRA;VIADUTO TANCREDO NEVES;;;IMBIRIBEIRA;;;COLISÃO TRASEIRA;1;1;0;0;0;0;0;0;0;1;0;Longo da via;Bom;Não existe;Perfeito estado;Seca;Perfeito estado;Não existe;Não há placas;;Única;Faixa seccionada;Canteiro central;
202231287;28/12/2022;;SEM VÍTIMA;FINALIZADA;;RUA SANTA RITA;190;;;;CIDADE;COLISÃO TRASEIRA;2;0;0;0;0;0;0;0;0;0;0;Longo da via;Bom;Não existe;Perfeito estado;Seca;Perfeito estado;Não existe;Não há placas;;Única;Não existe;;
202231323;28/12/2022;;COM VÍTIMA;FINALIZADA;BOMBA DO HEMETÉRIO;RUA CHA DE ALEGRIA;107;;BOMBA DO HEMETÉRIO;;;COLISÃO COM CICLISTA;0;0;0;1;0;1;0;0;0;1;0;Esquina;Bom;Não existe;Perfeito estado;Seca;Perfeito estado;Não existe;"Placas ""Pare""";;Dupla;Não existe;;
202231336;29/12/2022;;COM VÍTIMA;FINALIZADA;BOA VIAGEM;RUA CORONEL ANIZIO RODRIGUES COELHO;;RUA RIBEIRO DE BRITO;BOA VIAGEM;;;COLISÃO FRONTAL;0;0;0;0;0;0;0;0;0;1;0;Cruzamento;Chuvoso;Sem defeito;Perfeito estado;Molhada;Perfeito estado;Faixa de pedestre;;;Única;Faixa seccionada;;
202231354;29/12/2022;;SEM VÍTIMA;FINALIZADA;LINHA DO TIRO;RUA URIEL DE HOLANDA;1252;;LINHA DO TIRO;641;;;1;0;0;0;0;0;1;0;0;0;0;Longo da via;Bom;Sem defeito;Ilegível;Seca;Mal conservada;Não existe;;30 km/h;Dupla;Não existe;;
202231374;29/12/2022;;COM VÍTIMA;CANCELADA;BOA VIAGEM;AV CONSELHEIRO AGUIAR;456;;BOA VIAGEM;;;COLISÃO LATERAL;1;1;0;0;0;0;0;0;0;1;0;;;;;;;;;;;;;
202231376;29/12/2022;;COM VÍTIMA;FINALIZADA;ENGENHO DO MEIO;RUA JOSE DOS SANTOS;27;;ENGENHO DO MEIO;;;COLISÃO LATERAL;2;0;0;0;0;0;0;0;0;1;0;;;;;;;;;;;;;
202231387;29/12/2022;;COM VÍTIMA;FINALIZADA;SANTO AMARO;RUA DOS PALMARES;;;SANTO AMARO;526;;COLISÃO LATERAL;1;1;0;0;0;0;0;0;0;2;0;Cruzamento;Bom;Sem defeito;Perfeito estado;Seca;Perfeito estado;Faixa de pedestre;;;Única;Faixa seccionada;;
202231391;29/12/2022;;COM VÍTIMA;FINALIZADA;MACAXEIRA;AV NORTE MIGUEL ARRAES DE ALENCAR;;;MACAXEIRA;451;;COLISÃO FRONTAL;1;1;0;0;0;0;0;0;0;1;0;Longo da via;Bom;Sem defeito;Perfeito estado;Seca;Perfeito estado;;;20 km/h;Dupla;Faixa contínua;Canteiro central;
202231397;29/12/2022;;COM VÍTIMA;FINALIZADA;VÁRZEA;AV PROFESSOR ARTUR DE SA;240;;VÁRZEA;;;COLISÃO LATERAL;1;1;0;0;0;0;0;0;0;1;0;Longo da via;Bom;Não existe;Perfeito estado;Seca;Perfeito estado;Não existe;Não há placas;;Dupla;Faixa contínua;;
202231400;29/12/2022;;COM VÍTIMA;FINALIZADA;MADALENA;AV CAXANGA;1018;;MADALENA;;SUBURBIO;COLISÃO TRASEIRA;1;1;0;0;0;0;0;0;0;1;0;Longo da via;Bom;Não existe;Perfeito estado;Seca;Perfeito estado;Não existe;Outras;;Dupla;Canteiro central;;
202231411;29/12/2022;;COM VÍTIMA;CANCELADA;AREIAS;AV RECIFE;712;;AREIAS;;;QUEDA;0;1;0;0;0;0;0;0;0;1;0;;;;;;;;;;;;;
202231414;29/12/2022;;COM VÍTIMA;FINALIZADA;CORDEIRO;AV CAXANGA;;;CORDEIRO;;CIDADE;COLISÃO TRASEIRA;1;1;0;0;0;0;0;0;0;1;0;;;;;;;;;;;;;
202231415;29/12/2022;;SEM VÍTIMA;FINALIZADA;IBURA;AV DOM HELDER CAMARA;;;IBURA;;SUBURBIO;COLISÃO TRASEIRA;2;0;0;0;0;0;0;0;0;0;0;Longo da via;Bom;Não existe;Perfeito estado;Seca;Perfeito estado;Outros;;;Única;Faixa contínua;;
202231428;30/12/2022;;COM VÍTIMA;FINALIZADA;BEBERIBE;AV BEBERIBE;565;RUA DR EDUARDO WANDERLEY;BEBERIBE;480;CIDADE;COLISÃO LATERAL;1;1;0;0;0;0;0;0;0;2;0;Esquina;Bom;Sem defeito;Perfeito estado;Seca;Perfeito estado;Faixa de pedestre;R-19;60 km/h;Dupla;Faixa contínua;Faixa seccionada;
202231451;30/12/2022;;SEM VÍTIMA;FINALIZADA;SÃO JOSÉ;AV DANTAS BARRETO;1296;RUA DO PEIXOTO;SÃO JOSÉ;;SUBURBIO;CHOQUE;1;0;0;0;0;0;0;0;0;0;0;Longo da via;Bom;Sem defeito;Perfeito estado;Seca;Perfeito estado;Não existe;Não há placas;;Dupla;Canteiro central;;
202231475;30/12/2022;;COM VÍTIMA;CANCELADA;ILHA DO RETIRO;RUA SPORT CLUBE DO RECIFE;;;ILHA DO RETIRO;;;COLISÃO TRASEIRA;1;1;0;0;0;0;0;0;0;1;0;;;;;;;;;;;;;
202231478;30/12/2022;;COM VÍTIMA;FINALIZADA;CASA AMARELA;RUA PADRE LEMOS;;;CASA AMARELA;;SUBURBIO;ATROPELAMENTO DE PESSOA;1;0;0;0;1;0;0;0;0;1;0;Longo da via;Bom;Não existe;Perfeito estado;Seca;Mal conservada;Não existe;Outras;;Dupla;Não existe;;
202231486;30/12/2022;;SEM VÍTIMA;FINALIZADA;DERBY;RUA JORNALISTA PAULO BITTENCOURT;241;;DERBY;;SUBURBIO;COLISÃO TRASEIRA;1;0;0;0;0;0;0;1;0;0;0;Longo da via;Bom;Não existe;Perfeito estado;Seca;Perfeito estado;;;;;;;
202231499;30/12/2022;;SEM VÍTIMA;CANCELADA;CAMPO GRANDE;AV GOVERNADOR AGAMENON MAGALHAES;;;CAMPO GRANDE;;CIDADE;COLISÃO LATERAL;0;1;0;0;0;0;0;1;0;0;0;;;;;;;;;;;;;
202231500;30/12/2022;;SEM VÍTIMA;FINALIZADA;PAISSANDU;PTE JOSE DE BARROS LIMA;;;PAISSANDU;;SUBURBIO;COLISÃO LATERAL;1;0;0;0;0;0;1;0;0;0;0;;;;;;;;;;;;;
202231501;30/12/2022;;COM VÍTIMA;FINALIZADA;IBURA;AV DOIS RIOS;1059;;IBURA;323;SUBURBIO;COLISÃO LATERAL;1;1;0;0;0;0;0;0;0;1;0;Longo da via;Bom;Sem defeito;Ilegível;Seca;Perfeito estado;Faixa de pedestre;Não há placas;40 km/h;Dupla;Faixa contínua;;
202231504;30/12/2022;;COM VÍTIMA;CANCELADA;IBURA;AV DOIS RIOS;1289;;IBURA;;;COLISÃO FRONTAL;1;1;0;0;0;0;0;0;0;1;0;;;;;;;;;;;;;
202231512;31/12/2022;;COM VÍTIMA;FINALIZADA;IMBIRIBEIRA;AV MARECHAL MASCARENHAS DE MORAES;;;IMBIRIBEIRA;;SUBURBIO;COLISÃO FRONTAL;1;1;0;0;0;0;0;0;0;1;0;Longo da via;Bom;Não existe;Perfeito estado;Seca;Perfeito estado;Não existe;;;Única;Faixa seccionada;;
202231513;31/12/2022;;COM VÍTIMA;FINALIZADA;DERBY;PRC PROFESSOR AGEU MAGALHAES;;;DERBY;;;COLISÃO FRONTAL;0;1;0;0;0;1;0;0;0;2;0;Longo da via;Bom;Sem defeito;Perfeito estado;Seca;Perfeito estado;Faixa de pedestre;Não há placas;;Única;;;
202231531;31/12/2022;;SEM VÍTIMA;FINALIZADA;BOA VISTA;AV GOVERNADOR AGAMENON MAGALHAES;2997;RUA DR LEOPOLDO LINS;BOA VISTA;78;SUBURBIO;;1;0;0;0;0;0;0;1;0;0;0;Cruzamento;Bom;Sem defeito;Perfeito estado;Seca;Perfeito estado;Não existe;Não há placas;;Única;Canteiro central;;
202231535;31/12/2022;;COM VÍTIMA;FINALIZADA;CABANGA;AV SATURNINO DE BRITO;401;;CABANGA;661;SUBURBIO;COLISÃO LATERAL;1;1;0;0;0;0;0;0;0;1;0;Longo da via;Bom;Sem defeito;Perfeito estado;Seca;Perfeito estado;Faixa de pedestre;R-19;60 km/h;Única;Faixa seccionada;;
202231553;31/12/2022;;COM VÍTIMA;FINALIZADA;CABANGA;VIADUTO CAPITAO TEMUDO;;;CABANGA;;SUBURBIO;COLISÃO TRANSVERSAL;0;2;0;0;0;0;0;0;0;3;0;Longo da via;Chuvoso;Não existe;Perfeito estado;Molhada;Perfeito estado;Não existe;Não há placas;;Dupla;Faixa seccionada;;
202231555;31/12/2022;;SEM VÍTIMA;CANCELADA;LINHA DO TIRO;RUA ALTO DO TIRO;;;LINHA DO TIRO;;;COLISÃO LATERAL;1;1;0;0;0;0;0;0;0;0;0;;;;;;;;;;;;;